strategy,seed,trucks_per_brand,comm_latency,comm_loss,manual_rate,dump_time,priority_rule,shared_crusher,outage,fallback,throughput_per_h,throughput_A_per_h,throughput_B_per_h,brand_fairness,loader_utilisation,crusher_utilisation,cycle_time_mean_s,truck_delay_mean_s,truck_delay_p95_s,truck_delay_A_s,truck_delay_B_s,crusher_wait_A_s,crusher_wait_B_s,manual_delay_mean_s,manual_crossings,interventions_per_h,severe_interventions_per_h,hard_blocks,zone_utilisation,safety_violations,tag,messages_sent,messages_lost,grants_issued,lease_expiries,fallback_share
local,1,1,0.0,0.0,6.0,60.0,fifo,False,False,local,19.0,9.5,9.5,1.0,0.2936111111111111,0.16395833333333332,383.4864864864865,14.660526315789475,17.3,14.75263157894737,14.56842105263158,1.0,1.0,11.507575757575756,11,0.0,0.0,0,0.10111111111111111,0,local,,,,,
local,2,1,0.0,0.0,6.0,60.0,fifo,False,False,local,19.0,9.5,9.5,1.0,0.3065972222222222,0.1554861111111111,386.1621621621622,14.63421052631579,17.8,14.910526315789475,14.357894736842105,1.0,1.0,10.416666666666666,13,0.0,0.0,0,0.10222222222222223,0,local,,,,,
local,3,1,0.0,0.0,6.0,60.0,fifo,False,False,local,19.0,9.5,9.5,1.0,0.3085416666666667,0.15743055555555557,387.1621621621622,14.398666666666667,17.3,14.197297297297299,14.594736842105265,1.0,1.0,10.416666666666666,13,0.0,0.0,0,0.10097222222222223,0,local,,,,,
local,4,1,0.0,0.0,6.0,60.0,fifo,False,False,local,18.5,9.5,9.0,0.9473684210526315,0.3204166666666667,0.1552777777777778,394.4166666666667,14.440540540540542,17.3,14.494594594594595,14.386486486486488,1.0,1.0,10.416666666666666,12,0.0,0.0,0,0.09902777777777778,0,local,,,,,
local,5,1,0.0,0.0,6.0,60.0,fifo,False,False,local,18.5,9.0,9.5,0.9473684210526315,0.30951388888888887,0.15430555555555556,388.92105263157896,14.452000000000002,17.3,14.440540540540542,14.463157894736844,1.0,1.0,11.583333333333332,12,0.0,0.0,0,0.10041666666666667,0,local,,,,,
local,6,1,0.0,0.0,6.0,60.0,fifo,False,False,local,19.0,9.5,9.5,1.0,0.30354166666666665,0.15284722222222222,383.4166666666667,15.200000000000001,20.400000000000002,15.121052631578948,15.278947368421054,1.0,1.0,11.202380952380953,14,0.0,0.0,0,0.10277777777777777,0,local,,,,,
local,7,1,0.0,0.0,6.0,60.0,fifo,False,False,local,19.0,9.5,9.5,1.0,0.3016666666666667,0.15659722222222222,385.6756756756757,14.792105263157897,17.75,14.542105263157897,15.042105263157897,1.0,1.0,11.234848484848484,11,0.0,0.0,0,0.10111111111111111,0,local,,,,,
local,8,1,0.0,0.0,6.0,60.0,fifo,False,False,local,19.0,9.5,9.5,1.0,0.30437499999999995,0.15458333333333335,385.5,14.81842105263158,17.55,14.726315789473686,14.910526315789475,1.0,1.0,10.666666666666666,8,0.0,0.0,0,0.09944444444444445,0,local,,,,,
local,9,1,0.0,0.0,6.0,60.0,fifo,False,False,local,19.0,9.5,9.5,1.0,0.29708333333333337,0.15895833333333334,384.64864864864865,14.81842105263158,19.3,14.778947368421054,14.857894736842105,1.0,1.0,11.549999999999999,15,0.0,0.0,0,0.10333333333333333,0,local,,,,,
local,10,1,0.0,0.0,6.0,60.0,fifo,False,False,local,18.5,9.0,9.5,0.9473684210526315,0.3034722222222222,0.15875,388.42105263157896,15.35945945945946,22.17,15.683783783783785,15.035135135135135,1.0,1.0,11.988095238095237,14,0.0,0.0,0,0.10027777777777777,0,local,,,,,
local,11,1,0.0,0.0,6.0,60.0,fifo,False,False,local,18.5,9.0,9.5,0.9473684210526315,0.31354166666666666,0.15611111111111112,391.2972972972973,14.80810810810811,20.3,14.845945945945948,14.770270270270272,1.0,1.0,12.273809523809524,7,0.0,0.0,0,0.09638888888888889,0,local,,,,,
local,12,1,0.0,0.0,6.0,60.0,fifo,False,False,local,19.0,9.5,9.5,1.0,0.29486111111111113,0.1684027777777778,388.97222222222223,15.173684210526316,21.5,15.778947368421054,14.56842105263158,1.0,1.0,11.185897435897434,13,0.0,0.0,0,0.10166666666666667,0,local,,,,,
local,13,1,0.0,0.0,6.0,60.0,fifo,False,False,local,19.0,9.5,9.5,1.0,0.30090277777777774,0.15909722222222222,386.3157894736842,14.660526315789475,18.6,14.700000000000001,14.621052631578948,1.0,1.0,10.972222222222221,9,0.0,0.0,0,0.1,0,local,,,,,
local,14,1,0.0,0.0,6.0,60.0,fifo,False,False,local,19.0,9.5,9.5,1.0,0.3115972222222222,0.15597222222222223,388.5135135135135,14.492,17.3,14.278947368421054,14.710810810810813,1.0,1.0,11.647435897435896,13,0.0,0.0,0,0.10097222222222223,0,local,,,,,
local,15,1,0.0,0.0,6.0,60.0,fifo,False,False,local,18.5,9.5,9.0,0.9473684210526315,0.30333333333333334,0.16249999999999998,389.10526315789474,14.62972972972973,18.349999999999984,14.440540540540542,14.81891891891892,1.0,1.0,11.483333333333333,15,0.0,0.0,0,0.10083333333333333,0,local,,,,,
local,16,1,0.0,0.0,6.0,60.0,fifo,False,False,local,18.5,9.0,9.5,0.9473684210526315,0.3050694444444444,0.1626388888888889,391.18918918918916,14.791891891891893,17.92999999999999,14.27837837837838,15.305405405405406,1.0,1.0,10.416666666666666,11,0.0,0.0,0,0.09861111111111111,0,local,,,,,
local,17,1,0.0,0.0,6.0,60.0,fifo,False,False,local,19.0,9.5,9.5,1.0,0.30118055555555556,0.15875,386.86486486486484,14.700000000000001,20.3,14.75263157894737,14.647368421052633,1.0,1.0,13.627192982456139,19,0.0,0.0,0,0.10555555555555556,0,local,,,,,
local,18,1,0.0,0.0,6.0,60.0,fifo,False,False,local,18.5,9.5,9.0,0.9473684210526315,0.30194444444444446,0.1638888888888889,389.7027027027027,14.825333333333335,21.459999999999997,14.673684210526316,14.981081081081083,1.0,1.0,10.416666666666666,11,0.0,0.0,0,0.09986111111111111,0,local,,,,,
local,19,1,0.0,0.0,6.0,60.0,fifo,False,False,local,19.0,9.5,9.5,1.0,0.30090277777777774,0.15861111111111112,385.8378378378378,14.397368421052633,17.3,14.200000000000001,14.594736842105265,1.0,1.0,11.416666666666666,14,0.0,0.0,0,0.10277777777777777,0,local,,,,,
local,20,1,0.0,0.0,6.0,60.0,fifo,False,False,local,18.5,9.5,9.0,0.9473684210526315,0.30854166666666666,0.155,387.0810810810811,14.572000000000001,17.899999999999995,14.463157894736844,14.683783783783785,1.0,1.0,11.541666666666666,8,0.0,0.0,0,0.09819444444444445,0,local,,,,,
central,1,1,0.0,0.0,6.0,60.0,fifo,False,False,local,20.5,10.0,10.5,0.9523809523809523,0.32493055555555556,0.17694444444444446,355.425,0.5938271604938282,0.3000000000000007,0.2219512195121962,0.9750000000000011,1.0,1.0,10.871212121212121,11,0.0,0.0,0,0.057916666666666665,0,central,12476.0,0.0,101.0,0.0,0.0
central,2,1,0.0,0.0,6.0,60.0,fifo,False,False,local,20.5,10.5,10.0,0.9523809523809523,0.3305555555555556,0.16666666666666669,356.675,1.571604938271606,11.100000000000001,0.6047619047619058,2.6128205128205138,1.0,1.0,10.955128205128204,13,0.0,0.0,0,0.06208333333333333,0,central,12541.0,0.0,106.0,0.0,0.0
central,3,1,0.0,0.0,6.0,60.0,fifo,False,False,local,20.0,10.0,10.0,1.0,0.33854166666666663,0.16993055555555556,358.525,0.6000000000000011,0.34999999999999787,0.8750000000000011,0.32500000000000107,1.0,1.0,10.801282051282051,13,0.0,0.0,0,0.05875,0,central,12451.0,0.0,107.0,0.0,0.0
central,4,1,0.0,0.0,6.0,60.0,fifo,False,False,local,20.0,10.0,10.0,1.0,0.3542361111111111,0.1676388888888889,366.4102564102564,0.317948717948719,0.3000000000000007,0.3051282051282062,0.3307692307692318,1.0,1.0,10.416666666666666,12,0.0,0.0,0,0.05541666666666667,0,central,12357.0,0.0,102.0,0.0,0.0
central,5,1,0.0,0.0,6.0,60.0,fifo,False,False,local,20.5,10.0,10.5,0.9523809523809523,0.33215277777777774,0.1726388888888889,357.7435897435897,0.8160493827160504,3.3000000000000007,0.45000000000000107,1.1731707317073181,1.0,1.0,10.75,12,0.0,0.0,0,0.05875,0,central,12445.0,0.0,102.0,0.0,0.0
central,6,1,0.0,0.0,6.0,60.0,fifo,False,False,local,20.5,10.5,10.0,0.9523809523809523,0.3336111111111111,0.16652777777777777,355.875,1.1271604938271615,4.300000000000001,0.7878048780487815,1.475000000000001,1.0,1.0,11.416666666666666,14,0.0,0.0,0,0.058888888888888886,0,central,12441.0,0.0,105.0,0.0,0.0
central,7,1,0.0,0.0,6.0,60.0,fifo,False,False,local,20.0,10.0,10.0,1.0,0.3334722222222222,0.16777777777777778,356.55,0.8037037037037048,0.3000000000000007,0.6853658536585376,0.925000000000001,1.0,1.0,11.871212121212121,11,0.0,0.0,0,0.059027777777777776,0,central,12498.0,0.0,102.0,0.0,0.0
central,8,1,0.0,0.0,6.0,60.0,fifo,False,False,local,20.0,10.0,10.0,1.0,0.33819444444444446,0.16652777777777777,357.025,0.6375000000000011,1.3599999999999866,0.4000000000000011,0.8750000000000011,1.0,1.0,11.166666666666666,8,0.0,0.0,0,0.05597222222222222,0,central,12477.0,0.0,99.0,0.0,0.0
central,9,1,0.0,0.0,6.0,60.0,fifo,False,False,local,20.0,10.0,10.0,1.0,0.33055555555555555,0.16875,357.15,1.0753086419753097,7.100000000000001,1.5634146341463426,0.5750000000000011,1.0,1.0,11.75,15,0.0,0.0,0,0.06166666666666667,0,central,12510.0,0.0,107.0,0.0,0.0
central,10,1,0.0,0.0,6.0,60.0,fifo,False,False,local,20.0,10.0,10.0,1.0,0.33291666666666664,0.17055555555555557,357.7,0.7500000000000011,4.399999999999995,1.075000000000001,0.42500000000000104,1.0,1.0,10.416666666666666,14,0.0,0.0,0,0.059444444444444446,0,central,12432.0,0.0,106.0,0.0,0.0
central,11,1,0.0,0.0,6.0,60.0,fifo,False,False,local,20.0,10.0,10.0,1.0,0.34097222222222223,0.17215277777777777,361.9230769230769,0.3375000000000011,0.3000000000000007,0.4750000000000011,0.20000000000000107,1.0,1.0,10.416666666666666,7,0.0,0.0,0,0.05458333333333333,0,central,12376.0,0.0,98.0,0.0,0.0
central,12,1,0.0,0.0,6.0,60.0,fifo,False,False,local,20.0,10.0,10.0,1.0,0.3300694444444444,0.1761111111111111,360.475,1.187500000000001,8.199999999999996,1.1750000000000012,1.200000000000001,1.0,1.0,11.185897435897434,13,0.0,0.0,0,0.06013888888888889,0,central,12496.0,0.0,105.0,0.0,0.0
central,13,1,0.0,0.0,6.0,60.0,fifo,False,False,local,20.0,10.0,10.0,1.0,0.33208333333333334,0.16875,356.775,0.5634146341463425,3.0600000000000036,0.3195121951219523,0.8073170731707328,1.0,1.0,10.972222222222221,9,0.0,0.0,0,0.05763888888888889,0,central,12442.0,0.0,99.0,0.0,0.0
central,14,1,0.0,0.0,6.0,60.0,fifo,False,False,local,20.0,10.0,10.0,1.0,0.34111111111111114,0.16499999999999998,358.0,0.4456790123456801,0.3000000000000007,0.24634146341463523,0.650000000000001,1.0,1.0,10.416666666666666,13,0.0,0.0,0,0.058888888888888886,0,central,12471.0,0.0,104.0,0.0,0.0
central,15,1,0.0,0.0,6.0,60.0,fifo,False,False,local,20.0,10.0,10.0,1.0,0.3352777777777778,0.17222222222222222,360.275,0.9750000000000011,4.339999999999998,0.5000000000000011,1.450000000000001,1.0,1.0,11.149999999999999,15,0.0,0.0,0,0.060833333333333336,0,central,12358.0,0.0,105.0,0.0,0.0
central,16,1,0.0,0.0,6.0,60.0,fifo,False,False,local,20.0,10.0,10.0,1.0,0.33895833333333336,0.1723611111111111,361.1794871794872,0.6250000000000011,1.3399999999999985,0.8250000000000011,0.42500000000000104,1.0,1.0,10.78030303030303,11,0.0,0.0,0,0.05736111111111111,0,central,12394.0,0.0,101.0,0.0,0.0
central,17,1,0.0,0.0,6.0,60.0,fifo,False,False,local,20.0,10.0,10.0,1.0,0.338125,0.16770833333333335,358.75,0.525000000000001,3.3000000000000007,0.5000000000000011,0.550000000000001,1.0,1.0,10.837719298245613,19,0.0,0.0,0,0.06180555555555556,0,central,12459.0,0.0,111.0,0.0,0.0
central,18,1,0.0,0.0,6.0,60.0,fifo,False,False,local,20.0,10.0,10.0,1.0,0.33395833333333336,0.17409722222222224,359.725,0.612500000000001,2.439999999999993,0.3500000000000011,0.8750000000000011,1.0,1.0,10.416666666666666,11,0.0,0.0,0,0.057916666666666665,0,central,12418.0,0.0,102.0,0.0,0.0
central,19,1,0.0,0.0,6.0,60.0,fifo,False,False,local,20.0,10.0,10.0,1.0,0.3319444444444445,0.16958333333333334,357.35,0.8901234567901245,7.100000000000001,1.575000000000001,0.2219512195121962,1.0,1.0,11.416666666666666,14,0.0,0.0,0,0.05986111111111111,0,central,12480.0,0.0,105.0,0.0,0.0
central,20,1,0.0,0.0,6.0,60.0,fifo,False,False,local,20.0,10.0,10.0,1.0,0.3359722222222222,0.17125,357.9230769230769,0.4750000000000011,0.33999999999999847,0.45000000000000107,0.5000000000000011,1.0,1.0,10.416666666666666,8,0.0,0.0,0,0.05555555555555555,0,central,12378.0,0.0,101.0,0.0,0.0
broker,1,1,1.0,0.05,6.0,60.0,fifo,False,False,local,20.5,10.0,10.5,0.9523809523809523,0.32493055555555556,0.17583333333333334,355.325,0.5691358024691369,4.300000000000001,0.6121951219512206,0.525000000000001,1.0,1.0,10.416666666666666,11,0.5,0.0,0,0.057916666666666665,0,broker,12595.0,643.0,91.0,0.0,0.0
broker,2,1,1.0,0.05,6.0,60.0,fifo,False,False,local,20.5,10.5,10.0,0.9523809523809523,0.3305555555555556,0.16923611111111111,354.475,0.4804878048780499,1.0600000000000036,0.7238095238095249,0.22500000000000106,1.0,1.0,10.647435897435896,13,0.0,0.0,0,0.05986111111111111,0,broker,12613.0,611.0,91.0,0.0,0.0
broker,3,1,1.0,0.05,6.0,60.0,fifo,False,False,local,20.0,10.0,10.0,1.0,0.33854166666666663,0.16743055555555555,359.0,0.800000000000001,4.4899999999999896,0.4750000000000011,1.125000000000001,1.0,1.0,11.801282051282051,13,0.0,0.0,0,0.06027777777777778,0,broker,12594.0,658.0,90.0,0.0,0.0
broker,4,1,1.0,0.05,6.0,60.0,fifo,False,False,local,20.0,10.0,10.0,1.0,0.35409722222222223,0.1676388888888889,367.1025641025641,0.6512820512820523,1.419999999999994,0.9461538461538472,0.3564102564102575,1.0,1.0,10.416666666666666,12,0.0,0.0,0,0.05708333333333333,0,broker,12461.0,610.0,88.0,0.0,0.0
broker,5,1,1.0,0.05,6.0,60.0,fifo,False,False,local,20.5,10.0,10.5,0.9523809523809523,0.333125,0.1726388888888889,356.64102564102564,0.34634146341463523,0.3000000000000007,0.4750000000000011,0.22380952380952487,1.0,1.0,11.166666666666666,12,0.0,0.0,0,0.057777777777777775,0,broker,12546.0,605.0,90.0,0.0,0.0
broker,6,1,1.0,0.05,6.0,60.0,fifo,False,False,local,20.5,10.5,10.0,0.9523809523809523,0.33215277777777774,0.16652777777777777,355.75,1.0414634146341475,7.060000000000004,1.275609756097562,0.8073170731707328,1.0,1.0,10.773809523809524,14,0.0,0.0,0,0.06125,0,broker,12627.0,687.0,91.0,0.0,0.0
broker,7,1,1.0,0.05,6.0,60.0,fifo,False,False,local,20.5,10.5,10.0,0.9523809523809523,0.3334722222222222,0.16805555555555557,356.1,0.606172839506174,1.3000000000000007,0.3439024390243913,0.8750000000000011,1.0,1.0,11.416666666666666,11,0.5,0.0,0,0.058611111111111114,0,broker,12579.0,646.0,90.0,0.0,0.0
broker,8,1,1.0,0.05,6.0,60.0,fifo,False,False,local,20.0,10.0,10.0,1.0,0.33819444444444446,0.1659027777777778,357.25,0.7500000000000011,3.539999999999987,0.675000000000001,0.8250000000000011,1.0,1.0,11.041666666666666,8,0.0,0.0,0,0.05625,0,broker,12601.0,606.0,90.0,0.0,0.0
broker,9,1,1.0,0.05,6.0,60.0,fifo,False,False,local,20.0,10.0,10.0,1.0,0.33055555555555555,0.17152777777777778,356.05,0.551219512195123,1.2900000000000014,0.5146341463414645,0.5878048780487816,1.0,1.0,10.883333333333333,15,0.5,0.0,0,0.06055555555555556,0,broker,12574.0,624.0,90.0,0.0,0.0
broker,10,1,1.0,0.05,6.0,60.0,fifo,False,False,local,20.0,10.0,10.0,1.0,0.33291666666666664,0.16875,357.8,0.7790123456790135,3.3000000000000007,0.4414634146341474,1.125000000000001,1.0,1.0,11.202380952380953,14,0.0,0.0,0,0.06069444444444445,0,broker,12583.0,624.0,90.0,0.0,0.0
broker,11,1,1.0,0.05,6.0,60.0,fifo,False,False,local,20.0,10.0,10.0,1.0,0.34048611111111116,0.17180555555555554,362.2307692307692,0.48750000000000104,1.3000000000000007,0.650000000000001,0.32500000000000107,1.0,1.0,10.559523809523808,7,0.0,0.0,0,0.05486111111111111,0,broker,12489.0,611.0,89.0,0.0,0.0
broker,12,1,1.0,0.05,6.0,60.0,fifo,False,False,local,20.0,10.0,10.0,1.0,0.3300694444444444,0.17569444444444443,360.35,1.137500000000001,8.159999999999998,1.750000000000001,0.525000000000001,1.0,1.0,10.493589743589743,13,0.0,0.0,0,0.06027777777777778,0,broker,12568.0,608.0,90.0,0.0,0.0
broker,13,1,1.0,0.05,6.0,60.0,fifo,False,False,local,20.0,10.0,10.0,1.0,0.33208333333333334,0.16881944444444447,356.775,0.5634146341463425,3.0100000000000064,0.3195121951219523,0.8073170731707328,1.0,1.0,10.416666666666666,9,0.5,0.0,0,0.058194444444444444,0,broker,12563.0,637.0,90.0,0.0,0.0
broker,14,1,1.0,0.05,6.0,60.0,fifo,False,False,local,20.0,10.0,10.0,1.0,0.34111111111111114,0.16499999999999998,358.05,0.4750000000000011,0.3000000000000007,0.24634146341463523,0.7153846153846164,1.0,1.0,10.416666666666666,13,0.5,0.0,0,0.05875,0,broker,12579.0,662.0,90.0,0.0,0.0
broker,15,1,1.0,0.05,6.0,60.0,fifo,False,False,local,20.0,10.0,10.0,1.0,0.3352777777777778,0.17222222222222222,359.55,0.6250000000000011,2.3099999999999894,0.37500000000000105,0.8750000000000011,1.0,1.0,11.216666666666667,15,0.0,0.0,0,0.05986111111111111,0,broker,12481.0,638.0,89.0,0.0,0.0
broker,16,1,1.0,0.05,6.0,60.0,fifo,False,False,local,20.0,10.0,10.0,1.0,0.339375,0.1723611111111111,361.3076923076923,0.6875000000000011,0.4499999999999922,0.675000000000001,0.7000000000000011,1.0,1.0,10.416666666666666,11,0.5,0.0,0,0.057777777777777775,0,broker,12542.0,629.0,89.0,0.0,0.0
broker,17,1,1.0,0.05,6.0,60.0,fifo,False,False,local,20.0,10.0,10.0,1.0,0.338125,0.16770833333333335,358.725,0.5197530864197542,3.3000000000000007,0.525000000000001,0.5146341463414645,1.0,1.0,10.837719298245613,19,1.5,0.0,0,0.06180555555555556,0,broker,12589.0,615.0,90.0,0.0,0.0
broker,18,1,1.0,0.05,6.0,60.0,fifo,False,False,local,20.0,10.0,10.0,1.0,0.33395833333333336,0.17409722222222224,360.4,0.9375000000000011,6.300000000000001,0.650000000000001,1.225000000000001,1.0,1.0,10.416666666666666,11,0.5,0.0,0,0.058888888888888886,0,broker,12538.0,598.0,89.0,0.0,0.0
broker,19,1,1.0,0.05,6.0,60.0,fifo,False,False,local,20.0,10.0,10.0,1.0,0.3319444444444445,0.169375,357.35,0.9148148148148159,6.300000000000001,1.4250000000000012,0.4170731707317084,1.0,1.0,11.916666666666666,14,0.0,0.0,0,0.06013888888888889,0,broker,12572.0,610.0,90.0,0.0,0.0
broker,20,1,1.0,0.05,6.0,60.0,fifo,False,False,local,20.0,10.0,10.0,1.0,0.33534722222222224,0.16895833333333332,359.0,0.9750000000000011,7.300000000000001,1.250000000000001,0.7000000000000011,1.0,1.0,10.416666666666666,8,0.0,0.0,0,0.0575,0,broker,12529.0,626.0,89.0,0.0,0.0
local,1,2,0.0,0.0,6.0,60.0,fifo,False,False,local,36.5,18.0,18.5,0.972972972972973,0.6223611111111111,0.3096527777777778,391.5342465753425,14.988435374149661,20.3,14.897260273972604,15.07837837837838,1.0,1.0,11.962121212121211,11,0.0,0.0,0,0.18986111111111112,0,local,,,,,
local,2,2,0.0,0.0,6.0,60.0,fifo,False,False,local,36.5,18.5,18.0,0.972972972972973,0.6123611111111111,0.3061111111111111,388.43243243243245,15.65945945945946,24.3,15.041333333333334,16.294520547945208,1.0,1.0,13.108974358974358,13,0.0,0.0,0,0.1934722222222222,0,local,,,,,
local,3,2,0.0,0.0,6.0,60.0,fifo,False,False,local,36.0,18.0,18.0,1.0,0.6275,0.3034027777777778,395.52054794520546,15.467123287671233,24.3,15.393150684931507,15.54109589041096,1.0,1.0,11.647435897435896,13,0.0,0.0,0,0.1897222222222222,0,local,,,,,
local,4,2,0.0,0.0,6.0,60.0,fifo,False,False,local,36.0,18.0,18.0,1.0,0.6330555555555555,0.3095833333333333,393.6216216216216,15.253424657534248,22.0,14.636986301369864,15.869863013698632,1.0,1.0,11.5,12,0.0,0.0,0,0.18916666666666668,0,local,,,,,
local,5,2,0.0,0.0,6.0,60.0,fifo,False,False,local,36.5,18.0,18.5,0.972972972972973,0.6225,0.3117361111111111,390.1333333333333,15.178911564625851,22.99999999999999,15.636986301369864,14.727027027027027,1.0,1.0,10.916666666666666,12,0.0,0.0,0,0.19055555555555556,0,local,,,,,
local,6,2,0.0,0.0,6.0,60.0,fifo,False,False,local,36.0,18.0,18.0,1.0,0.6209722222222223,0.30680555555555555,392.27027027027026,15.246575342465755,22.25,15.23972602739726,15.253424657534248,1.0,1.0,12.416666666666666,14,0.0,0.0,0,0.19027777777777777,0,local,,,,,
local,7,2,0.0,0.0,6.0,60.0,fifo,False,False,local,36.5,18.5,18.0,0.972972972972973,0.6303472222222222,0.3027777777777778,392.9189189189189,15.542465753424658,22.3,15.07837837837838,16.019444444444446,1.0,1.0,13.053030303030303,11,0.0,0.0,0,0.1897222222222222,0,local,,,,,
local,8,2,0.0,0.0,6.0,60.0,fifo,False,False,local,36.5,18.5,18.0,0.972972972972973,0.6243055555555556,0.3007638888888889,395.1666666666667,16.25448275862069,27.05999999999998,15.91095890410959,16.602777777777778,1.0,1.0,13.291666666666666,8,0.0,0.0,0,0.18569444444444444,0,local,,,,,
local,9,2,0.0,0.0,6.0,60.0,fifo,False,False,local,36.0,18.0,18.0,1.0,0.6116666666666667,0.3109722222222222,394.7162162162162,15.447586206896553,23.3,14.664383561643836,16.241666666666667,1.0,1.0,12.016666666666666,15,0.0,0.0,0,0.18958333333333333,0,local,,,,,
local,10,2,0.0,0.0,6.0,60.0,fifo,False,False,local,36.5,18.0,18.5,0.972972972972973,0.6147916666666666,0.304375,392.31081081081084,15.525850340136055,23.99999999999999,15.582191780821919,15.470270270270271,1.0,1.0,13.13095238095238,14,0.0,0.0,0,0.19180555555555556,0,local,,,,,
local,11,2,0.0,0.0,6.0,60.0,fifo,False,False,local,36.0,18.0,18.0,1.0,0.6153472222222223,0.3115277777777778,390.77027027027026,15.26734693877551,22.1,14.80810810810811,15.732876712328768,1.0,1.0,12.70238095238095,7,0.0,0.0,0,0.18694444444444444,0,local,,,,,
local,12,2,0.0,0.0,6.0,60.0,fifo,False,False,local,36.5,18.5,18.0,0.972972972972973,0.6018749999999999,0.3170138888888889,391.44594594594594,15.79795918367347,22.99999999999999,16.253424657534246,15.34864864864865,1.0,1.0,12.57051282051282,13,0.0,0.0,0,0.19208333333333333,0,local,,,,,
local,13,2,0.0,0.0,6.0,60.0,fifo,False,False,local,37.0,18.5,18.5,1.0,0.6102777777777777,0.30993055555555554,389.2,15.804761904761905,24.24,15.700000000000001,15.91095890410959,1.0,1.0,10.638888888888888,9,0.0,0.0,0,0.18875,0,local,,,,,
local,14,2,0.0,0.0,6.0,60.0,fifo,False,False,local,36.0,18.0,18.0,1.0,0.6269444444444445,0.30895833333333333,391.7432432432432,15.719178082191782,26.3,15.486301369863014,15.95205479452055,1.0,1.0,12.416666666666666,13,0.0,0.0,0,0.1897222222222222,0,local,,,,,
local,15,2,0.0,0.0,6.0,60.0,fifo,False,False,local,36.0,18.0,18.0,1.0,0.6190277777777777,0.3105555555555556,392.53333333333336,15.068493150684933,21.85,15.568493150684933,14.568493150684933,1.0,1.0,11.283333333333333,15,0.0,0.0,0,0.19083333333333333,0,local,,,,,
local,16,2,0.0,0.0,6.0,60.0,fifo,False,False,local,36.5,18.0,18.5,0.972972972972973,0.614375,0.31375,391.4864864864865,15.245945945945946,22.3,15.623287671232879,14.878666666666668,1.0,1.0,11.507575757575758,11,0.0,0.0,0,0.19027777777777777,0,local,,,,,
local,17,2,0.0,0.0,6.0,60.0,fifo,False,False,local,36.5,18.5,18.0,0.972972972972973,0.6215277777777778,0.3056944444444445,390.47297297297297,14.975675675675676,20.820000000000007,14.812000000000001,15.143835616438357,1.0,1.0,12.469298245614034,19,0.0,0.0,0,0.19555555555555557,0,local,,,,,
local,18,2,0.0,0.0,6.0,60.0,fifo,False,False,local,36.5,18.5,18.0,0.972972972972973,0.605,0.32013888888888886,390.74666666666667,15.41095890410959,23.0,15.198630136986303,15.623287671232879,1.0,1.0,11.325757575757574,11,0.0,0.0,0,0.18861111111111112,0,local,,,,,
local,19,2,0.0,0.0,6.0,60.0,fifo,False,False,local,36.5,18.5,18.0,0.972972972972973,0.6244444444444445,0.3056944444444445,392.2432432432432,15.232876712328768,22.25,15.102739726027398,15.363013698630137,1.0,1.0,13.63095238095238,14,0.0,0.0,0,0.19027777777777777,0,local,,,,,
local,20,2,0.0,0.0,6.0,60.0,fifo,False,False,local,36.0,18.0,18.0,1.0,0.6184722222222222,0.30875,392.18918918918916,15.582191780821919,24.05,15.787671232876713,15.376712328767125,1.0,1.0,11.666666666666666,8,0.0,0.0,0,0.18694444444444444,0,local,,,,,
central,1,2,0.0,0.0,6.0,60.0,fifo,False,False,local,39.0,19.5,19.5,1.0,0.6663888888888889,0.3359722222222222,364.5189873417722,1.698734177215191,11.420000000000005,1.1487179487179497,2.235000000000001,1.0,1.0,11.871212121212121,11,0.0,0.0,0,0.11583333333333333,0,central,16624.0,0.0,186.0,0.0,0.0
central,2,2,0.0,0.0,6.0,60.0,fifo,False,False,local,40.0,20.0,20.0,1.0,0.6560416666666666,0.3310416666666667,360.15,1.950000000000001,13.3,1.5444444444444456,2.3658227848101276,1.0,1.0,11.416666666666666,13,0.0,0.0,0,0.11930555555555555,0,central,16764.0,0.0,192.0,0.0,0.0
central,3,2,0.0,0.0,6.0,60.0,fifo,False,False,local,39.5,19.5,20.0,0.975,0.6726388888888889,0.3325694444444445,366.1392405063291,1.143312101910829,7.459999999999992,0.7000000000000011,1.5810126582278492,1.0,1.0,11.108974358974358,13,0.0,0.0,0,0.11152777777777778,0,central,16522.0,0.0,192.0,0.0,0.0
central,4,2,0.0,0.0,6.0,60.0,fifo,False,False,local,39.0,19.5,19.5,1.0,0.6764583333333334,0.33243055555555556,366.7721518987342,1.7853503184713386,9.65999999999998,2.712820512820514,0.869620253164558,1.0,1.0,11.833333333333332,12,0.0,0.0,0,0.11541666666666667,0,central,16544.0,0.0,187.0,0.0,0.0
central,5,2,0.0,0.0,6.0,60.0,fifo,False,False,local,40.0,20.0,20.0,1.0,0.6688194444444444,0.3411805555555556,360.26582278481015,0.9062500000000011,6.339999999999987,1.025000000000001,0.7875000000000011,1.0,1.0,11.25,12,0.0,0.0,0,0.1123611111111111,0,central,16619.0,0.0,190.0,0.0,0.0
central,6,2,0.0,0.0,6.0,60.0,fifo,False,False,local,39.0,19.5,19.5,1.0,0.6590972222222222,0.3356944444444444,367.0128205128205,2.0656050955414025,14.3,1.3886075949367098,2.751282051282052,1.0,1.0,14.559523809523808,14,0.0,0.0,0,0.1175,0,central,16672.0,0.0,188.0,0.0,0.0
central,7,2,0.0,0.0,6.0,60.0,fifo,False,False,local,39.5,20.0,19.5,0.975,0.6723611111111112,0.33013888888888887,364.59493670886076,1.168354430379748,7.130000000000003,0.987500000000001,1.3538461538461548,1.0,1.0,11.053030303030303,11,0.0,0.0,0,0.11263888888888889,0,central,16523.0,0.0,187.0,0.0,0.0
central,8,2,0.0,0.0,6.0,60.0,fifo,False,False,local,39.5,20.0,19.5,0.975,0.6696527777777779,0.3244444444444444,366.0759493670886,1.9955414012738864,13.3,2.0721518987341785,1.917948717948719,1.0,1.0,10.791666666666666,8,0.0,0.0,0,0.11611111111111111,0,central,16663.0,0.0,185.0,0.0,0.0
central,9,2,0.0,0.0,6.0,60.0,fifo,False,False,local,39.5,20.0,19.5,0.975,0.6525000000000001,0.33895833333333336,365.8101265822785,1.5164556962025326,9.3,0.8125000000000011,2.2384615384615394,1.0,1.0,11.616666666666665,15,0.0,0.0,0,0.11527777777777778,0,central,16577.0,0.0,192.0,0.0,0.0
central,10,2,0.0,0.0,6.0,60.0,fifo,False,False,local,39.5,19.5,20.0,0.975,0.6701388888888888,0.32909722222222226,364.0632911392405,1.0273885350318481,5.499999999999979,0.8949367088607606,1.1615384615384625,1.0,1.0,11.059523809523808,14,0.0,0.0,0,0.11208333333333333,0,central,16595.0,0.0,191.0,0.0,0.0
central,11,2,0.0,0.0,6.0,60.0,fifo,False,False,local,40.0,20.0,20.0,1.0,0.6604861111111111,0.3379861111111111,362.8987341772152,0.7772151898734188,2.2800000000000082,0.47974683544303903,1.0746835443037985,1.0,1.0,11.559523809523808,7,0.0,0.0,0,0.10652777777777778,0,central,16538.0,0.0,185.0,0.0,0.0
central,12,2,0.0,0.0,6.0,60.0,fifo,False,False,local,40.0,20.0,20.0,1.0,0.6491666666666667,0.34284722222222225,360.5125,1.606250000000001,9.339999999999987,1.6555555555555566,1.5556962025316465,1.0,1.0,11.801282051282051,13,0.0,0.0,0,0.11666666666666667,0,central,16670.0,0.0,192.0,0.0,0.0
central,13,2,0.0,0.0,6.0,60.0,fifo,False,False,local,40.0,20.0,20.0,1.0,0.6490972222222222,0.3343055555555555,361.55,1.9372670807453427,12.100000000000001,1.9024691358024701,1.972500000000001,1.0,1.0,11.527777777777777,9,0.0,0.0,0,0.11805555555555555,0,central,16721.0,0.0,186.0,0.0,0.0
central,14,2,0.0,0.0,6.0,60.0,fifo,False,False,local,40.0,20.0,20.0,1.0,0.6780555555555556,0.33499999999999996,362.4625,0.9974683544303808,6.300000000000001,0.9500000000000011,1.0461538461538473,1.0,1.0,10.801282051282051,13,0.0,0.0,0,0.11263888888888889,0,central,16592.0,0.0,190.0,0.0,0.0
central,15,2,0.0,0.0,6.0,60.0,fifo,False,False,local,39.5,19.5,20.0,0.975,0.6640972222222221,0.33875,363.39240506329116,1.0672955974842777,6.379999999999996,1.008860759493672,1.125000000000001,1.0,1.0,11.083333333333332,15,0.0,0.0,0,0.11444444444444445,0,central,16509.0,0.0,191.0,0.0,0.0
central,16,2,0.0,0.0,6.0,60.0,fifo,False,False,local,39.5,19.5,20.0,0.975,0.6697916666666667,0.3384027777777778,362.6455696202532,1.419496855345913,9.379999999999995,1.0215189873417732,1.812500000000001,1.0,1.0,12.234848484848484,11,0.0,0.0,0,0.11569444444444445,0,central,16656.0,0.0,188.0,0.0,0.0
central,17,2,0.0,0.0,6.0,60.0,fifo,False,False,local,39.5,20.0,19.5,0.975,0.6645833333333333,0.3320138888888889,362.3,1.548101265822786,11.430000000000014,1.4670886075949379,1.629113924050634,1.0,1.0,11.62719298245614,19,0.0,0.0,0,0.11875,0,central,16666.0,0.0,197.0,0.0,0.0
central,18,2,0.0,0.0,6.0,60.0,fifo,False,False,local,40.0,20.0,20.0,1.0,0.6497222222222222,0.34506944444444443,363.0632911392405,1.9477987421383658,14.3,2.249367088607596,1.650000000000001,1.0,1.0,11.325757575757574,11,0.0,0.0,0,0.11791666666666667,0,central,16578.0,0.0,187.0,0.0,0.0
central,19,2,0.0,0.0,6.0,60.0,fifo,False,False,local,40.0,20.0,20.0,1.0,0.663125,0.3352777777777778,363.2151898734177,1.87579617834395,14.459999999999992,1.9860759493670896,1.7641025641025652,1.0,1.0,12.63095238095238,14,0.0,0.0,0,0.11625,0,central,16636.0,0.0,191.0,0.0,0.0
central,20,2,0.0,0.0,6.0,60.0,fifo,False,False,local,40.0,20.0,20.0,1.0,0.6656944444444445,0.3388888888888889,361.72151898734177,1.198113207547171,7.300000000000001,1.1350000000000011,1.2620253164556974,1.0,1.0,11.541666666666666,8,0.0,0.0,0,0.11180555555555556,0,central,16542.0,0.0,187.0,0.0,0.0
broker,1,2,1.0,0.05,6.0,60.0,fifo,False,False,local,39.0,19.5,19.5,1.0,0.6660416666666666,0.33381944444444445,365.26582278481015,1.6797468354430392,13.130000000000003,1.2240506329113934,2.1354430379746847,1.0,1.0,11.507575757575756,11,0.0,0.0,0,0.115,0,broker,16841.0,869.0,174.0,0.0,0.0
broker,2,2,1.0,0.05,6.0,60.0,fifo,False,False,local,40.0,20.0,20.0,1.0,0.6559027777777777,0.3322222222222222,360.60759493670884,1.8534591194968564,11.3,1.3222222222222233,2.4051282051282064,1.0,1.0,13.032051282051281,13,0.5,0.0,0,0.11791666666666667,0,broker,16923.0,821.0,176.0,0.0,0.0
broker,3,2,1.0,0.05,6.0,60.0,fifo,False,False,local,39.5,19.5,20.0,0.975,0.6727083333333332,0.3300694444444444,366.55696202531647,1.2006369426751602,8.339999999999987,1.4692307692307702,0.9354430379746846,1.0,1.0,11.108974358974358,13,0.5,0.0,0,0.1123611111111111,0,broker,16816.0,885.0,175.0,0.0,0.0
broker,4,2,1.0,0.05,6.0,60.0,fifo,False,False,local,39.5,20.0,19.5,0.975,0.6804861111111111,0.33444444444444443,364.62025316455697,1.440506329113925,8.550000000000018,0.6949367088607605,2.1860759493670896,1.0,1.0,13.583333333333332,12,0.5,0.0,0,0.11444444444444445,0,broker,16830.0,834.0,175.0,0.0,0.0
broker,5,2,1.0,0.05,6.0,60.0,fifo,False,False,local,40.0,20.0,20.0,1.0,0.6681944444444444,0.33993055555555557,360.9620253164557,1.125000000000001,7.339999999999987,1.525000000000001,0.7250000000000011,1.0,1.0,13.166666666666666,12,0.0,0.0,0,0.11333333333333333,0,broker,16841.0,821.0,177.0,0.0,0.0
broker,6,2,1.0,0.05,6.0,60.0,fifo,False,False,local,39.5,20.0,19.5,0.975,0.662986111111111,0.33805555555555555,364.61538461538464,1.2371069182389949,8.219999999999995,0.9888888888888899,1.494871794871796,1.0,1.0,13.273809523809522,14,0.5,0.0,0,0.11541666666666667,0,broker,16858.0,868.0,176.0,0.0,0.0
broker,7,2,1.0,0.05,6.0,60.0,fifo,False,False,local,39.5,20.0,19.5,0.975,0.6717361111111111,0.3291666666666667,366.0253164556962,1.5687898089171985,10.339999999999987,1.1125000000000012,2.042857142857144,1.0,1.0,13.143939393939393,11,1.0,0.0,0,0.11402777777777778,0,broker,16808.0,850.0,174.0,0.0,0.0
broker,8,2,1.0,0.05,6.0,60.0,fifo,False,False,local,39.5,20.0,19.5,0.975,0.6696527777777779,0.3244444444444444,367.7721518987342,2.61225806451613,14.3,2.6417721518987354,2.5815789473684223,1.0,1.0,12.291666666666666,8,1.0,0.0,0,0.11833333333333333,0,broker,16939.0,819.0,174.0,0.0,0.0
broker,9,2,1.0,0.05,6.0,60.0,fifo,False,False,local,39.5,20.0,19.5,0.975,0.6535416666666667,0.33895833333333336,366.4177215189873,1.5025316455696214,9.420000000000005,1.2367088607594947,1.7683544303797478,1.0,1.0,12.549999999999999,15,0.5,0.0,0,0.1175,0,broker,16780.0,836.0,174.0,0.0,0.0
broker,10,2,1.0,0.05,6.0,60.0,fifo,False,False,local,39.5,19.5,20.0,0.975,0.6704166666666667,0.32875,364.27848101265823,1.237579617834396,8.699999999999967,1.1607594936708872,1.3153846153846165,1.0,1.0,11.202380952380953,14,0.0,0.0,0,0.11416666666666667,0,broker,16835.0,836.0,174.0,0.0,0.0
broker,11,2,1.0,0.05,6.0,60.0,fifo,False,False,local,39.5,20.0,19.5,0.975,0.6549305555555556,0.33777777777777773,366.0253164556962,1.5653846153846165,10.100000000000001,1.1102564102564114,2.0205128205128218,1.0,1.0,11.416666666666666,7,0.5,0.0,0,0.11180555555555556,0,broker,16734.0,834.0,174.0,0.0,0.0
broker,12,2,1.0,0.05,6.0,60.0,fifo,False,False,local,40.0,20.0,20.0,1.0,0.6442361111111111,0.34020833333333333,362.43037974683546,2.062500000000001,16.3,2.1123456790123467,2.011392405063292,1.0,1.0,12.416666666666666,13,1.5,0.0,0,0.11986111111111111,0,broker,17010.0,824.0,177.0,0.0,0.0
broker,13,2,1.0,0.05,6.0,60.0,fifo,False,False,local,40.0,20.0,20.0,1.0,0.6483333333333333,0.3343055555555555,361.4125,2.3409937888198766,13.3,1.8530864197530874,2.835000000000001,1.0,1.0,10.416666666666666,9,0.5,0.0,0,0.12027777777777778,0,broker,17037.0,884.0,177.0,0.0,0.0
broker,14,2,1.0,0.05,6.0,60.0,fifo,False,False,local,39.5,20.0,19.5,0.975,0.6775,0.33368055555555554,363.6835443037975,1.3012658227848113,11.420000000000005,0.987500000000001,1.6230769230769242,1.0,1.0,12.262820512820513,13,1.5,0.0,0,0.11444444444444445,0,broker,16828.0,851.0,175.0,0.0,0.0
broker,15,2,1.0,0.05,6.0,60.0,fifo,False,False,local,39.5,19.5,20.0,0.975,0.6648611111111111,0.3375694444444445,363.1012658227848,0.7654088050314476,4.379999999999996,0.7556962025316466,0.775000000000001,1.0,1.0,10.483333333333333,15,1.0,0.0,0,0.1125,0,broker,16759.0,840.0,175.0,0.0,0.0
broker,16,2,1.0,0.05,6.0,60.0,fifo,False,False,local,39.5,19.5,20.0,0.975,0.6689583333333333,0.33743055555555557,363.32911392405066,1.1742138364779884,7.379999999999996,1.3000000000000012,1.0500000000000012,1.0,1.0,11.234848484848484,11,0.5,0.0,0,0.11333333333333333,0,broker,16820.0,851.0,176.0,0.0,0.0
broker,17,2,1.0,0.05,6.0,60.0,fifo,False,False,local,39.5,20.0,19.5,0.975,0.6616666666666666,0.3327777777777778,363.05,1.7126582278481024,12.100000000000001,1.720253164556963,1.7050632911392416,1.0,1.0,12.206140350877192,19,0.0,0.0,0,0.12055555555555555,0,broker,16890.0,828.0,175.0,0.0,0.0
broker,18,2,1.0,0.05,6.0,60.0,fifo,False,False,local,39.5,19.5,20.0,0.975,0.645,0.34125,365.9493670886076,2.6354430379746847,15.280000000000008,2.5784810126582287,2.6924050632911403,1.0,1.0,12.053030303030303,11,0.0,0.0,0,0.12194444444444444,0,broker,16930.0,823.0,174.0,0.0,0.0
broker,19,2,1.0,0.05,6.0,60.0,fifo,False,False,local,40.0,20.0,20.0,1.0,0.6636805555555556,0.3352777777777778,363.1518987341772,1.6620253164556973,11.3,1.7329113924050643,1.5911392405063303,1.0,1.0,12.273809523809524,14,0.5,0.0,0,0.11805555555555555,0,broker,16912.0,825.0,176.0,0.0,0.0
broker,20,2,1.0,0.05,6.0,60.0,fifo,False,False,local,39.0,19.5,19.5,1.0,0.658611111111111,0.3327777777777778,366.325,2.357324840764332,13.3,1.958227848101267,2.761538461538463,1.0,1.0,10.666666666666666,8,0.0,0.0,0,0.11902777777777777,0,broker,16878.0,839.0,174.0,0.0,0.0
local,1,3,0.0,0.0,6.0,60.0,fifo,False,False,local,54.0,27.0,27.0,1.0,0.9099999999999999,0.4486805555555555,401.60747663551405,16.46851851851852,26.3,16.542592592592595,16.394444444444446,1.0,1.0,13.416666666666666,11,0.0,0.0,0,0.2761111111111111,0,local,,,,,
local,2,3,0.0,0.0,6.0,60.0,fifo,False,False,local,54.5,27.0,27.5,0.9818181818181818,0.896875,0.44791666666666663,397.72222222222223,16.25115207373272,27.3,16.659633027522936,15.83888888888889,1.0,1.0,15.416666666666666,13,0.0,0.0,0,0.27847222222222223,0,local,,,,,
local,3,3,0.0,0.0,6.0,60.0,fifo,False,False,local,54.0,27.0,27.0,1.0,0.9184722222222222,0.45486111111111116,401.19444444444446,15.340186915887852,22.649999999999995,15.29433962264151,15.385185185185186,1.0,1.0,12.416666666666666,13,0.0,0.0,0,0.2747222222222222,0,local,,,,,
local,4,3,0.0,0.0,6.0,60.0,fifo,False,False,local,53.0,26.5,26.5,1.0,0.9079861111111112,0.44555555555555554,407.9626168224299,16.256603773584906,26.3,16.162264150943397,16.350943396226416,1.0,1.0,11.583333333333332,12,0.0,0.0,0,0.27166666666666667,0,local,,,,,
local,5,3,0.0,0.0,6.0,60.0,fifo,False,False,local,53.5,27.0,26.5,0.9814814814814815,0.90375,0.4536111111111111,402.9259259259259,15.896261682242992,26.3,15.70925925925926,16.08679245283019,1.0,1.0,11.25,12,0.0,0.0,0,0.27416666666666667,0,local,,,,,
local,6,3,0.0,0.0,6.0,60.0,fifo,False,False,local,54.0,27.0,27.0,1.0,0.9095138888888888,0.451875,401.49074074074076,16.287906976744186,27.3,15.931481481481482,16.64766355140187,1.0,1.0,15.059523809523808,14,0.0,0.0,0,0.27652777777777776,0,local,,,,,
local,7,3,0.0,0.0,6.0,60.0,fifo,False,False,local,54.0,27.0,27.0,1.0,0.9159027777777777,0.44791666666666663,399.97222222222223,15.046046511627909,21.3,14.922222222222222,15.171028037383179,1.0,1.0,11.598484848484848,11,0.0,0.0,0,0.2748611111111111,0,local,,,,,
local,8,3,0.0,0.0,6.0,60.0,fifo,False,False,local,53.5,26.5,27.0,0.9814814814814815,0.9208333333333334,0.44222222222222224,400.6788990825688,15.46851851851852,24.55,15.46851851851852,15.46851851851852,1.0,1.0,13.416666666666666,8,0.0,0.0,0,0.27444444444444444,0,local,,,,,
local,9,3,0.0,0.0,6.0,60.0,fifo,False,False,local,54.0,27.5,26.5,0.9636363636363636,0.8880555555555556,0.46576388888888887,402.77777777777777,16.509389671361504,28.099999999999955,16.237037037037037,16.78952380952381,1.0,1.0,13.95,15,0.0,0.0,0,0.27569444444444446,0,local,,,,,
local,10,3,0.0,0.0,6.0,60.0,fifo,False,False,local,53.0,26.5,26.5,1.0,0.9038194444444445,0.44652777777777775,405.3551401869159,16.457943925233646,27.579999999999995,16.05140186915888,16.864485981308412,1.0,1.0,14.488095238095237,14,0.0,0.0,0,0.2751388888888889,0,local,,,,,
local,11,3,0.0,0.0,6.0,60.0,fifo,False,False,local,54.0,27.0,27.0,1.0,0.9021527777777778,0.4552083333333333,400.99074074074076,16.093488372093024,27.3,16.014814814814816,16.172897196261683,1.0,1.1296296296296295,13.416666666666666,7,0.0,0.0,0,0.27375,0,local,,,,,
local,12,3,0.0,0.0,6.0,60.0,fifo,False,False,local,54.0,27.0,27.0,1.0,0.8814583333333333,0.4592361111111111,400.39252336448595,15.926851851851852,24.3,16.153703703703705,15.700000000000001,1.0,1.0,13.493589743589743,13,0.0,0.0,0,0.2772222222222222,0,local,,,,,
local,13,3,0.0,0.0,6.0,60.0,fifo,False,False,local,55.0,27.5,27.5,1.0,0.8902083333333333,0.4609722222222222,393.6909090909091,15.811415525114157,25.399999999999995,15.364220183486239,16.254545454545454,1.0,1.0,12.305555555555555,9,0.0,0.0,0,0.27875,0,local,,,,,
local,14,3,0.0,0.0,6.0,60.0,fifo,False,False,local,53.5,27.0,26.5,0.9814814814814815,0.9109027777777778,0.4509722222222222,404.287037037037,15.784112149532712,28.3,16.07962962962963,15.48301886792453,1.0,1.0,13.80128205128205,13,0.0,0.0,0,0.27375,0,local,,,,,
local,15,3,0.0,0.0,6.0,60.0,fifo,False,False,local,54.0,27.0,27.0,1.0,0.9025694444444444,0.46534722222222225,397.64220183486236,15.664976958525347,25.3,15.885185185185186,15.44678899082569,1.0,1.0,12.95,15,0.0,0.0,0,0.27902777777777776,0,local,,,,,
local,16,3,0.0,0.0,6.0,60.0,fifo,False,False,local,54.0,27.0,27.0,1.0,0.8998611111111111,0.4636111111111111,401.0642201834862,15.833023255813954,24.83999999999997,15.357407407407408,16.313084112149532,1.0,1.0,12.78030303030303,11,0.0,0.0,0,0.2748611111111111,0,local,,,,,
local,17,3,0.0,0.0,6.0,60.0,fifo,False,False,local,54.0,27.0,27.0,1.0,0.9076388888888889,0.45652777777777775,400.5462962962963,15.46,24.3,15.56355140186916,15.357407407407408,1.0,1.0,13.679824561403509,19,0.0,0.0,0,0.2802777777777778,0,local,,,,,
local,18,3,0.0,0.0,6.0,60.0,fifo,False,False,local,54.0,27.0,27.0,1.0,0.8976388888888889,0.46687500000000004,399.8703703703704,15.930555555555557,26.3,15.84392523364486,16.01559633027523,1.0,1.0,12.962121212121211,11,0.0,0.0,0,0.2761111111111111,0,local,,,,,
local,19,3,0.0,0.0,6.0,60.0,fifo,False,False,local,53.5,26.5,27.0,0.9814814814814815,0.8961805555555555,0.45152777777777775,404.2429906542056,15.957009345794393,26.1,15.954716981132076,15.95925925925926,1.0,1.0,14.988095238095237,14,0.0,0.0,0,0.2752777777777778,0,local,,,,,
local,20,3,0.0,0.0,6.0,60.0,fifo,False,False,local,54.0,27.0,27.0,1.0,0.9013888888888888,0.4543055555555555,400.4259259259259,16.77188940092166,28.3,16.89816513761468,16.644444444444446,1.0,1.0,14.666666666666664,8,0.0,0.0,0,0.2751388888888889,0,local,,,,,
central,1,3,0.0,0.0,6.0,60.0,fifo,False,False,local,56.5,28.0,28.5,0.9824561403508771,0.9586111111111111,0.47409722222222217,380.3157894736842,2.134361233480177,13.859999999999992,2.2716814159292045,1.9982456140350888,1.0,1.0,12.053030303030303,11,0.0,0.0,0,0.1676388888888889,0,central,20324.0,0.0,262.0,0.0,0.0
central,2,3,0.0,0.0,6.0,60.0,fifo,False,False,local,57.5,29.0,28.5,0.9827586206896551,0.9540972222222222,0.47673611111111114,375.23478260869564,2.4043478260869575,14.739999999999988,2.2789473684210537,2.5275862068965527,1.0,1.0,10.878205128205128,13,0.0,0.0,0,0.17305555555555555,0,central,20481.0,0.0,268.0,0.0,0.0
central,3,3,0.0,0.0,6.0,60.0,fifo,False,False,local,56.5,28.0,28.5,0.9824561403508771,0.9588194444444444,0.47833333333333333,383.69642857142856,1.3604444444444455,7.259999999999997,1.5303571428571439,1.1920353982300895,1.0,1.0,11.33974358974359,13,0.0,0.0,0,0.15930555555555556,0,central,20030.0,0.0,266.0,0.0,0.0
central,4,3,0.0,0.0,6.0,60.0,fifo,False,False,local,56.0,28.5,27.5,0.9649122807017544,0.9636111111111111,0.47375,383.16814159292034,2.067111111111112,11.939999999999987,1.612280701754387,2.534234234234235,1.0,1.0,11.666666666666666,12,0.0,0.0,0,0.16680555555555557,0,central,20084.0,0.0,260.0,0.0,0.0
central,5,3,0.0,0.0,6.0,60.0,fifo,False,False,local,56.0,28.5,27.5,0.9649122807017544,0.9522916666666666,0.4765277777777778,384.1607142857143,2.6004444444444457,15.100000000000001,2.243859649122808,2.9666666666666677,1.0,1.0,11.166666666666666,12,0.0,0.0,0,0.17152777777777778,0,central,20259.0,0.0,262.0,0.0,0.0
central,6,3,0.0,0.0,6.0,60.0,fifo,False,False,local,56.5,28.5,28.0,0.9824561403508771,0.9585416666666666,0.4801388888888889,378.4298245614035,1.9995633187772937,14.3,2.010344827586208,1.98849557522124,1.0,1.0,13.916666666666666,14,0.0,0.0,0,0.17,0,central,20326.0,0.0,266.0,0.0,0.0
central,7,3,0.0,0.0,6.0,60.0,fifo,False,False,local,57.0,28.5,28.5,1.0,0.9656944444444444,0.47354166666666664,379.17543859649123,0.9236842105263169,5.879999999999974,1.0421052631578958,0.8052631578947379,1.0,1.0,10.416666666666666,11,0.0,0.0,0,0.15666666666666668,0,central,20108.0,0.0,262.0,0.0,0.0
central,8,3,0.0,0.0,6.0,60.0,fifo,False,False,local,56.0,28.0,28.0,1.0,0.9597222222222221,0.4609722222222222,384.75,2.6795555555555564,14.939999999999987,2.7212389380530984,2.637500000000001,1.0,1.0,13.291666666666666,8,0.0,0.0,0,0.16625,0,central,20312.0,0.0,257.0,0.0,0.0
central,9,3,0.0,0.0,6.0,60.0,fifo,False,False,local,58.0,29.5,28.5,0.9661016949152542,0.9444444444444444,0.489375,378.89473684210526,1.7657894736842117,10.100000000000001,1.6827586206896563,1.8517857142857153,1.0,1.0,11.75,15,0.0,0.0,0,0.16722222222222222,0,central,20280.0,0.0,268.0,0.0,0.0
central,10,3,0.0,0.0,6.0,60.0,fifo,False,False,local,56.0,28.0,28.0,1.0,0.9546527777777778,0.4723611111111111,384.57894736842104,2.155357142857144,13.119999999999994,2.467857142857144,1.8428571428571439,1.0,1.0,12.345238095238095,14,0.0,0.0,0,0.1661111111111111,0,central,20160.0,0.0,262.0,0.0,0.0
central,11,3,0.0,0.0,6.0,60.0,fifo,False,False,local,57.5,29.0,28.5,0.9827586206896551,0.9539583333333332,0.47944444444444445,379.04424778761063,1.8633187772925774,11.100000000000001,1.5362068965517253,2.1991150442477885,1.0,1.2678571428571428,11.416666666666666,7,0.0,0.0,0,0.1651388888888889,0,central,20253.0,0.0,261.0,0.0,0.0
central,12,3,0.0,0.0,6.0,60.0,fifo,False,False,local,57.5,29.0,28.5,0.9827586206896551,0.9331944444444444,0.4828472222222222,377.96491228070175,1.660000000000001,10.28999999999997,1.5121739130434793,1.8078260869565228,1.0,1.0,11.57051282051282,13,0.0,0.0,0,0.1675,0,central,20295.0,0.0,268.0,0.0,0.0
central,13,3,0.0,0.0,6.0,60.0,fifo,False,False,local,59.5,29.5,30.0,0.9833333333333333,0.9481250000000001,0.49159722222222224,367.8119658119658,1.3818565400843892,7.699999999999978,1.6152542372881367,1.150420168067228,1.0,1.0338983050847457,11.638888888888888,9,0.0,0.0,0,0.16652777777777777,0,central,20570.0,0.0,268.0,0.0,0.0
central,14,3,0.0,0.0,6.0,60.0,fifo,False,False,local,56.0,28.5,27.5,0.9649122807017544,0.9593055555555555,0.47173611111111113,384.0982142857143,1.9743362831858418,13.55,1.9017543859649133,2.0482142857142867,1.0,1.0,11.33974358974359,13,0.0,0.0,0,0.16569444444444445,0,central,20086.0,0.0,262.0,0.0,0.0
central,15,3,0.0,0.0,6.0,60.0,fifo,False,False,local,57.5,28.5,29.0,0.9827586206896551,0.9546527777777778,0.489375,377.39473684210526,2.5707423580786037,14.3,2.2526315789473697,2.88608695652174,1.0,1.1228070175438596,12.883333333333333,15,0.0,0.0,0,0.1701388888888889,0,central,20387.0,0.0,267.0,0.0,0.0
central,16,3,0.0,0.0,6.0,60.0,fifo,False,False,local,57.0,28.5,28.5,1.0,0.9541666666666666,0.4872222222222222,379.83185840707966,1.5640350877192992,11.819999999999983,1.6561403508771941,1.4719298245614045,1.0175438596491229,1.0,10.416666666666666,11,0.0,0.0,0,0.1625,0,central,20101.0,0.0,262.0,0.0,0.0
central,17,3,0.0,0.0,6.0,60.0,fifo,False,False,local,57.0,28.5,28.5,1.0,0.9546527777777778,0.4807638888888889,381.7456140350877,1.5716814159292045,13.3,1.4321428571428583,1.7087719298245625,1.0,1.0,11.732456140350877,19,0.0,0.0,0,0.16555555555555557,0,central,20205.0,0.0,270.0,0.0,0.0
central,18,3,0.0,0.0,6.0,60.0,fifo,False,False,local,57.0,28.5,28.5,1.0,0.9547222222222222,0.4938194444444445,377.8782608695652,1.8842105263157904,11.819999999999983,1.7614035087719309,2.00701754385965,1.0,1.0,12.053030303030303,11,0.0,0.0,0,0.16569444444444445,0,central,20208.0,0.0,263.0,0.0,0.0
central,19,3,0.0,0.0,6.0,60.0,fifo,False,False,local,56.5,28.0,28.5,0.9824561403508771,0.9561111111111111,0.476875,379.92105263157896,2.235087719298247,12.100000000000001,2.454385964912282,2.0157894736842117,1.0,1.0,12.70238095238095,14,0.0,0.0,0,0.17166666666666666,0,central,20265.0,0.0,264.0,0.0,0.0
central,20,3,0.0,0.0,6.0,60.0,fifo,False,False,local,57.0,28.5,28.5,1.0,0.9513888888888888,0.48034722222222226,379.640350877193,1.979295154185023,12.699999999999978,1.924778761061948,2.0333333333333345,1.0,1.0,13.041666666666666,8,0.0,0.0,0,0.16402777777777777,0,central,20165.0,0.0,261.0,0.0,0.0
broker,1,3,1.0,0.05,6.0,60.0,fifo,False,False,local,56.5,28.0,28.5,0.9824561403508771,0.9582638888888889,0.4736111111111111,380.44736842105266,2.922907488986785,16.3,2.9000000000000012,2.9456140350877202,1.0,1.0,11.78030303030303,11,0.5,0.0,0,0.17597222222222222,0,broker,20851.0,1087.0,250.0,0.0,0.0
broker,2,3,1.0,0.05,6.0,60.0,fifo,False,False,local,57.0,28.5,28.5,1.0,0.9494444444444444,0.47444444444444445,376.5263157894737,2.9956521739130446,17.3,2.656140350877194,3.3293103448275874,1.0,1.0,13.33974358974359,13,1.5,0.0,0,0.17666666666666667,0,broker,20932.0,1013.0,252.0,0.0,0.0
broker,3,3,1.0,0.05,6.0,60.0,fifo,False,False,local,56.0,28.0,28.0,1.0,0.9566666666666667,0.47618055555555555,384.3063063063063,2.4137777777777787,14.099999999999984,2.2892857142857155,2.5371681415929213,1.0,1.0,12.33974358974359,13,1.0,0.0,0,0.16791666666666666,0,broker,20606.0,1069.0,248.0,0.0,0.0
broker,4,3,1.0,0.05,6.0,60.0,fifo,False,False,local,56.5,28.5,28.0,0.9824561403508771,0.9644444444444444,0.4738888888888889,382.83185840707966,2.0008849557522135,11.3,1.9543859649122817,2.0482142857142867,1.0,1.0,11.166666666666666,12,1.0,0.0,0,0.16722222222222222,0,broker,20461.0,1013.0,247.0,0.0,0.0
broker,5,3,1.0,0.05,6.0,60.0,fifo,False,False,local,56.0,28.5,27.5,0.9649122807017544,0.9522916666666668,0.4768055555555556,383.91150442477874,2.8004444444444454,16.259999999999998,2.612280701754387,2.993693693693695,1.0,1.0,12.833333333333332,12,1.5,0.0,0,0.17472222222222222,0,broker,20714.0,1017.0,248.0,0.0,0.0
broker,6,3,1.0,0.05,6.0,60.0,fifo,False,False,local,56.5,28.5,28.0,0.9824561403508771,0.9558333333333333,0.47833333333333333,379.6842105263158,2.4930131004366824,14.22,2.131304347826088,2.8578947368421064,1.0,1.0,14.773809523809522,14,0.0,0.0,0,0.17291666666666666,0,broker,20810.0,1049.0,252.0,0.0,0.0
broker,7,3,1.0,0.05,6.0,60.0,fifo,False,False,local,57.0,28.5,28.5,1.0,0.965,0.4731944444444445,379.37719298245617,1.3008810572687235,8.100000000000001,1.3754385964912292,1.2256637168141604,1.0,1.0,10.416666666666666,11,0.0,0.0,0,0.15944444444444444,0,broker,20483.0,1027.0,250.0,0.0,0.0
broker,8,3,1.0,0.05,6.0,60.0,fifo,False,False,local,56.5,28.5,28.0,0.9824561403508771,0.9674305555555556,0.46520833333333333,382.0973451327434,2.301769911504426,14.25,2.1035087719298255,2.5035714285714294,1.0,1.0,11.166666666666666,8,0.5,0.0,0,0.16916666666666666,0,broker,20613.0,994.0,249.0,0.0,0.0
broker,9,3,1.0,0.05,6.0,60.0,fifo,False,False,local,57.5,29.5,28.0,0.9491525423728814,0.9440972222222221,0.48868055555555556,379.2543859649123,2.235087719298247,11.3,1.5965517241379321,2.8964285714285722,1.0,1.0,12.816666666666666,15,0.5,0.0,0,0.17305555555555555,0,broker,20718.0,1035.0,251.0,0.0,0.0
broker,10,3,1.0,0.05,6.0,60.0,fifo,False,False,local,56.5,28.0,28.5,0.9824561403508771,0.9584722222222222,0.47263888888888894,382.86725663716817,2.68488888888889,16.3,2.6910714285714294,2.6787610619469038,1.0,1.0,15.70238095238095,14,0.5,0.0,0,0.17208333333333334,0,broker,20755.0,1042.0,248.0,0.0,0.0
broker,11,3,1.0,0.05,6.0,60.0,fifo,False,False,local,57.5,29.0,28.5,0.9827586206896551,0.949861111111111,0.47944444444444445,380.4070796460177,2.730701754385966,15.599999999999955,2.4413793103448285,3.030357142857144,1.0,1.4107142857142858,11.559523809523808,7,0.0,0.0,0,0.17180555555555554,0,broker,20759.0,1035.0,250.0,0.0,0.0
broker,12,3,1.0,0.05,6.0,60.0,fifo,False,False,local,57.5,29.0,28.5,0.9827586206896551,0.9361805555555556,0.48368055555555556,376.7368421052632,1.600000000000001,9.3,1.7295652173913054,1.4704347826086968,1.105263157894737,1.0,12.493589743589743,13,0.5,0.0,0,0.16583333333333333,0,broker,20645.0,1006.0,253.0,0.0,0.0
broker,13,3,1.0,0.05,6.0,60.0,fifo,False,False,local,59.5,29.5,30.0,0.9833333333333333,0.9450000000000001,0.4917361111111111,369.0,1.8770212765957457,12.459999999999981,1.5341880341880352,2.216949152542374,1.0,1.0677966101694916,11.972222222222221,9,0.0,0.0,0,0.1711111111111111,0,broker,21015.0,1073.0,257.0,0.0,0.0
broker,14,3,1.0,0.05,6.0,60.0,fifo,False,False,local,56.0,28.5,27.5,0.9649122807017544,0.959375,0.47173611111111113,384.0267857142857,2.8194690265486737,13.100000000000001,2.8140350877192994,2.825000000000001,1.0,1.0,13.647435897435896,13,1.5,0.0,0,0.175,0,broker,20653.0,1059.0,248.0,0.0,0.0
broker,15,3,1.0,0.05,6.0,60.0,fifo,False,False,local,57.5,28.5,29.0,0.9827586206896551,0.9579166666666667,0.49118055555555556,375.92105263157896,2.391304347826088,15.199999999999967,2.717543859649124,2.0706896551724148,1.0,1.0,12.883333333333333,15,1.0,0.0,0,0.17472222222222222,0,broker,20703.0,1049.0,252.0,0.0,0.0
broker,16,3,1.0,0.05,6.0,60.0,fifo,False,False,local,57.0,28.5,28.5,1.0,0.9508333333333334,0.48715277777777777,381.07964601769913,3.6513274336283197,18.05,3.3491228070175447,3.9589285714285722,1.0,1.0,11.598484848484848,11,0.0,0.0,0,0.17972222222222223,0,broker,20945.0,1076.0,249.0,0.0,0.0
broker,17,3,1.0,0.05,6.0,60.0,fifo,False,False,local,57.5,28.5,29.0,0.9827586206896551,0.9583333333333334,0.48270833333333335,380.280701754386,2.037444933920706,12.939999999999987,1.8646017699115054,2.2087719298245623,1.0,1.0,12.469298245614034,19,1.5,0.0,0,0.17041666666666666,0,broker,20659.0,1016.0,251.0,0.0,0.0
broker,18,3,1.0,0.05,6.0,60.0,fifo,False,False,local,57.5,28.5,29.0,0.9827586206896551,0.9513888888888888,0.4909027777777778,379.20175438596493,2.713157894736843,16.3,2.5947368421052643,2.8315789473684223,1.1785714285714286,1.0,12.78030303030303,11,0.0,0.0,0,0.1748611111111111,0,broker,20765.0,1015.0,251.0,0.0,0.0
broker,19,3,1.0,0.05,6.0,60.0,fifo,False,False,local,56.5,28.0,28.5,0.9824561403508771,0.9513194444444444,0.47215277777777775,381.3125,2.8578947368421064,16.1,3.1298245614035096,2.5859649122807027,1.0,1.0,12.20238095238095,14,2.5,0.0,0,0.17708333333333334,0,broker,20905.0,1026.0,250.0,0.0,0.0
broker,20,3,1.0,0.05,6.0,60.0,fifo,False,False,local,57.0,28.5,28.5,1.0,0.9550694444444444,0.48236111111111113,378.6695652173913,2.037719298245615,12.749999999999979,1.7877192982456152,2.287719298245615,1.0,1.0,13.291666666666666,8,1.0,0.0,0,0.16805555555555557,0,broker,20561.0,991.0,250.0,0.0,0.0
local,1,4,0.0,0.0,6.0,60.0,fifo,False,False,local,59.0,29.5,29.5,1.0,1.0,0.4984722222222222,486.26271186440675,15.639240506329115,26.14,15.654621848739497,15.623728813559323,1.0,1.0,13.053030303030303,11,0.0,0.0,0,0.3036111111111111,0,local,,,,,
local,2,4,0.0,0.0,6.0,60.0,fifo,False,False,local,60.0,30.0,30.0,1.0,1.0,0.5020833333333333,477.0495867768595,15.778512396694216,26.24999999999999,16.225,15.339344262295082,1.0,1.0,15.724358974358973,13,0.0,0.0,0,0.30875,0,local,,,,,
local,3,4,0.0,0.0,6.0,60.0,fifo,False,False,local,58.5,29.0,29.5,0.9830508474576272,1.0,0.4957638888888889,490.85470085470087,15.480425531914895,24.53999999999999,15.643589743589745,15.318644067796612,1.0,1.0,12.878205128205128,13,0.0,0.0,0,0.30041666666666667,0,local,,,,,
local,4,4,0.0,0.0,6.0,60.0,fifo,False,False,local,58.5,29.5,29.0,0.9830508474576272,1.0,0.49124999999999996,493.0683760683761,15.466949152542375,23.3,15.37563025210084,15.559829059829061,1.0,1.0,12.833333333333332,12,0.0,0.0,0,0.3016666666666667,0,local,,,,,
local,5,4,0.0,0.0,6.0,60.0,fifo,False,False,local,59.5,30.5,29.0,0.9508196721311475,1.0,0.5025,485.8655462184874,15.763025210084034,24.449999999999978,15.124793388429753,16.423076923076923,1.0,1.0,13.916666666666666,12,0.0,0.0,0,0.30416666666666664,0,local,,,,,
local,6,4,0.0,0.0,6.0,60.0,fifo,False,False,local,59.5,30.0,29.5,0.9833333333333333,1.0,0.5040972222222222,484.02521008403363,15.634177215189874,25.49999999999999,15.583333333333334,15.686324786324787,1.0166666666666666,1.0,15.273809523809522,14,0.0,0.0,0,0.3040277777777778,0,local,,,,,
local,7,4,0.0,0.0,6.0,60.0,fifo,False,False,local,59.0,29.5,29.5,1.0,1.0,0.4874305555555556,488.3613445378151,15.509322033898306,24.3,15.733898305084747,15.284745762711866,1.0,1.0,13.416666666666666,11,0.0,0.0,0,0.3011111111111111,0,local,,,,,
local,8,4,0.0,0.0,6.0,60.0,fifo,False,False,local,57.5,29.0,28.5,0.9827586206896551,1.0,0.48375,491.9316239316239,15.541025641025643,22.3,15.455555555555557,15.626495726495728,1.0,1.0,14.166666666666666,8,0.0,0.0,0,0.29694444444444446,0,local,,,,,
local,9,4,0.0,0.0,6.0,60.0,fifo,False,False,local,60.5,31.5,29.0,0.9206349206349206,0.9990972222222223,0.5152083333333333,477.1652892561983,15.712396694214878,25.3,15.715873015873017,15.708620689655174,1.0,1.0,13.549999999999999,15,0.0,0.0,0,0.31083333333333335,0,local,,,,,
local,10,4,0.0,0.0,6.0,60.0,fifo,False,False,local,59.0,30.0,29.0,0.9666666666666667,0.9997916666666666,0.4903472222222222,488.2564102564103,16.30506329113924,27.3,15.45126050420168,17.166101694915255,1.0,1.0,14.20238095238095,14,0.0,0.0,0,0.3040277777777778,0,local,,,,,
local,11,4,0.0,0.0,6.0,60.0,fifo,False,False,local,59.5,30.0,29.5,0.9833333333333333,1.0,0.505,482.76666666666665,15.497489539748955,23.3,14.741666666666667,16.25966386554622,1.0,1.1666666666666667,13.13095238095238,7,0.0,0.0,0,0.3026388888888889,0,local,,,,,
local,12,4,0.0,0.0,6.0,60.0,fifo,False,False,local,60.5,30.0,30.5,0.9836065573770492,1.0,0.514375,471.77685950413223,15.71469387755102,24.939999999999987,15.781967213114756,15.647967479674797,1.0,1.0,15.647435897435896,13,0.0,0.0,0,0.3134722222222222,0,local,,,,,
local,13,4,0.0,0.0,6.0,60.0,fifo,False,False,local,62.0,30.5,31.5,0.9682539682539683,0.9971527777777778,0.5089583333333334,468.219512195122,15.774493927125507,24.859999999999992,15.659016393442624,15.887200000000002,1.0,1.0483870967741935,11.416666666666666,9,0.0,0.0,0,0.31333333333333335,0,local,,,,,
local,14,4,0.0,0.0,6.0,60.0,fifo,False,False,local,58.0,29.5,28.5,0.9661016949152542,1.0,0.49520833333333336,492.1186440677966,15.796995708154508,23.3,15.454237288135594,16.148695652173913,1.0,1.0,12.955128205128204,13,0.0,0.0,0,0.2995833333333333,0,local,,,,,
local,15,4,0.0,0.0,6.0,60.0,fifo,False,False,local,60.0,29.5,30.5,0.9672131147540983,1.0,0.5128472222222222,480.93277310924367,15.695,24.3,15.518487394957985,15.868595041322315,1.0,1.0,14.283333333333331,15,0.0,0.0,0,0.30833333333333335,0,local,,,,,
local,16,4,0.0,0.0,6.0,60.0,fifo,False,False,local,59.5,30.0,29.5,0.9833333333333333,0.9993055555555556,0.5055555555555555,484.1848739495798,15.439495798319328,22.449999999999978,15.200000000000001,15.683050847457627,1.0,1.0,13.416666666666666,11,0.0,0.0,0,0.30444444444444446,0,local,,,,,
local,17,4,0.0,0.0,6.0,60.0,fifo,False,False,local,60.0,30.0,30.0,1.0,1.0,0.502361111111111,485.66101694915255,15.473839662447258,24.3,15.547457627118645,15.400840336134454,1.0,1.0,15.100877192982455,19,0.0,0.0,0,0.30680555555555555,0,local,,,,,
local,18,4,0.0,0.0,6.0,60.0,fifo,False,False,local,60.5,30.0,30.5,0.9836065573770492,1.0,0.5157638888888889,480.875,15.549166666666668,25.11,15.678151260504203,15.422314049586777,1.0,1.1475409836065573,12.689393939393938,11,0.0,0.0,0,0.3061111111111111,0,local,,,,,
local,19,4,0.0,0.0,6.0,60.0,fifo,False,False,local,59.5,29.5,30.0,0.9833333333333333,1.0,0.49743055555555554,484.39495798319325,15.425523012552302,24.3,15.291666666666668,15.560504201680674,1.0,1.0,13.559523809523808,14,0.0,0.0,0,0.3055555555555556,0,local,,,,,
local,20,4,0.0,0.0,6.0,60.0,fifo,False,False,local,60.0,30.0,30.0,1.0,1.0,0.5065277777777777,483.09166666666664,15.543697478991598,24.3,15.333613445378152,15.753781512605043,1.0,1.0,11.416666666666666,8,0.0,0.0,0,0.30194444444444446,0,local,,,,,
central,1,4,0.0,0.0,6.0,60.0,fifo,False,False,local,58.5,29.5,29.0,0.9830508474576272,1.0,0.4988194444444444,486.26271186440675,1.79029535864979,11.139999999999999,2.259322033898306,1.3252100840336145,1.0,1.0,11.871212121212121,11,0.0,0.0,0,0.17208333333333334,0,central,20836.0,0.0,272.0,0.0,0.0
central,2,4,0.0,0.0,6.0,60.0,fifo,False,False,local,60.5,30.0,30.5,0.9836065573770492,1.0,0.5035416666666667,477.0495867768595,1.6278008298755198,11.3,1.600000000000001,1.6553719008264474,1.0,1.0,11.108974358974358,13,0.0,0.0,0,0.17402777777777778,0,central,20825.0,0.0,279.0,0.0,0.0
central,3,4,0.0,0.0,6.0,60.0,fifo,False,False,local,59.0,29.5,29.5,1.0,1.0,0.49506944444444445,490.85470085470087,2.164957264957266,13.649999999999995,1.9427350427350438,2.387179487179488,1.0344827586206897,1.0,12.57051282051282,13,0.0,0.0,0,0.1711111111111111,0,central,20725.0,0.0,277.0,0.0,0.0
central,4,4,0.0,0.0,6.0,60.0,fifo,False,False,local,58.5,29.5,29.0,0.9830508474576272,1.0,0.49201388888888886,493.0683760683761,1.979148936170214,12.459999999999981,1.8016949152542383,2.1581196581196593,1.0,1.0,12.0,12,0.0,0.0,0,0.17333333333333334,0,central,20580.0,0.0,271.0,0.0,0.0
central,5,4,0.0,0.0,6.0,60.0,fifo,False,False,local,59.5,30.5,29.0,0.9508196721311475,1.0,0.5027777777777778,485.8655462184874,1.611764705882354,11.3,1.2655737704918044,1.9758620689655184,1.0,1.0,10.833333333333332,12,0.0,0.0,0,0.17152777777777778,0,central,20741.0,0.0,275.0,0.0,0.0
central,6,4,0.0,0.0,6.0,60.0,fifo,False,False,local,59.5,30.0,29.5,0.9833333333333333,1.0,0.5040972222222222,484.02521008403363,1.6932489451476804,13.3,1.2831932773109254,2.10677966101695,1.0,1.0,12.416666666666666,14,0.0,0.0,0,0.17347222222222222,0,central,20798.0,0.0,277.0,0.0,0.0
central,7,4,0.0,0.0,6.0,60.0,fifo,False,False,local,58.5,29.5,29.0,0.9830508474576272,1.0,0.4884722222222222,488.3613445378151,1.755084745762713,13.5,1.7847457627118655,1.7254237288135603,1.0,1.0,12.507575757575756,11,0.0,0.0,0,0.16958333333333334,0,central,20562.0,0.0,270.0,0.0,0.0
central,8,4,0.0,0.0,6.0,60.0,fifo,False,False,local,58.5,29.5,29.0,0.9830508474576272,1.0,0.4842361111111111,491.9316239316239,2.147863247863249,13.579999999999997,1.9085470085470095,2.387179487179488,1.0,1.0,14.041666666666666,8,0.0,0.0,0,0.1711111111111111,0,central,20720.0,0.0,267.0,0.0,0.0
central,9,4,0.0,0.0,6.0,60.0,fifo,False,False,local,60.5,31.5,29.0,0.9206349206349206,1.0,0.5163194444444444,476.73553719008265,2.21687242798354,13.3,2.192063492063493,2.2435897435897445,1.0,1.0,12.416666666666666,15,0.0,0.0,0,0.18333333333333332,0,central,21133.0,0.0,282.0,0.0,0.0
central,10,4,0.0,0.0,6.0,60.0,fifo,False,False,local,59.0,30.0,29.0,0.9666666666666667,1.0,0.4896527777777777,488.15384615384613,1.7438818565400855,12.339999999999987,1.7285714285714295,1.7593220338983062,1.0,1.0,10.488095238095237,14,0.0,0.0,0,0.1726388888888889,0,central,20698.0,0.0,276.0,0.0,0.0
central,11,4,0.0,0.0,6.0,60.0,fifo,False,False,local,59.5,30.0,29.5,0.9833333333333333,1.0,0.5057638888888889,482.76666666666665,1.981512605042018,12.279999999999974,1.600000000000001,2.36949152542373,1.0,1.1666666666666667,12.273809523809524,7,0.0,0.0,0,0.17291666666666666,0,central,20799.0,0.0,271.0,0.0,0.0
central,12,4,0.0,0.0,6.0,60.0,fifo,False,False,local,61.0,30.0,31.0,0.967741935483871,1.0,0.5140972222222222,471.77685950413223,2.072950819672132,11.3,2.0852459016393454,2.060655737704919,1.0333333333333334,1.0,14.185897435897434,13,0.0,0.0,0,0.17722222222222223,0,central,21197.0,0.0,284.0,0.0,0.0
central,13,4,0.0,0.0,6.0,60.0,fifo,False,False,local,61.5,30.0,31.5,0.9523809523809523,1.0,0.509375,466.8861788617886,1.5526315789473695,9.3,1.2669421487603316,1.826984126984128,1.0,1.0634920634920635,11.75,9,0.0,0.0,0,0.17458333333333334,0,central,21018.0,0.0,279.0,0.0,0.0
central,14,4,0.0,0.0,6.0,60.0,fifo,False,False,local,58.5,29.5,29.0,0.9830508474576272,1.0,0.49618055555555557,492.1186440677966,1.9291845493562243,12.579999999999973,1.661344537815127,2.2087719298245623,1.0,1.0,11.878205128205128,13,0.0,0.0,0,0.17097222222222222,0,central,20561.0,0.0,271.0,0.0,0.0
central,15,4,0.0,0.0,6.0,60.0,fifo,False,False,local,60.5,30.0,30.5,0.9836065573770492,1.0,0.5115972222222223,480.93277310924367,2.1616666666666675,14.109999999999998,2.434453781512606,1.8933884297520671,1.0,1.0,12.683333333333332,15,0.0,0.0,0,0.17888888888888888,0,central,20884.0,0.0,279.0,0.0,0.0
central,16,4,0.0,0.0,6.0,60.0,fifo,False,False,local,59.5,29.5,30.0,0.9833333333333333,1.0,0.5059027777777778,483.8487394957983,1.8146443514644361,13.120000000000001,1.5666666666666678,2.0647058823529423,1.0,1.0,11.143939393939393,11,0.0,0.0,0,0.17194444444444446,0,central,20759.0,0.0,273.0,0.0,0.0
central,17,4,0.0,0.0,6.0,60.0,fifo,False,False,local,60.0,30.0,30.0,1.0,1.0,0.5005555555555555,485.66101694915255,2.1369747899159672,13.3,1.8101694915254247,2.4583333333333344,1.0,1.0,12.627192982456139,19,0.0,0.0,0,0.17680555555555555,0,central,20900.0,0.0,282.0,0.0,0.0
central,18,4,0.0,0.0,6.0,60.0,fifo,False,False,local,60.5,30.0,30.5,0.9836065573770492,1.0,0.515,480.875,1.4900414937759348,11.3,1.5666666666666678,1.4140495867768605,1.0,1.0,11.416666666666666,11,0.0,0.0,0,0.17194444444444446,0,central,20809.0,0.0,275.0,0.0,0.0
central,19,4,0.0,0.0,6.0,60.0,fifo,False,False,local,59.5,29.5,30.0,0.9833333333333333,1.0,0.4974305555555556,484.39495798319325,2.0322175732217582,13.3,1.750000000000001,2.3168067226890767,1.0,1.0,11.416666666666666,14,0.0,0.0,0,0.17916666666666667,0,central,20955.0,0.0,278.0,0.0,0.0
central,20,4,0.0,0.0,6.0,60.0,fifo,False,False,local,60.0,30.0,30.0,1.0,1.0,0.5058333333333334,483.09166666666664,1.710041841004185,11.3,1.6361344537815137,1.7833333333333343,1.0,1.0,11.416666666666666,8,0.0,0.0,0,0.1713888888888889,0,central,20720.0,0.0,273.0,0.0,0.0
broker,1,4,1.0,0.05,6.0,60.0,fifo,False,False,local,58.5,29.5,29.0,0.9830508474576272,1.0,0.4990972222222222,486.26271186440675,2.279746835443039,14.699999999999978,2.8016949152542385,1.762184873949581,1.0,1.0,10.871212121212121,11,1.5,0.0,0,0.17625,0,broker,21377.0,1116.0,261.0,0.0,0.0
broker,2,4,1.0,0.05,6.0,60.0,fifo,False,False,local,60.5,30.0,30.5,0.9836065573770492,1.0,0.5035416666666667,477.0495867768595,2.37883817427386,14.3,2.266666666666668,2.4900826446281004,1.0,1.0,11.032051282051281,13,1.0,0.0,0,0.18055555555555555,0,broker,21392.0,1042.0,264.0,0.0,0.0
broker,3,4,1.0,0.05,6.0,60.0,fifo,False,False,local,59.0,29.5,29.5,1.0,1.0,0.49506944444444445,490.85470085470087,2.0623931623931635,11.92999999999999,1.976923076923078,2.147863247863249,1.0344827586206897,1.0,12.878205128205128,13,0.0,0.0,0,0.17305555555555555,0,broker,21063.0,1089.0,259.0,0.0,0.0
broker,4,4,1.0,0.05,6.0,60.0,fifo,False,False,local,58.5,29.5,29.0,0.9830508474576272,1.0,0.49201388888888886,493.0683760683761,2.5451063829787244,13.3,2.259322033898306,2.8333333333333344,1.0,1.0,12.833333333333332,12,1.5,0.0,0,0.18166666666666667,0,broker,21110.0,1049.0,258.0,0.0,0.0
broker,5,4,1.0,0.05,6.0,60.0,fifo,False,False,local,59.5,30.5,29.0,0.9508196721311475,1.0,0.5029166666666667,485.8655462184874,2.24201680672269,14.100000000000001,1.6508196721311486,2.863793103448277,1.0,1.0,12.999999999999998,12,1.0,0.0,0,0.17916666666666667,0,broker,21249.0,1043.0,262.0,0.0,0.0
broker,6,4,1.0,0.05,6.0,60.0,fifo,False,False,local,59.5,30.0,29.5,0.9833333333333333,1.0,0.5040972222222222,484.02521008403363,2.0518987341772164,14.3,1.896638655462186,2.2084745762711875,1.0,1.0,12.63095238095238,14,1.5,0.0,0,0.1748611111111111,0,broker,21299.0,1072.0,263.0,0.0,0.0
broker,7,4,1.0,0.05,6.0,60.0,fifo,False,False,local,58.5,29.5,29.0,0.9830508474576272,1.0,0.48833333333333334,488.3613445378151,2.23813559322034,13.55,1.9627118644067807,2.5135593220338994,1.0,1.0,13.234848484848484,11,0.5,0.0,0,0.17597222222222222,0,broker,21012.0,1051.0,258.0,0.0,0.0
broker,8,4,1.0,0.05,6.0,60.0,fifo,False,False,local,58.5,29.5,29.0,0.9830508474576272,1.0,0.4842361111111111,491.9316239316239,2.588034188034189,16.649999999999995,2.3871794871794885,2.78888888888889,1.0,1.0,15.291666666666666,8,0.5,0.0,0,0.17652777777777778,0,broker,21178.0,1021.0,258.0,0.0,0.0
broker,9,4,1.0,0.05,6.0,60.0,fifo,False,False,local,60.5,31.5,29.0,0.9206349206349206,1.0,0.5161805555555556,476.73553719008265,2.537860082304528,14.279999999999996,2.3746031746031755,2.7136752136752147,1.0,1.0,12.083333333333332,15,2.5,0.0,0,0.18652777777777776,0,broker,21596.0,1087.0,266.0,0.0,0.0
broker,10,4,1.0,0.05,6.0,60.0,fifo,False,False,local,59.0,30.0,29.0,0.9666666666666667,1.0,0.4895833333333333,488.15384615384613,2.3852320675105494,13.459999999999992,2.4512605042016817,2.3186440677966114,1.0,1.0,13.059523809523808,14,0.5,0.0,0,0.18041666666666667,0,broker,21196.0,1063.0,260.0,0.0,0.0
broker,11,4,1.0,0.05,6.0,60.0,fifo,False,False,local,59.5,30.0,29.5,0.9833333333333333,1.0,0.5057638888888889,482.76666666666665,2.376470588235295,13.3,1.8666666666666678,2.894915254237289,1.0,1.1666666666666667,14.988095238095237,7,1.5,0.0,0,0.17777777777777778,0,broker,21287.0,1063.0,262.0,0.0,0.0
broker,12,4,1.0,0.05,6.0,60.0,fifo,False,False,local,61.0,30.0,31.0,0.967741935483871,1.0,0.5140972222222222,471.77685950413223,2.0278688524590174,12.100000000000001,2.101639344262296,1.9540983606557387,1.0166666666666666,1.0,14.80128205128205,13,0.5,0.0,0,0.18055555555555555,0,broker,21589.0,1051.0,269.0,0.0,0.0
broker,13,4,1.0,0.05,6.0,60.0,fifo,False,False,local,61.5,30.0,31.5,0.9523809523809523,1.0,0.5093749999999999,466.8861788617886,2.4352226720647785,14.239999999999998,2.266942148760332,2.596825396825398,1.0,1.0634920634920635,11.638888888888888,9,0.0,0.0,0,0.18597222222222223,0,broker,21662.0,1104.0,270.0,0.0,0.0
broker,14,4,1.0,0.05,6.0,60.0,fifo,False,False,local,58.0,29.5,28.5,0.9661016949152542,1.0,0.49597222222222226,492.1186440677966,2.740343347639486,16.179999999999996,2.5268907563025222,2.963157894736843,1.0,1.0,12.647435897435896,13,1.0,0.0,0,0.17819444444444443,0,broker,21165.0,1087.0,257.0,0.0,0.0
broker,15,4,1.0,0.05,6.0,60.0,fifo,False,False,local,60.5,30.0,30.5,0.9836065573770492,1.0,0.5115972222222223,480.93277310924367,2.411666666666668,14.339999999999987,2.476470588235295,2.3479338842975217,1.0,1.0,13.416666666666666,15,0.5,0.0,0,0.18416666666666667,0,broker,21345.0,1076.0,263.0,0.0,0.0
broker,16,4,1.0,0.05,6.0,60.0,fifo,False,False,local,59.5,29.5,30.0,0.9833333333333333,1.0,0.5058333333333334,483.8487394957983,2.2121338912133903,13.3,1.6666666666666676,2.762184873949581,1.0,1.0,11.416666666666666,11,1.5,0.0,0,0.17555555555555555,0,broker,21223.0,1091.0,261.0,0.0,0.0
broker,17,4,1.0,0.05,6.0,60.0,fifo,False,False,local,60.0,30.0,30.0,1.0,1.0,0.5005555555555555,485.66101694915255,1.8638655462184885,13.129999999999997,1.6830508474576282,2.041666666666668,1.0,1.0,13.153508771929824,19,1.5,0.0,0,0.17777777777777778,0,broker,21180.0,1042.0,261.0,0.0,0.0
broker,18,4,1.0,0.05,6.0,60.0,fifo,False,False,local,60.5,30.0,30.5,0.9836065573770492,1.0,0.5146527777777778,480.875,1.9158333333333344,11.339999999999987,1.8630252100840348,1.9677685950413233,1.0,1.0,12.234848484848484,11,0.5,0.0,0,0.17722222222222223,0,broker,21242.0,1041.0,263.0,0.0,0.0
broker,19,4,1.0,0.05,6.0,60.0,fifo,False,False,local,59.5,29.5,30.0,0.9833333333333333,1.0,0.4974305555555556,484.39495798319325,2.5384937238493737,14.379999999999995,2.3416666666666677,2.7369747899159673,1.0,1.0,11.702380952380953,14,1.0,0.0,0,0.1836111111111111,0,broker,21484.0,1051.0,263.0,0.0,0.0
broker,20,4,1.0,0.05,6.0,60.0,fifo,False,False,local,60.0,30.0,30.0,1.0,1.0,0.5058333333333334,483.09166666666664,2.5510460251046037,14.120000000000001,2.972268907563026,2.133333333333334,1.0,1.0,11.916666666666666,8,0.0,0.0,0,0.1798611111111111,0,broker,21277.0,1028.0,261.0,0.0,0.0
local,1,5,0.0,0.0,6.0,60.0,fifo,False,False,local,59.0,29.5,29.5,1.0,1.0,0.4984722222222222,607.6440677966102,15.668776371308018,26.49999999999999,15.595798319327733,15.742372881355934,1.0,1.0,12.962121212121211,11,0.0,0.0,0,0.3036111111111111,0,local,,,,,
local,2,5,0.0,0.0,6.0,60.0,fifo,False,False,local,60.0,30.0,30.0,1.0,1.0,0.5020833333333333,596.4710743801653,15.761983471074382,26.3,16.241666666666667,15.29016393442623,1.0,1.0,16.49358974358974,13,0.0,0.0,0,0.30875,0,local,,,,,
local,3,5,0.0,0.0,6.0,60.0,fifo,False,False,local,58.5,29.0,29.5,0.9830508474576272,1.0,0.49569444444444444,613.4700854700855,15.450638297872342,24.3,15.60940170940171,15.293220338983051,1.0,1.0,12.955128205128204,13,0.0,0.0,0,0.30041666666666667,0,local,,,,,
local,4,5,0.0,0.0,6.0,60.0,fifo,False,False,local,58.5,29.5,29.0,0.9830508474576272,1.0,0.49124999999999996,616.9145299145299,15.560169491525425,24.3,15.484873949579834,15.636752136752138,1.0,1.0,14.249999999999998,12,0.0,0.0,0,0.3016666666666667,0,local,,,,,
local,5,5,0.0,0.0,6.0,60.0,fifo,False,False,local,59.5,30.5,29.0,0.9508196721311475,1.0,0.5024305555555555,607.4033613445379,15.737815126050421,24.3,15.116528925619836,16.38034188034188,1.0,1.0,14.083333333333332,12,0.0,0.0,0,0.30416666666666664,0,local,,,,,
local,6,5,0.0,0.0,6.0,60.0,fifo,False,False,local,59.5,30.0,29.5,0.9833333333333333,1.0,0.5040972222222222,604.5546218487395,15.608860759493671,25.3,15.55,15.66923076923077,1.0,1.0,15.20238095238095,14,0.0,0.0,0,0.3040277777777778,0,local,,,,,
local,7,5,0.0,0.0,6.0,60.0,fifo,False,False,local,59.0,29.5,29.5,1.0,1.0,0.4874305555555556,610.890756302521,15.534745762711866,24.3,15.77627118644068,15.293220338983051,1.0,1.0,13.416666666666666,11,0.0,0.0,0,0.3011111111111111,0,local,,,,,
local,8,5,0.0,0.0,6.0,60.0,fifo,False,False,local,57.5,29.0,28.5,0.9827586206896551,1.0,0.48375,614.6239316239316,15.592307692307694,22.579999999999995,15.42991452991453,15.754700854700856,1.0,1.0,14.416666666666664,8,0.0,0.0,0,0.29694444444444446,0,local,,,,,
local,9,5,0.0,0.0,6.0,60.0,fifo,False,False,local,60.5,31.5,29.0,0.9206349206349206,1.0,0.5158333333333334,596.1157024793389,15.997520661157026,26.24999999999999,15.93015873015873,16.070689655172416,1.0,1.0,14.549999999999999,15,0.0,0.0,0,0.31083333333333335,0,local,,,,,
local,10,5,0.0,0.0,6.0,60.0,fifo,False,False,local,59.0,30.0,29.0,0.9666666666666667,1.0,0.4903472222222222,610.042735042735,16.317721518987344,27.3,15.543697478991598,17.098305084745764,1.0,1.0,14.13095238095238,14,0.0,0.0,0,0.3040277777777778,0,local,,,,,
local,11,5,0.0,0.0,6.0,60.0,fifo,False,False,local,59.5,30.0,29.5,0.9833333333333333,1.0,0.505,603.7083333333334,15.514225941422595,24.3,14.741666666666667,16.29327731092437,1.0,1.1666666666666667,12.988095238095237,7,0.0,0.0,0,0.3026388888888889,0,local,,,,,
local,12,5,0.0,0.0,6.0,60.0,fifo,False,False,local,60.5,30.0,30.5,0.9836065573770492,1.0,0.514375,589.2892561983471,15.73918367346939,25.099999999999984,15.822950819672132,15.656097560975612,1.0,1.0,15.878205128205128,13,0.0,0.0,0,0.3134722222222222,0,local,,,,,
local,13,5,0.0,0.0,6.0,60.0,fifo,False,False,local,62.0,30.5,31.5,0.9682539682539683,1.0,0.5094444444444445,582.780487804878,15.716129032258065,24.3,15.470491803278689,15.953968253968254,1.0,1.0,11.416666666666666,9,0.0,0.0,0,0.3145833333333333,0,local,,,,,
local,14,5,0.0,0.0,6.0,60.0,fifo,False,False,local,58.0,29.5,28.5,0.9661016949152542,1.0,0.49520833333333336,614.8728813559322,15.788412017167383,23.3,15.43728813559322,16.148695652173913,1.0,1.0,13.032051282051281,13,0.0,0.0,0,0.2995833333333333,0,local,,,,,
local,15,5,0.0,0.0,6.0,60.0,fifo,False,False,local,60.0,29.5,30.5,0.9672131147540983,1.0,0.5128472222222222,600.8403361344538,15.7575,24.3,15.753781512605043,15.76115702479339,1.0,1.0,13.95,15,0.0,0.0,0,0.30833333333333335,0,local,,,,,
local,16,5,0.0,0.0,6.0,60.0,fifo,False,False,local,59.5,30.0,29.5,0.9833333333333333,1.0,0.5054166666666666,604.546218487395,15.89327731092437,26.279999999999973,15.775,16.0135593220339,1.0,1.0,13.598484848484848,11,0.0,0.0,0,0.30444444444444446,0,local,,,,,
local,17,5,0.0,0.0,6.0,60.0,fifo,False,False,local,60.0,30.0,30.0,1.0,1.0,0.502361111111111,607.1016949152543,15.469620253164559,23.49999999999999,15.555932203389832,15.384033613445379,1.0,1.0,14.995614035087717,19,0.0,0.0,0,0.30680555555555555,0,local,,,,,
local,18,5,0.0,0.0,6.0,60.0,fifo,False,False,local,60.5,30.0,30.5,0.9836065573770492,1.0,0.5157638888888889,601.775,15.553333333333335,24.3,15.678151260504203,15.430578512396695,1.0,1.1475409836065573,12.416666666666666,11,0.0,0.0,0,0.3061111111111111,0,local,,,,,
local,19,5,0.0,0.0,6.0,60.0,fifo,False,False,local,59.5,29.5,30.0,0.9833333333333333,1.0,0.49743055555555554,605.2689075630252,15.412970711297072,23.3,15.283333333333335,15.543697478991598,1.0,1.0,13.63095238095238,14,0.0,0.0,0,0.30569444444444444,0,local,,,,,
local,20,5,0.0,0.0,6.0,60.0,fifo,False,False,local,60.0,30.0,30.0,1.0,1.0,0.5065277777777777,604.0833333333334,15.57731092436975,24.3,15.358823529411765,15.795798319327732,1.0,1.0,11.291666666666666,8,0.0,0.0,0,0.30194444444444446,0,local,,,,,
central,1,5,0.0,0.0,6.0,60.0,fifo,False,False,local,58.5,29.5,29.0,0.9830508474576272,1.0,0.4988194444444444,607.6440677966102,1.79029535864979,11.139999999999999,2.259322033898306,1.3252100840336145,1.0,1.0,11.871212121212121,11,0.0,0.0,0,0.17208333333333334,0,central,20836.0,0.0,272.0,0.0,0.0
central,2,5,0.0,0.0,6.0,60.0,fifo,False,False,local,60.5,30.0,30.5,0.9836065573770492,1.0,0.5035416666666667,596.4710743801653,1.6319502074688808,11.3,1.600000000000001,1.6636363636363647,1.0,1.0,11.185897435897434,13,0.0,0.0,0,0.17402777777777778,0,central,20826.0,0.0,279.0,0.0,0.0
central,3,5,0.0,0.0,6.0,60.0,fifo,False,False,local,59.0,29.5,29.5,1.0,1.0,0.49506944444444445,613.4700854700855,2.164957264957266,13.649999999999995,1.9427350427350438,2.387179487179488,1.0344827586206897,1.0,12.57051282051282,13,0.0,0.0,0,0.1711111111111111,0,central,20725.0,0.0,277.0,0.0,0.0
central,4,5,0.0,0.0,6.0,60.0,fifo,False,False,local,58.5,29.5,29.0,0.9830508474576272,1.0,0.49201388888888886,616.9145299145299,1.98340425531915,12.459999999999981,1.8101694915254247,2.1581196581196593,1.0,1.0,12.083333333333332,12,0.0,0.0,0,0.17333333333333334,0,central,20580.0,0.0,271.0,0.0,0.0
central,5,5,0.0,0.0,6.0,60.0,fifo,False,False,local,59.5,30.5,29.0,0.9508196721311475,1.0,0.5027777777777778,607.4033613445379,1.611764705882354,11.3,1.2655737704918044,1.9758620689655184,1.0,1.0,10.833333333333332,12,0.0,0.0,0,0.17152777777777778,0,central,20741.0,0.0,275.0,0.0,0.0
central,6,5,0.0,0.0,6.0,60.0,fifo,False,False,local,59.5,30.0,29.5,0.9833333333333333,1.0,0.5040972222222222,604.5546218487395,1.7270042194092838,13.3,1.3252100840336145,2.1322033898305097,1.0,1.0,12.63095238095238,14,0.0,0.0,0,0.17375,0,central,20808.0,0.0,277.0,0.0,0.0
central,7,5,0.0,0.0,6.0,60.0,fifo,False,False,local,58.5,29.5,29.0,0.9830508474576272,1.0,0.4884722222222222,610.890756302521,1.7508474576271198,13.5,1.776271186440679,1.7254237288135603,1.0,1.0,12.416666666666666,11,0.0,0.0,0,0.16958333333333334,0,central,20561.0,0.0,270.0,0.0,0.0
central,8,5,0.0,0.0,6.0,60.0,fifo,False,False,local,58.5,29.5,29.0,0.9830508474576272,1.0,0.4842361111111111,614.6239316239316,2.147863247863249,13.579999999999997,1.9085470085470095,2.387179487179488,1.0,1.0,14.041666666666666,8,0.0,0.0,0,0.1711111111111111,0,central,20720.0,0.0,267.0,0.0,0.0
central,9,5,0.0,0.0,6.0,60.0,fifo,False,False,local,60.5,31.5,29.0,0.9206349206349206,1.0,0.5163194444444444,596.1157024793389,2.21687242798354,13.3,2.192063492063493,2.2435897435897445,1.0,1.0,12.416666666666666,15,0.0,0.0,0,0.18333333333333332,0,central,21133.0,0.0,282.0,0.0,0.0
central,10,5,0.0,0.0,6.0,60.0,fifo,False,False,local,59.0,30.0,29.0,0.9666666666666667,1.0,0.4896527777777777,610.042735042735,1.7438818565400855,12.339999999999987,1.7285714285714295,1.7593220338983062,1.0,1.0,10.488095238095237,14,0.0,0.0,0,0.1726388888888889,0,central,20698.0,0.0,276.0,0.0,0.0
central,11,5,0.0,0.0,6.0,60.0,fifo,False,False,local,59.5,30.0,29.5,0.9833333333333333,1.0,0.5057638888888889,603.7083333333334,1.97310924369748,12.279999999999974,1.600000000000001,2.352542372881357,1.0,1.1666666666666667,12.13095238095238,7,0.0,0.0,0,0.17277777777777778,0,central,20797.0,0.0,271.0,0.0,0.0
central,12,5,0.0,0.0,6.0,60.0,fifo,False,False,local,61.0,30.0,31.0,0.967741935483871,1.0,0.5140972222222222,589.2892561983471,2.0647540983606567,11.3,2.0770491803278697,2.0524590163934437,1.0333333333333334,1.0,14.262820512820511,13,0.0,0.0,0,0.1773611111111111,0,central,21201.0,0.0,283.0,0.0,0.0
central,13,5,0.0,0.0,6.0,60.0,fifo,False,False,local,61.5,30.0,31.5,0.9523809523809523,1.0,0.509375,582.780487804878,1.5526315789473695,9.3,1.2669421487603316,1.826984126984128,1.0,1.0634920634920635,11.75,9,0.0,0.0,0,0.17458333333333334,0,central,21018.0,0.0,279.0,0.0,0.0
central,14,5,0.0,0.0,6.0,60.0,fifo,False,False,local,58.5,29.5,29.0,0.9830508474576272,1.0,0.49618055555555557,614.8728813559322,1.9334763948497864,12.579999999999973,1.661344537815127,2.217543859649124,1.0,1.0,11.955128205128204,13,0.0,0.0,0,0.17097222222222222,0,central,20562.0,0.0,271.0,0.0,0.0
central,15,5,0.0,0.0,6.0,60.0,fifo,False,False,local,60.5,30.0,30.5,0.9836065573770492,1.0,0.5115972222222223,600.8403361344538,2.1616666666666675,14.109999999999998,2.434453781512606,1.8933884297520671,1.0,1.0,12.683333333333332,15,0.0,0.0,0,0.17888888888888888,0,central,20884.0,0.0,279.0,0.0,0.0
central,16,5,0.0,0.0,6.0,60.0,fifo,False,False,local,59.5,29.5,30.0,0.9833333333333333,1.0,0.5059027777777778,604.546218487395,1.8146443514644361,13.120000000000001,1.5666666666666678,2.0647058823529423,1.0,1.0,11.143939393939393,11,0.0,0.0,0,0.17194444444444446,0,central,20759.0,0.0,273.0,0.0,0.0
central,17,5,0.0,0.0,6.0,60.0,fifo,False,False,local,60.0,30.0,30.0,1.0,1.0,0.5005555555555555,607.1016949152543,2.1537815126050432,13.3,1.8271186440677976,2.475000000000001,1.0,1.0,12.679824561403509,19,0.0,0.0,0,0.17680555555555555,0,central,20905.0,0.0,282.0,0.0,0.0
central,18,5,0.0,0.0,6.0,60.0,fifo,False,False,local,60.5,30.0,30.5,0.9836065573770492,1.0,0.515,601.775,1.4900414937759348,11.3,1.5666666666666678,1.4140495867768605,1.0,1.0,11.416666666666666,11,0.0,0.0,0,0.17194444444444446,0,central,20809.0,0.0,275.0,0.0,0.0
central,19,5,0.0,0.0,6.0,60.0,fifo,False,False,local,59.5,29.5,30.0,0.9833333333333333,1.0,0.4974305555555556,605.2689075630252,2.0322175732217582,13.3,1.750000000000001,2.3168067226890767,1.0,1.0,11.416666666666666,14,0.0,0.0,0,0.17916666666666667,0,central,20955.0,0.0,278.0,0.0,0.0
central,20,5,0.0,0.0,6.0,60.0,fifo,False,False,local,60.0,30.0,30.0,1.0,1.0,0.5058333333333334,604.0833333333334,1.710041841004185,11.3,1.6361344537815137,1.7833333333333343,1.0,1.0,11.416666666666666,8,0.0,0.0,0,0.1713888888888889,0,central,20670.0,0.0,273.0,0.0,0.0
broker,1,5,1.0,0.05,6.0,60.0,fifo,False,False,local,58.5,29.5,29.0,0.9830508474576272,1.0,0.4990972222222222,607.6440677966102,2.2839662447257396,14.699999999999978,2.7847457627118657,1.7873949579831943,1.0,1.0,10.871212121212121,11,1.5,0.0,0,0.1763888888888889,0,broker,21377.0,1116.0,261.0,0.0,0.0
broker,2,5,1.0,0.05,6.0,60.0,fifo,False,False,local,60.5,30.0,30.5,0.9836065573770492,1.0,0.5035416666666667,596.4710743801653,2.3829875518672208,14.3,2.2750000000000012,2.4900826446281004,1.0,1.0,11.032051282051281,13,1.0,0.0,0,0.18069444444444444,0,broker,21392.0,1042.0,264.0,0.0,0.0
broker,3,5,1.0,0.05,6.0,60.0,fifo,False,False,local,59.0,29.5,29.5,1.0,1.0,0.49506944444444445,613.4700854700855,2.0623931623931635,11.92999999999999,1.9854700854700866,2.13931623931624,1.0344827586206897,1.0,12.955128205128204,13,0.0,0.0,0,0.17277777777777778,0,broker,21063.0,1089.0,259.0,0.0,0.0
broker,4,5,1.0,0.05,6.0,60.0,fifo,False,False,local,58.5,29.5,29.0,0.9830508474576272,1.0,0.49201388888888886,616.9145299145299,2.5365957446808522,13.3,2.352542372881357,2.722222222222223,1.0,1.0,12.833333333333332,12,1.5,0.0,0,0.18166666666666667,0,broker,21111.0,1049.0,258.0,0.0,0.0
broker,5,5,1.0,0.05,6.0,60.0,fifo,False,False,local,59.5,30.5,29.0,0.9508196721311475,1.0,0.5029166666666667,607.4033613445379,2.24201680672269,14.100000000000001,1.6508196721311486,2.863793103448277,1.0,1.0,12.999999999999998,12,1.0,0.0,0,0.17888888888888888,0,broker,21243.0,1042.0,262.0,0.0,0.0
broker,6,5,1.0,0.05,6.0,60.0,fifo,False,False,local,59.5,30.0,29.5,0.9833333333333333,1.0,0.5040972222222222,604.5546218487395,2.0518987341772164,14.3,1.896638655462186,2.2084745762711875,1.0,1.0,12.63095238095238,14,1.5,0.0,0,0.1748611111111111,0,broker,21299.0,1072.0,263.0,0.0,0.0
broker,7,5,1.0,0.05,6.0,60.0,fifo,False,False,local,58.5,29.5,29.0,0.9830508474576272,1.0,0.48833333333333334,610.890756302521,2.255084745762713,13.3,1.9627118644067807,2.547457627118645,1.0,1.0,13.234848484848484,11,0.5,0.0,0,0.17666666666666667,0,broker,21021.0,1053.0,258.0,0.0,0.0
broker,8,5,1.0,0.05,6.0,60.0,fifo,False,False,local,58.5,29.5,29.0,0.9830508474576272,1.0,0.4842361111111111,614.6239316239316,2.588034188034189,16.649999999999995,2.3871794871794885,2.78888888888889,1.0,1.0,15.166666666666666,8,0.5,0.0,0,0.17652777777777778,0,broker,21178.0,1021.0,258.0,0.0,0.0
broker,9,5,1.0,0.05,6.0,60.0,fifo,False,False,local,60.5,31.5,29.0,0.9206349206349206,1.0,0.5161805555555556,596.1157024793389,2.5049382716049395,14.3,2.334920634920636,2.688034188034189,1.0,1.0,12.416666666666666,15,1.5,0.0,0,0.18583333333333332,0,broker,21584.0,1085.0,266.0,0.0,0.0
broker,10,5,1.0,0.05,6.0,60.0,fifo,False,False,local,59.0,30.0,29.0,0.9666666666666667,1.0,0.4895833333333333,610.042735042735,2.3641350210970473,13.459999999999992,2.4260504201680684,2.3016949152542385,1.0,1.0,13.13095238095238,14,0.5,0.0,0,0.18013888888888888,0,broker,21190.0,1063.0,260.0,0.0,0.0
broker,11,5,1.0,0.05,6.0,60.0,fifo,False,False,local,59.5,30.0,29.5,0.9833333333333333,1.0,0.5057638888888889,603.7083333333334,2.3554621848739505,13.3,1.8666666666666678,2.852542372881357,1.0,1.1666666666666667,15.988095238095237,7,1.0,0.0,0,0.1773611111111111,0,broker,21276.0,1063.0,262.0,0.0,0.0
broker,12,5,1.0,0.05,6.0,60.0,fifo,False,False,local,61.0,30.0,31.0,0.967741935483871,1.0,0.5140972222222222,589.2892561983471,2.007377049180329,12.949999999999996,2.0934426229508207,1.921311475409837,1.0166666666666666,1.0,14.80128205128205,13,0.5,0.0,0,0.18,0,broker,21584.0,1051.0,269.0,0.0,0.0
broker,13,5,1.0,0.05,6.0,60.0,fifo,False,False,local,61.5,30.0,31.5,0.9523809523809523,1.0,0.5093749999999999,582.780487804878,2.4352226720647785,14.239999999999998,2.266942148760332,2.596825396825398,1.0,1.0634920634920635,11.416666666666666,9,0.0,0.0,0,0.18597222222222223,0,broker,21662.0,1104.0,270.0,0.0,0.0
broker,14,5,1.0,0.05,6.0,60.0,fifo,False,False,local,58.0,29.5,28.5,0.9661016949152542,1.0,0.49604166666666666,614.8728813559322,2.7446351931330484,16.179999999999996,2.543697478991598,2.954385964912282,1.0,1.0,12.647435897435896,13,1.0,0.0,0,0.17819444444444443,0,broker,21164.0,1087.0,257.0,0.0,0.0
broker,15,5,1.0,0.05,6.0,60.0,fifo,False,False,local,60.5,30.0,30.5,0.9836065573770492,1.0,0.5115972222222223,600.8403361344538,2.445000000000001,14.3,2.543697478991598,2.3479338842975217,1.0,1.0,14.149999999999999,15,0.0,0.0,0,0.18444444444444444,0,broker,21358.0,1076.0,263.0,0.0,0.0
broker,16,5,1.0,0.05,6.0,60.0,fifo,False,False,local,59.5,29.5,30.0,0.9833333333333333,1.0,0.5058333333333334,604.546218487395,2.2121338912133903,13.3,1.6666666666666676,2.762184873949581,1.0,1.0,11.325757575757574,11,1.5,0.0,0,0.17555555555555555,0,broker,21223.0,1091.0,261.0,0.0,0.0
broker,17,5,1.0,0.05,6.0,60.0,fifo,False,False,local,60.0,30.0,30.0,1.0,1.0,0.5005555555555555,607.1016949152543,1.8596638655462194,13.129999999999997,1.6745762711864418,2.041666666666668,1.0,1.0,13.837719298245613,19,0.5,0.0,0,0.17777777777777778,0,broker,21184.0,1042.0,261.0,0.0,0.0
broker,18,5,1.0,0.05,6.0,60.0,fifo,False,False,local,60.5,30.0,30.5,0.9836065573770492,1.0,0.5146527777777778,601.775,1.920000000000001,11.339999999999987,1.8630252100840348,1.9760330578512408,1.0,1.0,12.234848484848484,11,0.5,0.0,0,0.17722222222222223,0,broker,21243.0,1041.0,263.0,0.0,0.0
broker,19,5,1.0,0.05,6.0,60.0,fifo,False,False,local,59.5,29.5,30.0,0.9833333333333333,1.0,0.4974305555555556,605.2689075630252,2.5301255230125532,15.219999999999995,2.3166666666666678,2.745378151260505,1.0,1.0,11.63095238095238,14,1.0,0.0,0,0.18375,0,broker,21477.0,1051.0,263.0,0.0,0.0
broker,20,5,1.0,0.05,6.0,60.0,fifo,False,False,local,60.0,30.0,30.0,1.0,1.0,0.5059027777777778,604.0833333333334,2.6263598326359845,14.49999999999999,2.8630252100840345,2.391666666666668,1.0,1.0,11.791666666666666,8,0.0,0.0,0,0.1802777777777778,0,broker,21316.0,1030.0,261.0,0.0,0.0
local,1,6,0.0,0.0,6.0,60.0,fifo,False,False,local,59.0,29.5,29.5,1.0,1.0,0.4984722222222222,728.6779661016949,15.630801687763714,26.3,15.578991596638657,15.683050847457627,1.0,1.0,13.962121212121211,11,0.0,0.0,0,0.3036111111111111,0,local,,,,,
local,2,6,0.0,0.0,6.0,60.0,fifo,False,False,local,60.0,30.0,30.0,1.0,1.0,0.5020833333333333,716.0661157024794,15.782644628099174,25.3,16.25,15.322950819672132,1.0,1.0,15.724358974358973,13,0.0,0.0,0,0.30875,0,local,,,,,
local,3,6,0.0,0.0,6.0,60.0,fifo,False,False,local,58.5,29.0,29.5,0.9830508474576272,1.0,0.4957638888888889,735.8888888888889,15.471914893617022,24.3,15.583760683760685,15.361016949152543,1.0,1.0,11.955128205128204,13,0.0,0.0,0,0.30041666666666667,0,local,,,,,
local,4,6,0.0,0.0,6.0,60.0,fifo,False,False,local,58.5,29.5,29.0,0.9830508474576272,1.0,0.49124999999999996,740.5982905982906,15.58135593220339,23.55,15.57731092436975,15.585470085470087,1.0,1.0,15.083333333333332,12,0.0,0.0,0,0.3016666666666667,0,local,,,,,
local,5,6,0.0,0.0,6.0,60.0,fifo,False,False,local,59.5,30.5,29.0,0.9508196721311475,1.0,0.5024305555555555,729.0168067226891,15.729411764705883,24.3,15.108264462809919,16.371794871794872,1.0,1.0,13.249999999999998,12,0.0,0.0,0,0.30416666666666664,0,local,,,,,
local,6,6,0.0,0.0,6.0,60.0,fifo,False,False,local,59.5,30.0,29.5,0.9833333333333333,1.0,0.5040972222222222,725.4033613445379,15.629957805907175,25.49999999999999,15.575000000000001,15.686324786324787,1.0166666666666666,1.0,15.273809523809522,14,0.0,0.0,0,0.3040277777777778,0,local,,,,,
local,7,6,0.0,0.0,6.0,60.0,fifo,False,False,local,59.0,29.5,29.5,1.0,1.0,0.4874305555555556,733.5966386554621,15.52627118644068,24.3,15.708474576271188,15.34406779661017,1.0,1.0,12.507575757575756,11,0.0,0.0,0,0.3011111111111111,0,local,,,,,
local,8,6,0.0,0.0,6.0,60.0,fifo,False,False,local,57.5,29.0,28.5,0.9827586206896551,1.0,0.48375,737.2136752136752,15.600854700854702,23.1,15.438461538461539,15.763247863247864,1.0,1.0,14.291666666666666,8,0.0,0.0,0,0.29694444444444446,0,local,,,,,
local,9,6,0.0,0.0,6.0,60.0,fifo,False,False,local,60.5,31.5,29.0,0.9206349206349206,1.0,0.5158333333333334,715.0909090909091,15.968595041322315,25.3,15.914285714285715,16.027586206896554,1.0,1.0,14.349999999999998,15,0.0,0.0,0,0.31083333333333335,0,local,,,,,
local,10,6,0.0,0.0,6.0,60.0,fifo,False,False,local,59.0,30.0,29.0,0.9666666666666667,1.0,0.4903472222222222,731.3760683760684,16.29240506329114,27.3,15.526890756302523,17.064406779661017,1.0,1.0,14.273809523809522,14,0.0,0.0,0,0.3040277777777778,0,local,,,,,
local,11,6,0.0,0.0,6.0,60.0,fifo,False,False,local,59.5,30.0,29.5,0.9833333333333333,1.0,0.505,724.4333333333333,15.501673640167365,24.12,14.750000000000002,16.25966386554622,1.0,1.15,12.988095238095237,7,0.0,0.0,0,0.3026388888888889,0,local,,,,,
local,12,6,0.0,0.0,6.0,60.0,fifo,False,False,local,60.5,30.0,30.5,0.9836065573770492,1.0,0.514375,706.8347107438017,15.71469387755102,24.3,15.781967213114756,15.647967479674797,1.0,1.0,15.032051282051281,13,0.0,0.0,0,0.3134722222222222,0,local,,,,,
local,13,6,0.0,0.0,6.0,60.0,fifo,False,False,local,62.0,30.5,31.5,0.9682539682539683,1.0,0.5094444444444445,699.7154471544716,15.796774193548389,25.229999999999997,15.495081967213116,16.08888888888889,1.0,1.0,11.527777777777777,9,0.0,0.0,0,0.3145833333333333,0,local,,,,,
local,14,6,0.0,0.0,6.0,60.0,fifo,False,False,local,58.0,29.5,28.5,0.9661016949152542,1.0,0.49520833333333336,737.7457627118644,15.809871244635195,23.3,15.471186440677966,16.157391304347826,1.0,1.0,12.801282051282051,13,0.0,0.0,0,0.2995833333333333,0,local,,,,,
local,15,6,0.0,0.0,6.0,60.0,fifo,False,False,local,60.0,29.5,30.5,0.9672131147540983,1.0,0.5128472222222222,721.0588235294117,15.745000000000001,24.3,15.745378151260505,15.744628099173555,1.0,1.0,13.883333333333333,15,0.0,0.0,0,0.30833333333333335,0,local,,,,,
local,16,6,0.0,0.0,6.0,60.0,fifo,False,False,local,59.5,30.0,29.5,0.9833333333333333,1.0,0.5059027777777778,725.1260504201681,15.834453781512606,25.599999999999955,15.675,15.996610169491527,1.0,1.0,14.598484848484848,11,0.0,0.0,0,0.30444444444444446,0,local,,,,,
local,17,6,0.0,0.0,6.0,60.0,fifo,False,False,local,60.0,30.0,30.0,1.0,1.0,0.5022916666666666,727.9491525423729,15.503375527426162,24.3,15.572881355932205,15.434453781512605,1.0,1.0,15.100877192982455,19,0.0,0.0,0,0.30680555555555555,0,local,,,,,
local,18,6,0.0,0.0,6.0,60.0,fifo,False,False,local,60.5,30.0,30.5,0.9836065573770492,1.0,0.5157638888888889,723.125,15.545000000000002,24.339999999999986,15.661344537815127,15.430578512396695,1.0,1.1475409836065573,12.78030303030303,11,0.0,0.0,0,0.3061111111111111,0,local,,,,,
local,19,6,0.0,0.0,6.0,60.0,fifo,False,False,local,59.5,29.5,30.0,0.9833333333333333,1.0,0.49743055555555554,725.9327731092437,15.412970711297072,23.399999999999995,15.283333333333335,15.543697478991598,1.0,1.0,13.63095238095238,14,0.0,0.0,0,0.30569444444444444,0,local,,,,,
local,20,6,0.0,0.0,6.0,60.0,fifo,False,False,local,60.0,30.0,30.0,1.0,1.0,0.5065277777777777,724.7916666666666,15.53949579831933,23.449999999999978,15.3,15.778991596638656,1.0,1.0,11.416666666666666,8,0.0,0.0,0,0.30194444444444446,0,local,,,,,
central,1,6,0.0,0.0,6.0,60.0,fifo,False,False,local,58.5,29.5,29.0,0.9830508474576272,1.0,0.4988194444444444,728.6779661016949,1.79029535864979,11.139999999999999,2.259322033898306,1.3252100840336145,1.0,1.0,11.871212121212121,11,0.0,0.0,0,0.17208333333333334,0,central,20836.0,0.0,272.0,0.0,0.0
central,2,6,0.0,0.0,6.0,60.0,fifo,False,False,local,60.5,30.0,30.5,0.9836065573770492,1.0,0.5035416666666667,716.0661157024794,1.6278008298755198,11.3,1.600000000000001,1.6553719008264474,1.0,1.0,11.108974358974358,13,0.0,0.0,0,0.17402777777777778,0,central,20825.0,0.0,279.0,0.0,0.0
central,3,6,0.0,0.0,6.0,60.0,fifo,False,False,local,59.0,29.5,29.5,1.0,1.0,0.49506944444444445,735.8888888888889,2.164957264957266,13.649999999999995,1.9427350427350438,2.387179487179488,1.0344827586206897,1.0,12.57051282051282,13,0.0,0.0,0,0.1711111111111111,0,central,20725.0,0.0,277.0,0.0,0.0
central,4,6,0.0,0.0,6.0,60.0,fifo,False,False,local,58.5,29.5,29.0,0.9830508474576272,1.0,0.49201388888888886,740.5982905982906,1.979148936170214,12.459999999999981,1.8016949152542383,2.1581196581196593,1.0,1.0,12.0,12,0.0,0.0,0,0.17333333333333334,0,central,20580.0,0.0,271.0,0.0,0.0
central,5,6,0.0,0.0,6.0,60.0,fifo,False,False,local,59.5,30.5,29.0,0.9508196721311475,1.0,0.5027777777777778,729.0168067226891,1.611764705882354,11.3,1.2655737704918044,1.9758620689655184,1.0,1.0,10.833333333333332,12,0.0,0.0,0,0.17152777777777778,0,central,20741.0,0.0,275.0,0.0,0.0
central,6,6,0.0,0.0,6.0,60.0,fifo,False,False,local,59.5,30.0,29.5,0.9833333333333333,1.0,0.5040972222222222,725.4033613445379,1.6932489451476804,13.3,1.2831932773109254,2.10677966101695,1.0,1.0,12.416666666666666,14,0.0,0.0,0,0.17347222222222222,0,central,20798.0,0.0,277.0,0.0,0.0
central,7,6,0.0,0.0,6.0,60.0,fifo,False,False,local,58.5,29.5,29.0,0.9830508474576272,1.0,0.4884722222222222,733.5966386554621,1.7508474576271198,13.5,1.776271186440679,1.7254237288135603,1.0,1.0,12.416666666666666,11,0.0,0.0,0,0.16958333333333334,0,central,20561.0,0.0,270.0,0.0,0.0
central,8,6,0.0,0.0,6.0,60.0,fifo,False,False,local,58.5,29.5,29.0,0.9830508474576272,1.0,0.4842361111111111,737.2136752136752,2.147863247863249,13.579999999999997,1.9085470085470095,2.387179487179488,1.0,1.0,14.041666666666666,8,0.0,0.0,0,0.1711111111111111,0,central,20720.0,0.0,267.0,0.0,0.0
central,9,6,0.0,0.0,6.0,60.0,fifo,False,False,local,60.5,31.5,29.0,0.9206349206349206,1.0,0.5163194444444444,715.0909090909091,2.21687242798354,13.3,2.192063492063493,2.2435897435897445,1.0,1.0,12.416666666666666,15,0.0,0.0,0,0.18333333333333332,0,central,21133.0,0.0,282.0,0.0,0.0
central,10,6,0.0,0.0,6.0,60.0,fifo,False,False,local,59.0,30.0,29.0,0.9666666666666667,1.0,0.4896527777777777,731.3760683760684,1.7438818565400855,12.339999999999987,1.7285714285714295,1.7593220338983062,1.0,1.0,10.488095238095237,14,0.0,0.0,0,0.1726388888888889,0,central,20698.0,0.0,276.0,0.0,0.0
central,11,6,0.0,0.0,6.0,60.0,fifo,False,False,local,59.5,30.0,29.5,0.9833333333333333,1.0,0.5057638888888889,724.4333333333333,1.981512605042018,12.279999999999974,1.600000000000001,2.36949152542373,1.0,1.1666666666666667,12.273809523809524,7,0.0,0.0,0,0.17291666666666666,0,central,20799.0,0.0,271.0,0.0,0.0
central,12,6,0.0,0.0,6.0,60.0,fifo,False,False,local,61.0,30.0,31.0,0.967741935483871,1.0,0.5140972222222222,706.8347107438017,2.072950819672132,11.3,2.0852459016393454,2.060655737704919,1.0333333333333334,1.0,14.185897435897434,13,0.0,0.0,0,0.17722222222222223,0,central,21197.0,0.0,284.0,0.0,0.0
central,13,6,0.0,0.0,6.0,60.0,fifo,False,False,local,61.5,30.0,31.5,0.9523809523809523,1.0,0.509375,699.7154471544716,1.5526315789473695,9.3,1.2669421487603316,1.826984126984128,1.0,1.0634920634920635,11.75,9,0.0,0.0,0,0.17458333333333334,0,central,21018.0,0.0,279.0,0.0,0.0
central,14,6,0.0,0.0,6.0,60.0,fifo,False,False,local,58.5,29.5,29.0,0.9830508474576272,1.0,0.49618055555555557,737.7457627118644,1.9291845493562243,12.579999999999973,1.661344537815127,2.2087719298245623,1.0,1.0,11.878205128205128,13,0.0,0.0,0,0.17097222222222222,0,central,20561.0,0.0,271.0,0.0,0.0
central,15,6,0.0,0.0,6.0,60.0,fifo,False,False,local,60.5,30.0,30.5,0.9836065573770492,1.0,0.5115972222222223,721.0588235294117,2.1616666666666675,14.109999999999998,2.434453781512606,1.8933884297520671,1.0,1.0,12.683333333333332,15,0.0,0.0,0,0.17888888888888888,0,central,20884.0,0.0,279.0,0.0,0.0
central,16,6,0.0,0.0,6.0,60.0,fifo,False,False,local,59.5,29.5,30.0,0.9833333333333333,1.0,0.5059027777777778,725.1260504201681,1.8648535564853568,13.379999999999995,1.5666666666666678,2.165546218487396,1.0,1.0,11.962121212121211,11,0.0,0.0,0,0.17222222222222222,0,central,20770.0,0.0,273.0,0.0,0.0
central,17,6,0.0,0.0,6.0,60.0,fifo,False,False,local,60.0,30.0,30.0,1.0,1.0,0.5005555555555555,727.9491525423729,2.1369747899159672,13.3,1.8101694915254247,2.4583333333333344,1.0,1.0,12.627192982456139,19,0.0,0.0,0,0.17680555555555555,0,central,20900.0,0.0,282.0,0.0,0.0
central,18,6,0.0,0.0,6.0,60.0,fifo,False,False,local,60.5,30.0,30.5,0.9836065573770492,1.0,0.515,723.125,1.4900414937759348,11.3,1.5666666666666678,1.4140495867768605,1.0,1.0,11.416666666666666,11,0.0,0.0,0,0.17194444444444446,0,central,20809.0,0.0,275.0,0.0,0.0
central,19,6,0.0,0.0,6.0,60.0,fifo,False,False,local,59.5,29.5,30.0,0.9833333333333333,1.0,0.4974305555555556,725.9327731092437,2.0322175732217582,13.3,1.750000000000001,2.3168067226890767,1.0,1.0,11.416666666666666,14,0.0,0.0,0,0.17916666666666667,0,central,20955.0,0.0,278.0,0.0,0.0
central,20,6,0.0,0.0,6.0,60.0,fifo,False,False,local,60.0,30.0,30.0,1.0,1.0,0.5058333333333334,724.7916666666666,1.7225941422594153,11.3,1.6445378151260515,1.8000000000000012,1.0,1.0,11.541666666666666,8,0.0,0.0,0,0.1713888888888889,0,central,20674.0,0.0,273.0,0.0,0.0
broker,1,6,1.0,0.05,6.0,60.0,fifo,False,False,local,58.5,29.5,29.0,0.9830508474576272,1.0,0.4990972222222222,728.6779661016949,2.2459915611814356,14.699999999999978,2.7254237288135603,1.7705882352941187,1.0,1.0,10.871212121212121,11,1.5,0.0,0,0.17569444444444443,0,broker,21363.0,1115.0,261.0,0.0,0.0
broker,2,6,1.0,0.05,6.0,60.0,fifo,False,False,local,60.5,30.0,30.5,0.9836065573770492,1.0,0.5035416666666667,716.0661157024794,2.3829875518672208,14.3,2.2750000000000012,2.4900826446281004,1.0,1.0,11.032051282051281,13,1.0,0.0,0,0.18069444444444444,0,broker,21392.0,1042.0,264.0,0.0,0.0
broker,3,6,1.0,0.05,6.0,60.0,fifo,False,False,local,59.0,29.5,29.5,1.0,1.0,0.49506944444444445,735.8888888888889,2.083760683760685,13.3,2.0025641025641034,2.164957264957266,1.0344827586206897,1.0,12.878205128205128,13,0.5,0.0,0,0.17333333333333334,0,broker,21070.0,1089.0,259.0,0.0,0.0
broker,4,6,1.0,0.05,6.0,60.0,fifo,False,False,local,58.5,29.5,29.0,0.9830508474576272,1.0,0.49201388888888886,740.5982905982906,2.5365957446808522,13.3,2.259322033898306,2.8162393162393173,1.0,1.0,12.833333333333332,12,1.5,0.0,0,0.18180555555555555,0,broker,21111.0,1049.0,258.0,0.0,0.0
broker,5,6,1.0,0.05,6.0,60.0,fifo,False,False,local,59.5,30.5,29.0,0.9508196721311475,1.0,0.5029166666666667,729.0168067226891,2.2546218487394967,14.100000000000001,1.659016393442624,2.8810344827586216,1.0,1.0,12.833333333333332,12,1.0,0.0,0,0.17875,0,broker,21249.0,1043.0,262.0,0.0,0.0
broker,6,6,1.0,0.05,6.0,60.0,fifo,False,False,local,59.5,30.0,29.5,0.9833333333333333,1.0,0.5040972222222222,725.4033613445379,2.0518987341772164,14.3,1.896638655462186,2.2084745762711875,1.0,1.0,12.63095238095238,14,1.5,0.0,0,0.1748611111111111,0,broker,21299.0,1072.0,263.0,0.0,0.0
broker,7,6,1.0,0.05,6.0,60.0,fifo,False,False,local,58.5,29.5,29.0,0.9830508474576272,1.0,0.48833333333333334,733.5966386554621,2.2211864406779673,13.55,1.9457627118644079,2.4966101694915266,1.0,1.0,13.234848484848484,11,0.5,0.0,0,0.17569444444444443,0,broker,21005.0,1051.0,258.0,0.0,0.0
broker,8,6,1.0,0.05,6.0,60.0,fifo,False,False,local,58.5,29.5,29.0,0.9830508474576272,1.0,0.4842361111111111,737.2136752136752,2.605128205128206,16.649999999999995,2.4042735042735055,2.805982905982907,1.0,1.0,15.291666666666666,8,0.5,0.0,0,0.17680555555555555,0,broker,21185.0,1021.0,258.0,0.0,0.0
broker,9,6,1.0,0.05,6.0,60.0,fifo,False,False,local,60.5,31.5,29.0,0.9206349206349206,1.0,0.5161805555555556,715.0909090909091,2.5049382716049395,14.3,2.334920634920636,2.688034188034189,1.0,1.0,12.416666666666666,15,2.0,0.0,0,0.18583333333333332,0,broker,21584.0,1085.0,266.0,0.0,0.0
broker,10,6,1.0,0.05,6.0,60.0,fifo,False,False,local,59.0,30.0,29.0,0.9666666666666667,1.0,0.4895833333333333,731.3760683760684,2.3725738396624485,13.459999999999992,2.442857142857144,2.3016949152542385,1.0,1.0,13.059523809523808,14,0.5,0.0,0,0.18,0,broker,21193.0,1063.0,260.0,0.0,0.0
broker,11,6,1.0,0.05,6.0,60.0,fifo,False,False,local,59.5,30.0,29.5,0.9833333333333333,1.0,0.5057638888888889,724.4333333333333,2.376470588235295,13.3,1.875000000000001,2.8864406779661027,1.0,1.1666666666666667,15.13095238095238,7,1.5,0.0,0,0.17708333333333334,0,broker,21292.0,1063.0,262.0,0.0,0.0
broker,12,6,1.0,0.05,6.0,60.0,fifo,False,False,local,61.0,30.0,31.0,0.967741935483871,1.0,0.5140972222222222,706.8347107438017,2.007377049180329,12.949999999999996,2.07704918032787,1.9377049180327879,1.0166666666666666,1.0,14.80128205128205,13,0.5,0.0,0,0.18013888888888888,0,broker,21584.0,1051.0,269.0,0.0,0.0
broker,13,6,1.0,0.05,6.0,60.0,fifo,False,False,local,61.5,30.0,31.5,0.9523809523809523,1.0,0.5093749999999999,699.7154471544716,2.4352226720647785,14.239999999999998,2.266942148760332,2.596825396825398,1.0,1.0634920634920635,11.527777777777777,9,0.0,0.0,0,0.18597222222222223,0,broker,21662.0,1104.0,270.0,0.0,0.0
broker,14,6,1.0,0.05,6.0,60.0,fifo,False,False,local,58.0,29.5,28.5,0.9661016949152542,1.0,0.49597222222222226,737.7457627118644,2.740343347639486,16.179999999999996,2.53529411764706,2.954385964912282,1.0,1.0,12.647435897435896,13,1.0,0.0,0,0.17833333333333334,0,broker,21165.0,1087.0,257.0,0.0,0.0
broker,15,6,1.0,0.05,6.0,60.0,fifo,False,False,local,60.5,30.0,30.5,0.9836065573770492,1.0,0.5115972222222223,721.0588235294117,2.4533333333333345,14.3,2.543697478991598,2.3644628099173564,1.0,1.0,14.149999999999999,15,0.0,0.0,0,0.18458333333333332,0,broker,21362.0,1076.0,263.0,0.0,0.0
broker,16,6,1.0,0.05,6.0,60.0,fifo,False,False,local,59.5,29.5,30.0,0.9833333333333333,1.0,0.5058333333333334,725.1260504201681,2.2121338912133903,13.3,1.6666666666666676,2.762184873949581,1.0,1.0,11.416666666666666,11,1.5,0.0,0,0.17555555555555555,0,broker,21223.0,1091.0,261.0,0.0,0.0
broker,17,6,1.0,0.05,6.0,60.0,fifo,False,False,local,60.0,30.0,30.0,1.0,1.0,0.5005555555555555,727.9491525423729,1.8512605042016816,13.129999999999997,1.6576271186440688,2.041666666666668,1.0,1.0,13.837719298245613,19,0.5,0.0,0,0.17777777777777778,0,broker,21180.0,1042.0,261.0,0.0,0.0
broker,18,6,1.0,0.05,6.0,60.0,fifo,False,False,local,60.5,30.0,30.5,0.9836065573770492,1.0,0.5146527777777778,723.125,1.9158333333333344,11.339999999999987,1.8630252100840348,1.9677685950413233,1.0,1.0,12.143939393939393,11,0.5,0.0,0,0.17722222222222223,0,broker,21242.0,1041.0,263.0,0.0,0.0
broker,19,6,1.0,0.05,6.0,60.0,fifo,False,False,local,59.5,29.5,30.0,0.9833333333333333,1.0,0.4974305555555556,725.9327731092437,2.5384937238493737,14.379999999999995,2.3416666666666677,2.7369747899159673,1.0,1.0,11.702380952380953,14,1.0,0.0,0,0.1836111111111111,0,broker,21483.0,1051.0,263.0,0.0,0.0
broker,20,6,1.0,0.05,6.0,60.0,fifo,False,False,local,60.0,30.0,30.0,1.0,1.0,0.5059027777777778,724.7916666666666,2.5719665271966536,14.3,2.7369747899159673,2.4083333333333345,1.0,1.0,11.916666666666666,8,0.0,0.0,0,0.17972222222222223,0,broker,21301.0,1030.0,261.0,0.0,0.0
