strategy,seed,trucks_per_brand,comm_latency,comm_loss,manual_rate,dump_time,priority_rule,shared_crusher,outage,fallback,throughput_per_h,throughput_A_per_h,throughput_B_per_h,brand_fairness,loader_utilisation,crusher_utilisation,cycle_time_mean_s,truck_delay_mean_s,truck_delay_p95_s,truck_delay_A_s,truck_delay_B_s,crusher_wait_A_s,crusher_wait_B_s,manual_delay_mean_s,manual_crossings,interventions_per_h,severe_interventions_per_h,hard_blocks,zone_utilisation,safety_violations,messages_sent,messages_lost,grants_issued,lease_expiries,fallback_share,tag
broker,1,4,0.0,0.0,0,60.0,fifo,False,False,local,58.5,29.5,29.0,0.9830508474576272,1.0,0.4988194444444444,486.26271186440675,1.549789029535866,9.3,1.9118644067796622,1.1907563025210095,1.0,1.0,0.0,0,0.0,0.0,0,0.16472222222222221,0,20798.0,0.0,261.0,0.0,0.0,broker
broker,2,4,0.0,0.0,0,60.0,fifo,False,False,local,60.5,30.0,30.5,0.9836065573770492,1.0,0.5035416666666667,477.0495867768595,1.4576763485477189,10.100000000000001,1.4583333333333344,1.4570247933884308,1.0,1.0,0.0,0,0.0,0.0,0,0.16527777777777777,0,20805.0,0.0,264.0,0.0,0.0,broker
broker,3,4,0.0,0.0,0,60.0,fifo,False,False,local,59.0,29.5,29.5,1.0,1.0,0.49506944444444445,490.85470085470087,1.4042735042735053,9.3,1.4641025641025651,1.3444444444444454,1.0344827586206897,1.0,0.0,0,0.0,0.0,0,0.1609722222222222,0,20562.0,0.0,259.0,0.0,0.0,broker
broker,4,4,0.0,0.0,0,60.0,fifo,False,False,local,58.5,29.5,29.0,0.9830508474576272,1.0,0.49201388888888886,493.0683760683761,1.5748936170212777,9.3,1.3355932203389842,1.8162393162393173,1.0,1.0,0.0,0,0.0,0.0,0,0.16291666666666665,0,20491.0,0.0,258.0,0.0,0.0,broker
broker,5,4,0.0,0.0,0,60.0,fifo,False,False,local,59.5,30.5,29.0,0.9508196721311475,1.0,0.5027777777777778,485.8655462184874,1.334453781512606,8.279999999999974,0.9622950819672141,1.7258620689655184,1.0,1.0,0.0,0,0.0,0.0,0,0.16236111111111112,0,20664.0,0.0,262.0,0.0,0.0,broker
broker,6,4,0.0,0.0,0,60.0,fifo,False,False,local,59.5,30.0,29.5,0.9833333333333333,1.0,0.5040972222222222,484.02521008403363,1.2375527426160349,8.100000000000001,1.0058823529411776,1.4711864406779671,1.0,1.0,0.0,0,0.0,0.0,0,0.16152777777777777,0,20732.0,0.0,263.0,0.0,0.0,broker
broker,7,4,0.0,0.0,0,60.0,fifo,False,False,local,58.5,29.5,29.0,0.9830508474576272,1.0,0.4884722222222222,488.3613445378151,1.3991525423728823,8.400000000000002,1.200000000000001,1.5983050847457638,1.0,1.0,0.0,0,0.0,0.0,0,0.16125,0,20486.0,0.0,258.0,0.0,0.0,broker
broker,8,4,0.0,0.0,0,60.0,fifo,False,False,local,58.5,29.5,29.0,0.9830508474576272,1.0,0.4842361111111111,491.9316239316239,1.7888888888888899,12.100000000000001,1.5324786324786335,2.0452991452991465,1.0,1.0,0.0,0,0.0,0.0,0,0.165,0,20646.0,0.0,258.0,0.0,0.0,broker
broker,9,4,0.0,0.0,0,60.0,fifo,False,False,local,60.5,31.5,29.0,0.9206349206349206,1.0,0.5163194444444444,476.73553719008265,1.7065843621399188,12.019999999999984,1.4698412698412708,1.9615384615384626,1.0,1.0,0.0,0,0.0,0.0,0,0.17,0,21026.0,0.0,266.0,0.0,0.0,broker
broker,10,4,0.0,0.0,0,60.0,fifo,False,False,local,59.0,30.0,29.0,0.9666666666666667,1.0,0.4896527777777777,488.15384615384613,1.4864978902953596,9.65999999999998,1.627731092436976,1.3440677966101706,1.0,1.0,0.0,0,0.0,0.0,0,0.1626388888888889,0,20584.0,0.0,260.0,0.0,0.0,broker
broker,11,4,0.0,0.0,0,60.0,fifo,False,False,local,59.5,30.0,29.5,0.9833333333333333,1.0,0.5057638888888889,482.76666666666665,1.5109243697479002,9.3,1.100000000000001,1.928813559322035,1.0,1.1666666666666667,0.0,0,0.0,0.0,0,0.1651388888888889,0,20714.0,0.0,262.0,0.0,0.0,broker
broker,12,4,0.0,0.0,0,60.0,fifo,False,False,local,61.0,30.0,31.0,0.967741935483871,1.0,0.5140972222222222,471.77685950413223,1.2245901639344272,8.100000000000001,1.2819672131147553,1.1672131147540994,1.0,1.0,0.0,0,0.0,0.0,0,0.16527777777777777,0,21022.0,0.0,269.0,0.0,0.0,broker
broker,13,4,0.0,0.0,0,60.0,fifo,False,False,local,61.5,30.0,31.5,0.9523809523809523,1.0,0.509375,466.8861788617886,1.3421052631578958,7.300000000000001,1.1016528925619846,1.573015873015874,1.0,1.0634920634920635,0.0,0,0.0,0.0,0,0.1675,0,20986.0,0.0,270.0,0.0,0.0,broker
broker,14,4,0.0,0.0,0,60.0,fifo,False,False,local,58.5,29.5,29.0,0.9830508474576272,1.0,0.49618055555555557,492.1186440677966,1.7274678111587993,10.100000000000001,1.476470588235295,1.9894736842105274,1.0,1.0,0.0,0,0.0,0.0,0,0.16180555555555556,0,20554.0,0.0,257.0,0.0,0.0,broker
broker,15,4,0.0,0.0,0,60.0,fifo,False,False,local,60.5,30.0,30.5,0.9836065573770492,1.0,0.5115972222222223,480.93277310924367,1.5200000000000011,9.399999999999967,1.762184873949581,1.2818181818181829,1.0,1.0,0.0,0,0.0,0.0,0,0.16625,0,20779.0,0.0,263.0,0.0,0.0,broker
broker,16,4,0.0,0.0,0,60.0,fifo,False,False,local,59.5,29.5,30.0,0.9833333333333333,1.0,0.5059027777777778,483.8487394957983,1.500836820083683,11.100000000000001,1.2833333333333343,1.7201680672268918,1.0,1.0,0.0,0,0.0,0.0,0,0.16277777777777777,0,20712.0,0.0,261.0,0.0,0.0,broker
broker,17,4,0.0,0.0,0,60.0,fifo,False,False,local,60.0,30.0,30.0,1.0,1.0,0.5005555555555555,485.66101694915255,1.2798319327731102,10.249999999999979,1.1322033898305095,1.4250000000000012,1.0,1.0,0.0,0,0.0,0.0,0,0.1625,0,20720.0,0.0,261.0,0.0,0.0,broker
broker,18,4,0.0,0.0,0,60.0,fifo,False,False,local,60.5,30.0,30.5,0.9836065573770492,1.0,0.5145138888888889,480.875,1.2286307053941918,7.300000000000001,1.0416666666666676,1.4140495867768605,1.0,1.0,0.0,0,0.0,0.0,0,0.16305555555555556,0,20713.0,0.0,263.0,0.0,0.0,broker
broker,19,4,0.0,0.0,0,60.0,fifo,False,False,local,59.5,29.5,30.0,0.9833333333333333,1.0,0.4974305555555556,484.39495798319325,1.8397489539748966,12.219999999999995,1.700000000000001,1.9806722689075642,1.0,1.0,0.0,0,0.0,0.0,0,0.16958333333333334,0,20933.0,0.0,263.0,0.0,0.0,broker
broker,20,4,0.0,0.0,0,60.0,fifo,False,False,local,60.0,30.0,30.0,1.0,1.0,0.5058333333333334,483.09166666666664,1.5510460251046037,10.219999999999995,1.484873949579833,1.6166666666666678,1.0,1.0,0.0,0,0.0,0.0,0,0.16625,0,20649.0,0.0,261.0,0.0,0.0,broker
broker,1,4,0.0,0.1,0,60.0,fifo,False,False,local,58.5,29.5,29.0,0.9830508474576272,1.0,0.4988194444444444,486.26271186440675,1.6004219409282712,11.100000000000001,1.9627118644067807,1.2411764705882364,1.0,1.0,0.0,0,0.0,0.0,0,0.16527777777777777,0,20845.0,2113.0,261.0,0.0,0.0,broker
broker,2,4,0.0,0.1,0,60.0,fifo,False,False,local,60.5,30.0,30.5,0.9836065573770492,1.0,0.5035416666666667,477.0495867768595,1.553112033195022,11.3,1.5083333333333344,1.5975206611570258,1.0,1.0,0.0,0,0.0,0.0,0,0.16652777777777777,0,20864.0,2047.0,264.0,0.0,0.0,broker
broker,3,4,0.0,0.1,0,60.0,fifo,False,False,local,59.0,29.5,29.5,1.0,1.0,0.49506944444444445,490.85470085470087,1.4341880341880353,7.999999999999989,1.506837606837608,1.3615384615384627,1.0344827586206897,1.0,0.0,0,0.0,0.0,0,0.16152777777777777,0,20589.0,2080.0,259.0,0.0,0.0001388888888888889,broker
broker,4,4,0.0,0.1,0,60.0,fifo,False,False,local,58.5,29.5,29.0,0.9830508474576272,1.0,0.49201388888888886,493.0683760683761,1.6940425531914904,10.100000000000001,1.4203389830508486,1.970085470085471,1.0,1.0,0.0,0,0.0,0.0,0,0.16375,0,20563.0,1961.0,258.0,0.0,0.0,broker
broker,5,4,0.0,0.1,0,60.0,fifo,False,False,local,59.5,30.5,29.0,0.9508196721311475,1.0,0.5027777777777778,485.8655462184874,1.4058823529411775,10.100000000000001,1.0032786885245912,1.8293103448275874,1.0,1.0,0.0,0,0.0,0.0,0,0.16319444444444445,0,20719.0,2046.0,262.0,0.0,0.0001388888888888889,broker
broker,6,4,0.0,0.1,0,60.0,fifo,False,False,local,59.5,30.0,29.5,0.9833333333333333,1.0,0.5040972222222222,484.02521008403363,1.2839662447257394,8.100000000000001,1.0478991596638667,1.5220338983050858,1.0,1.0,0.0,0,0.0,0.0,0,0.16152777777777777,0,20784.0,2025.0,263.0,0.0,0.0,broker
broker,7,4,0.0,0.1,0,60.0,fifo,False,False,local,58.5,29.5,29.0,0.9830508474576272,1.0,0.48840277777777774,488.3613445378151,1.4711864406779671,8.400000000000002,1.2847457627118655,1.6576271186440688,1.0,1.0,0.0,0,0.0,0.0,0,0.1622222222222222,0,20538.0,2059.0,258.0,0.0,0.0,broker
broker,8,4,0.0,0.1,0,60.0,fifo,False,False,local,58.5,29.5,29.0,0.9830508474576272,1.0,0.4842361111111111,491.9316239316239,1.8487179487179497,13.579999999999997,1.5923076923076933,2.105128205128206,1.0,1.0,0.0,0,0.0,0.0,0,0.16541666666666666,0,20688.0,2059.0,258.0,0.0,0.0,broker
broker,9,4,0.0,0.1,0,60.0,fifo,False,False,local,60.5,31.5,29.0,0.9206349206349206,1.0,0.5163194444444444,476.73553719008265,1.7971193415637872,12.019999999999984,1.573015873015874,2.0384615384615397,1.0,1.0,0.0,0,0.0,0.0,0,0.17041666666666666,0,21086.0,2121.0,266.0,0.0,0.0,broker
broker,10,4,0.0,0.1,0,60.0,fifo,False,False,local,59.0,30.0,29.0,0.9666666666666667,1.0,0.4896527777777777,488.15384615384613,1.5582278481012668,9.85999999999997,1.711764705882354,1.4033898305084755,1.0,1.0,0.0,0,0.0,0.0,0,0.1634722222222222,0,20637.0,2038.0,260.0,0.0,0.0,broker
broker,11,4,0.0,0.1,0,60.0,fifo,False,False,local,59.5,30.0,29.5,0.9833333333333333,1.0,0.5057638888888889,482.76666666666665,1.5487394957983205,9.3,1.1333333333333344,1.9711864406779671,1.0,1.1666666666666667,0.0,0,0.0,0.0,0,0.16569444444444445,0,20747.0,2097.0,262.0,0.0,0.0,broker
broker,12,4,0.0,0.1,0,60.0,fifo,False,False,local,61.0,30.0,31.0,0.967741935483871,1.0,0.5140972222222222,471.77685950413223,1.3434426229508207,9.3,1.4049180327868862,1.2819672131147553,1.0,1.0,0.0,0,0.0,0.0,0,0.16680555555555557,0,21092.0,2104.0,269.0,0.0,0.0,broker
broker,13,4,0.0,0.1,0,60.0,fifo,False,False,local,61.5,30.0,31.5,0.9523809523809523,1.0,0.5094444444444444,466.8861788617886,1.4149797570850213,8.699999999999978,1.1925619834710754,1.6285714285714297,1.0,1.0634920634920635,0.0,0,0.0,0.0,0,0.1686111111111111,0,21043.0,2198.0,270.0,0.0,0.0,broker
broker,14,4,0.0,0.1,0,60.0,fifo,False,False,local,58.5,29.5,29.0,0.9830508474576272,1.0,0.49618055555555557,492.1186440677966,1.7832618025751084,10.100000000000001,1.5521008403361356,2.024561403508773,1.0,1.0,0.0,0,0.0,0.0,0,0.16277777777777777,0,20612.0,2040.0,257.0,0.0,0.0,broker
broker,15,4,0.0,0.1,0,60.0,fifo,False,False,local,60.5,30.0,30.5,0.9836065573770492,1.0,0.5115972222222223,480.93277310924367,1.595000000000001,11.3,1.8294117647058834,1.3644628099173564,1.0,1.0,0.0,0,0.0,0.0,0,0.16722222222222222,0,20824.0,2105.0,263.0,0.0,0.0,broker
broker,16,4,0.0,0.1,0,60.0,fifo,False,False,local,59.5,29.5,30.0,0.9833333333333333,1.0,0.5059027777777778,483.8487394957983,1.5635983263598336,11.199999999999996,1.3416666666666677,1.7873949579831943,1.0,1.0,0.0,0,0.0,0.0,0,0.16319444444444445,0,20767.0,2103.0,261.0,0.0,0.0,broker
broker,17,4,0.0,0.1,0,60.0,fifo,False,False,local,60.0,30.0,30.0,1.0,1.0,0.5005555555555555,485.66101694915255,1.3680672268907574,11.129999999999997,1.2084745762711875,1.525000000000001,1.0,1.0,0.0,0,0.0,0.0,0,0.16305555555555556,0,20776.0,2081.0,261.0,0.0,0.0,broker
broker,18,4,0.0,0.1,0,60.0,fifo,False,False,local,60.5,30.0,30.5,0.9836065573770492,1.0,0.5145138888888889,480.875,1.2701244813278019,8.100000000000001,1.075000000000001,1.4636363636363647,1.0,1.0,0.0,0,0.0,0.0,0,0.16333333333333333,0,20754.0,2014.0,263.0,0.0,0.0,broker
broker,19,4,0.0,0.1,0,60.0,fifo,False,False,local,59.5,29.5,30.0,0.9833333333333333,1.0,0.4974305555555556,484.39495798319325,1.9066945606694572,13.3,1.7833333333333343,2.031092436974791,1.0,1.0,0.0,0,0.0,0.0,0,0.17055555555555554,0,20985.0,2157.0,263.0,0.0,0.0,broker
broker,20,4,0.0,0.1,0,60.0,fifo,False,False,local,60.0,30.0,30.0,1.0,1.0,0.5058333333333334,483.09166666666664,1.6138075313807543,11.3,1.526890756302522,1.700000000000001,1.0,1.0,0.0,0,0.0,0.0,0,0.16666666666666666,0,20697.0,1996.0,261.0,0.0,0.0,broker
broker,1,4,0.0,0.3,0,60.0,fifo,False,False,local,58.5,29.5,29.0,0.9830508474576272,1.0,0.49895833333333334,486.26271186440675,1.8831223628691993,11.459999999999992,2.4796610169491538,1.2915966386554631,1.0,1.0,0.0,0,0.0,0.0,0,0.16666666666666666,0,21024.0,6330.0,261.0,1.0,0.002777777777777778,broker
broker,2,4,0.0,0.3,0,60.0,fifo,False,False,local,60.5,30.0,30.5,0.9836065573770492,1.0,0.5035416666666667,477.0495867768595,1.8684647302904576,12.100000000000001,1.975000000000001,1.762809917355373,1.0,1.0,0.0,0,0.0,0.0,0,0.16819444444444445,0,21054.0,6270.0,264.0,1.0,0.0019444444444444444,broker
broker,3,4,0.0,0.3,0,60.0,fifo,False,False,local,59.0,29.5,29.5,1.0,1.0,0.49506944444444445,490.85470085470087,1.6905982905982917,10.449999999999996,1.7632478632478643,1.617948717948719,1.0344827586206897,1.0,0.0,0,0.0,0.0,0,0.1638888888888889,0,20811.0,6283.0,259.0,3.0,0.0019444444444444444,broker
broker,4,4,0.0,0.3,0,60.0,fifo,False,False,local,58.5,29.5,29.0,0.9830508474576272,1.0,0.49201388888888886,493.0683760683761,1.808936170212767,10.100000000000001,1.5898305084745774,2.029914529914531,1.0,1.0,0.0,0,0.0,0.0,0,0.16541666666666666,0,20691.0,6187.0,258.0,0.0,0.0022222222222222222,broker
broker,5,4,0.0,0.3,0,60.0,fifo,False,False,local,59.5,30.5,29.0,0.9508196721311475,1.0,0.5028472222222222,485.8655462184874,1.6789915966386566,11.3,1.240983606557378,2.139655172413794,1.0,1.0,0.0,0,0.0,0.0,0,0.16597222222222222,0,20888.0,6229.0,262.0,0.0,0.0033333333333333335,broker
broker,6,4,0.0,0.3,0,60.0,fifo,False,False,local,59.5,30.0,29.5,0.9833333333333333,1.0,0.5040972222222222,484.02521008403363,1.7649789029535876,13.3,1.4260504201680684,2.10677966101695,1.0,1.0,0.0,0,0.0,0.0,0,0.165,0,21027.0,6343.0,263.0,2.0,0.0022222222222222222,broker
broker,7,4,0.0,0.3,0,60.0,fifo,False,False,local,58.5,29.5,29.0,0.9830508474576272,1.0,0.48840277777777774,488.3613445378151,1.6872881355932214,9.3,1.3440677966101706,2.0305084745762723,1.0,1.0,0.0,0,0.0,0.0,0,0.16305555555555556,0,20707.0,6264.0,258.0,2.0,0.0015277777777777779,broker
broker,8,4,0.0,0.3,0,60.0,fifo,False,False,local,58.5,29.5,29.0,0.9830508474576272,1.0,0.4842361111111111,491.9316239316239,2.122222222222223,14.3,1.865811965811967,2.3786324786324795,1.0,1.0,0.0,0,0.0,0.0,0,0.16708333333333333,0,20854.0,6256.0,258.0,0.0,0.0030555555555555557,broker
broker,9,4,0.0,0.3,0,60.0,fifo,False,False,local,60.5,31.5,29.0,0.9206349206349206,1.0,0.5163194444444444,476.73553719008265,2.0646090534979433,13.179999999999973,1.8111111111111122,2.3376068376068386,1.0,1.0,0.0,0,0.0,0.0,0,0.17222222222222222,0,21245.0,6394.0,266.0,0.0,0.0018055555555555555,broker
broker,10,4,0.0,0.3,0,60.0,fifo,False,False,local,59.0,30.0,29.0,0.9666666666666667,1.0,0.4896527777777777,488.15384615384613,1.9632911392405075,12.100000000000001,2.0226890756302534,1.9033898305084755,1.0,1.0,0.0,0,0.0,0.0,0,0.16847222222222222,0,20876.0,6267.0,260.0,1.0,0.0022222222222222222,broker
broker,11,4,0.0,0.3,0,60.0,fifo,False,False,local,59.5,30.0,29.5,0.9833333333333333,1.0,0.5057638888888889,482.76666666666665,1.8050420168067238,11.129999999999997,1.475000000000001,2.140677966101696,1.0,1.1666666666666667,0.0,0,0.0,0.0,0,0.16777777777777778,0,20910.0,6250.0,262.0,0.0,0.0016666666666666668,broker
broker,12,4,0.0,0.3,0,60.0,fifo,False,False,local,61.0,30.0,31.0,0.967741935483871,1.0,0.5140972222222222,471.77685950413223,1.466393442622952,10.949999999999996,1.57704918032787,1.355737704918034,1.0,1.0,0.0,0,0.0,0.0,0,0.16819444444444445,0,21232.0,6446.0,269.0,1.0,0.002916666666666667,broker
broker,13,4,0.0,0.3,0,60.0,fifo,False,False,local,61.5,30.0,31.5,0.9523809523809523,1.0,0.5095833333333333,466.8861788617886,1.7064777327935234,10.100000000000001,1.5975206611570258,1.8111111111111122,1.0,1.0634920634920635,0.0,0,0.0,0.0,0,0.17152777777777778,0,21237.0,6389.0,270.0,0.0,0.0015277777777777779,broker
broker,14,4,0.0,0.3,0,60.0,fifo,False,False,local,58.0,29.5,28.5,0.9661016949152542,1.0,0.4961111111111111,492.1186440677966,2.2510729613733917,12.97999999999995,2.1823529411764717,2.3228070175438607,1.0,1.0,0.0,0,0.0,0.0,0,0.16680555555555557,0,20864.0,6193.0,257.0,1.0,0.0009722222222222222,broker
broker,15,4,0.0,0.3,0,60.0,fifo,False,False,local,60.5,30.0,30.5,0.9836065573770492,1.0,0.5115972222222223,480.93277310924367,1.8325000000000011,13.109999999999998,2.0983193277310934,1.5710743801652902,1.0,1.0,0.0,0,0.0,0.0,0,0.1688888888888889,0,20978.0,6288.0,263.0,1.0,0.002777777777777778,broker
broker,16,4,0.0,0.3,0,60.0,fifo,False,False,local,59.5,29.5,30.0,0.9833333333333333,1.0,0.5060416666666667,483.8487394957983,1.7309623430962353,12.100000000000001,1.4166666666666676,2.0478991596638667,1.0,1.0,0.0,0,0.0,0.0,0,0.16555555555555557,0,20970.0,6369.0,261.0,3.0,0.0011111111111111111,broker
broker,17,4,0.0,0.3,0,60.0,fifo,False,False,local,60.0,30.0,30.0,1.0,1.0,0.5005555555555555,485.66101694915255,1.5613445378151272,11.3,1.3949152542372891,1.725000000000001,1.0,1.0,0.0,0,0.0,0.0,0,0.1651388888888889,0,20950.0,6252.0,261.0,1.0,0.0018055555555555555,broker
broker,18,4,0.0,0.3,0,60.0,fifo,False,False,local,60.5,30.0,30.5,0.9836065573770492,1.0,0.5145138888888889,480.875,1.8385892116182583,13.3,1.6083333333333345,2.0669421487603317,1.0,1.0,0.0,0,0.0,0.0,0,0.16944444444444445,0,21064.0,6277.0,263.0,3.0,0.0015277777777777779,broker
broker,19,4,0.0,0.3,0,60.0,fifo,False,False,local,59.5,29.5,30.0,0.9833333333333333,1.0,0.4974305555555556,484.39495798319325,2.19121338912134,14.100000000000001,2.175000000000001,2.207563025210085,1.0,1.0,0.0,0,0.0,0.0,0,0.17333333333333334,0,21225.0,6394.0,263.0,2.0,0.0031944444444444446,broker
broker,20,4,0.0,0.3,0,60.0,fifo,False,False,local,60.0,30.0,30.0,1.0,1.0,0.5058333333333334,483.09166666666664,1.9485355648535576,12.100000000000001,2.0058823529411773,1.8916666666666677,1.0,1.0,0.0,0,0.0,0.0,0,0.17,0,20988.0,6230.0,261.0,2.0,0.0016666666666666668,broker
broker,1,4,1.0,0.0,0,60.0,fifo,False,False,local,58.5,29.5,29.0,0.9830508474576272,1.0,0.4990972222222222,486.26271186440675,2.208016877637132,14.699999999999978,2.6830508474576282,1.7369747899159675,1.0,1.0,0.0,0,0.0,0.0,0,0.16930555555555554,0,21333.0,0.0,261.0,0.0,0.0,broker
broker,2,4,1.0,0.0,0,60.0,fifo,False,False,local,60.5,30.0,30.5,0.9836065573770492,1.0,0.5035416666666667,477.0495867768595,2.237759336099586,14.3,2.0833333333333344,2.390909090909092,1.0,1.0,0.0,0,0.0,0.0,0,0.17180555555555554,0,21319.0,0.0,264.0,0.0,0.0,broker
broker,3,4,1.0,0.0,0,60.0,fifo,False,False,local,59.0,29.5,29.5,1.0,1.0,0.49506944444444445,490.85470085470087,1.947008547008548,10.519999999999994,1.8401709401709412,2.053846153846155,1.0344827586206897,1.0,0.0,0,0.0,0.0,0,0.1651388888888889,0,21002.0,0.0,259.0,0.0,0.0,broker
broker,4,4,1.0,0.0,0,60.0,fifo,False,False,local,58.5,29.5,29.0,0.9830508474576272,1.0,0.49201388888888886,493.0683760683761,2.4514893617021287,13.3,2.216949152542374,2.688034188034189,1.0,1.0,0.0,0,0.0,0.0,0,0.1736111111111111,0,21062.0,0.0,258.0,0.0,0.0,broker
broker,5,4,1.0,0.0,0,60.0,fifo,False,False,local,59.5,30.5,29.0,0.9508196721311475,1.0,0.5029166666666667,485.8655462184874,2.1873949579831944,14.100000000000001,1.57704918032787,2.8293103448275874,1.0,1.0,0.0,0,0.0,0.0,0,0.17166666666666666,0,21212.0,0.0,262.0,0.0,0.0,broker
broker,6,4,1.0,0.0,0,60.0,fifo,False,False,local,59.5,30.0,29.5,0.9833333333333333,1.0,0.5040972222222222,484.02521008403363,1.9801687763713092,14.3,1.80420168067227,2.157627118644069,1.0,1.0,0.0,0,0.0,0.0,0,0.1663888888888889,0,21255.0,0.0,263.0,0.0,0.0,broker
broker,7,4,1.0,0.0,0,60.0,fifo,False,False,local,58.5,29.5,29.0,0.9830508474576272,1.0,0.48833333333333334,488.3613445378151,2.174576271186442,13.3,1.8949152542372891,2.4542372881355945,1.0,1.0,0.0,0,0.0,0.0,0,0.1698611111111111,0,20979.0,0.0,258.0,0.0,0.0,broker
broker,8,4,1.0,0.0,0,60.0,fifo,False,False,local,58.5,29.5,29.0,0.9830508474576272,1.0,0.4842361111111111,491.9316239316239,2.570940170940172,16.649999999999995,2.3615384615384625,2.7803418803418816,1.0,1.0,0.0,0,0.0,0.0,0,0.17208333333333334,0,21159.0,0.0,258.0,0.0,0.0,broker
broker,9,4,1.0,0.0,0,60.0,fifo,False,False,local,60.5,31.5,29.0,0.9206349206349206,1.0,0.5161805555555556,476.73553719008265,2.397942386831277,14.279999999999996,2.192063492063493,2.6196581196581206,1.0,1.0,0.0,0,0.0,0.0,0,0.1763888888888889,0,21523.0,0.0,266.0,0.0,0.0,broker
broker,10,4,1.0,0.0,0,60.0,fifo,False,False,local,59.0,30.0,29.0,0.9666666666666667,1.0,0.4895833333333333,488.15384615384613,2.321940928270043,13.459999999999992,2.3924369747899172,2.2508474576271196,1.0,1.0,0.0,0,0.0,0.0,0,0.17208333333333334,0,21167.0,0.0,260.0,0.0,0.0,broker
broker,11,4,1.0,0.0,0,60.0,fifo,False,False,local,59.5,30.0,29.5,0.9833333333333333,1.0,0.5057638888888889,482.76666666666665,2.3092436974789927,13.3,1.825000000000001,2.8016949152542385,1.0,1.1666666666666667,0.0,0,0.0,0.0,0,0.17277777777777778,0,21244.0,0.0,262.0,0.0,0.0,broker
broker,12,4,1.0,0.0,0,60.0,fifo,False,False,local,61.0,30.0,31.0,0.967741935483871,1.0,0.5140972222222222,471.77685950413223,1.9418032786885258,11.979999999999997,2.003278688524591,1.88032786885246,1.0,1.0,0.0,0,0.0,0.0,0,0.17222222222222222,0,21541.0,0.0,269.0,0.0,0.0,broker
broker,13,4,1.0,0.0,0,60.0,fifo,False,False,local,61.5,30.0,31.5,0.9523809523809523,1.0,0.5093749999999999,466.8861788617886,2.3866396761133615,14.239999999999998,2.233884297520662,2.5333333333333345,1.0,1.0634920634920635,0.0,0,0.0,0.0,0,0.18069444444444444,0,21632.0,0.0,270.0,0.0,0.0,broker
broker,14,4,1.0,0.0,0,60.0,fifo,False,False,local,58.0,29.5,28.5,0.9661016949152542,1.0,0.49604166666666666,492.1186440677966,2.6759656652360526,16.179999999999996,2.4512605042016817,2.910526315789475,1.0,1.0,0.0,0,0.0,0.0,0,0.17041666666666666,0,21123.0,0.0,257.0,0.0,0.0,broker
broker,15,4,1.0,0.0,0,60.0,fifo,False,False,local,60.5,30.0,30.5,0.9836065573770492,1.0,0.5115972222222223,480.93277310924367,2.3533333333333344,14.3,2.4596638655462195,2.2487603305785133,1.0,1.0,0.0,0,0.0,0.0,0,0.17569444444444443,0,21310.0,0.0,263.0,0.0,0.0,broker
broker,16,4,1.0,0.0,0,60.0,fifo,False,False,local,59.5,29.5,30.0,0.9833333333333333,1.0,0.5058333333333334,483.8487394957983,2.2205020920502103,13.379999999999995,1.8666666666666678,2.577310924369749,1.0,1.0,0.0,0,0.0,0.0,0,0.1688888888888889,0,21199.0,0.0,261.0,0.0,0.0,broker
broker,17,4,1.0,0.0,0,60.0,fifo,False,False,local,60.0,30.0,30.0,1.0,1.0,0.5005555555555555,485.66101694915255,1.8218487394957994,13.129999999999997,1.6491525423728823,1.9916666666666678,1.0,1.0,0.0,0,0.0,0.0,0,0.16680555555555557,0,21154.0,0.0,261.0,0.0,0.0,broker
broker,18,4,1.0,0.0,0,60.0,fifo,False,False,local,60.5,30.0,30.5,0.9836065573770492,1.0,0.5146527777777778,480.875,1.8991666666666678,12.149999999999984,1.669747899159665,2.124793388429753,1.0,1.0,0.0,0,0.0,0.0,0,0.17097222222222222,0,21223.0,0.0,263.0,0.0,0.0,broker
broker,19,4,1.0,0.0,0,60.0,fifo,False,False,local,59.5,29.5,30.0,0.9833333333333333,1.0,0.4974305555555556,484.39495798319325,2.492468619246863,14.379999999999995,2.2750000000000012,2.711764705882354,1.0,1.0,0.0,0,0.0,0.0,0,0.17555555555555555,0,21453.0,0.0,263.0,0.0,0.0,broker
broker,20,4,1.0,0.0,0,60.0,fifo,False,False,local,60.0,30.0,30.0,1.0,1.0,0.5058333333333334,483.09166666666664,2.492468619246863,14.120000000000001,2.6613445378151273,2.325000000000001,1.0,1.0,0.0,0,0.0,0.0,0,0.17472222222222222,0,21241.0,0.0,261.0,0.0,0.0,broker
broker,1,4,1.0,0.1,0,60.0,fifo,False,False,local,58.5,29.5,29.0,0.9830508474576272,1.0,0.49854166666666666,486.26271186440675,2.2839662447257396,14.699999999999978,2.640677966101696,1.9302521008403373,1.0,1.0,0.0,0,0.0,0.0,0,0.16972222222222222,0,21406.0,2173.0,261.0,0.0,0.0,broker
broker,2,4,1.0,0.1,0,60.0,fifo,False,False,local,60.5,30.0,30.5,0.9836065573770492,1.0,0.5035416666666667,477.0495867768595,2.341493775933611,14.3,2.1916666666666678,2.4900826446281004,1.0,1.0,0.0,0,0.0,0.0,0,0.17277777777777778,0,21377.0,2097.0,264.0,0.0,0.0,broker
broker,3,4,1.0,0.1,0,60.0,fifo,False,False,local,59.0,29.5,29.5,1.0,1.0,0.49506944444444445,490.85470085470087,2.015384615384616,10.519999999999994,1.8572649572649584,2.1735042735042747,1.0344827586206897,1.0,0.0,0,0.0,0.0,0,0.16625,0,21055.0,2130.0,259.0,0.0,0.0001388888888888889,broker
broker,4,4,1.0,0.1,0,60.0,fifo,False,False,local,58.5,29.5,29.0,0.9830508474576272,1.0,0.49201388888888886,493.0683760683761,2.5748936170212775,13.3,2.327118644067798,2.824786324786326,1.0,1.0,0.0,0,0.0,0.0,0,0.17458333333333334,0,21135.0,2029.0,258.0,0.0,0.0,broker
broker,5,4,1.0,0.1,0,60.0,fifo,False,False,local,59.5,30.5,29.0,0.9508196721311475,1.0,0.5029166666666667,485.8655462184874,2.4184873949579844,14.3,1.6262295081967224,3.2517241379310358,1.0,1.0,0.0,0,0.0,0.0,0,0.1738888888888889,0,21325.0,2096.0,262.0,0.0,0.0,broker
broker,6,4,1.0,0.1,0,60.0,fifo,False,False,local,59.5,30.0,29.5,0.9833333333333333,1.0,0.5040972222222222,484.02521008403363,2.0561181434599165,14.3,1.8546218487394968,2.259322033898306,1.0,1.0,0.0,0,0.0,0.0,0,0.16722222222222222,0,21315.0,2081.0,263.0,0.0,0.0,broker
broker,7,4,1.0,0.1,0,60.0,fifo,False,False,local,58.5,29.5,29.0,0.9830508474576272,1.0,0.48833333333333334,488.3613445378151,2.36949152542373,13.55,2.0983050847457636,2.640677966101696,1.0,1.0,0.0,0,0.0,0.0,0,0.1713888888888889,0,21079.0,2114.0,258.0,0.0,0.0,broker
broker,8,4,1.0,0.1,0,60.0,fifo,False,False,local,58.5,29.5,29.0,0.9830508474576272,1.0,0.4842361111111111,491.9316239316239,2.5965811965811976,16.649999999999995,2.3786324786324795,2.8145299145299156,1.0,1.0,0.0,0,0.0,0.0,0,0.17194444444444446,0,21195.0,2099.0,258.0,0.0,0.0,broker
broker,9,4,1.0,0.1,0,60.0,fifo,False,False,local,60.5,31.5,29.0,0.9206349206349206,1.0,0.5160416666666667,476.73553719008265,2.492592592592594,14.3,2.2952380952380964,2.705128205128206,1.0,1.0,0.0,0,0.0,0.0,0,0.1775,0,21573.0,2175.0,266.0,0.0,0.0001388888888888889,broker
broker,10,4,1.0,0.1,0,60.0,fifo,False,False,local,59.0,30.0,29.0,0.9666666666666667,1.0,0.4895833333333333,488.15384615384613,2.456962025316457,14.3,2.568907563025211,2.3440677966101706,1.0,1.0,0.0,0,0.0,0.0,0,0.17277777777777778,0,21238.0,2095.0,260.0,0.0,0.0,broker
broker,11,4,1.0,0.1,0,60.0,fifo,False,False,local,59.5,30.0,29.5,0.9833333333333333,1.0,0.5057638888888889,482.76666666666665,2.372268907563026,13.3,1.8416666666666677,2.911864406779662,1.0,1.1666666666666667,0.0,0,0.0,0.0,0,0.1736111111111111,0,21288.0,2162.0,262.0,0.0,0.0,broker
broker,12,4,1.0,0.1,0,60.0,fifo,False,False,local,61.0,30.0,31.0,0.967741935483871,1.0,0.5140972222222222,471.77685950413223,2.0565573770491814,13.100000000000001,2.1344262295081977,1.978688524590165,1.0,1.0,0.0,0,0.0,0.0,0,0.17347222222222222,0,21609.0,2154.0,269.0,0.0,0.0,broker
broker,13,4,1.0,0.1,0,60.0,fifo,False,False,local,61.5,30.0,31.5,0.9523809523809523,1.0,0.5093749999999999,466.8861788617886,2.4757085020242924,14.3,2.2008264462809928,2.7396825396825406,1.0,1.0634920634920635,0.0,0,0.0,0.0,0,0.1815277777777778,0,21698.0,2270.0,270.0,0.0,0.0,broker
broker,14,4,1.0,0.1,0,60.0,fifo,False,False,local,58.0,29.5,28.5,0.9661016949152542,1.0,0.49604166666666666,492.1186440677966,2.7532188841201726,16.179999999999996,2.5100840336134462,3.00701754385965,1.0,1.0,0.0,0,0.0,0.0,0,0.1711111111111111,0,21205.0,2102.0,257.0,1.0,0.0,broker
broker,15,4,1.0,0.1,0,60.0,fifo,False,False,local,60.5,30.0,30.5,0.9836065573770492,1.0,0.5115972222222223,480.93277310924367,2.499166666666668,14.3,2.568907563025211,2.4305785123966954,1.0,1.0,0.0,0,0.0,0.0,0,0.17666666666666667,0,21393.0,2161.0,263.0,0.0,0.0,broker
broker,16,4,1.0,0.1,0,60.0,fifo,False,False,local,59.5,29.5,30.0,0.9833333333333333,1.0,0.5058333333333334,483.8487394957983,2.2707112970711307,13.379999999999995,1.7416666666666678,2.80420168067227,1.0,1.0,0.0,0,0.0,0.0,0,0.16958333333333334,0,21245.0,2154.0,261.0,0.0,0.0,broker
broker,17,4,1.0,0.1,0,60.0,fifo,False,False,local,60.0,30.0,30.0,1.0,1.0,0.5005555555555555,485.66101694915255,1.8638655462184885,13.3,1.564406779661018,2.1583333333333345,1.0,1.0,0.0,0,0.0,0.0,0,0.16722222222222222,0,21209.0,2127.0,261.0,0.0,0.0,broker
broker,18,4,1.0,0.1,0,60.0,fifo,False,False,local,60.5,30.0,30.5,0.9836065573770492,1.0,0.5146527777777778,480.875,1.9783333333333344,11.38999999999997,1.938655462184875,2.0173553719008277,1.0,1.0,0.0,0,0.0,0.0,0,0.17166666666666666,0,21283.0,2071.0,263.0,0.0,0.0,broker
broker,19,4,1.0,0.1,0,60.0,fifo,False,False,local,59.5,29.5,30.0,0.9833333333333333,1.0,0.4974305555555556,484.39495798319325,2.580334728033474,16.379999999999995,2.3333333333333344,2.8294117647058834,1.0,1.0,0.0,0,0.0,0.0,0,0.1761111111111111,0,21517.0,2207.0,263.0,0.0,0.0,broker
broker,20,4,1.0,0.1,0,60.0,fifo,False,False,local,60.0,30.0,30.0,1.0,1.0,0.5058333333333334,483.09166666666664,2.5426778242677837,15.199999999999996,2.711764705882354,2.375000000000001,1.0,1.0,0.0,0,0.0,0.0,0,0.1751388888888889,0,21281.0,2053.0,261.0,0.0,0.0001388888888888889,broker
broker,1,4,1.0,0.3,0,60.0,fifo,False,False,local,58.5,29.5,29.0,0.9830508474576272,1.0,0.49833333333333335,486.26271186440675,2.3936708860759506,16.3,2.9457627118644076,1.846218487394959,1.0,1.0,0.0,0,0.0,0.0,0,0.17083333333333334,0,21522.0,6470.0,261.0,0.0,0.0025,broker
broker,2,4,1.0,0.3,0,60.0,fifo,False,False,local,60.5,30.0,30.5,0.9836065573770492,1.0,0.5035416666666667,477.0495867768595,2.9639004149377604,16.3,3.2166666666666677,2.713223140495869,1.0,1.098360655737705,0.0,0,0.0,0.0,0,0.17583333333333334,0,21717.0,6470.0,264.0,3.0,0.0033333333333333335,broker
broker,3,4,1.0,0.3,0,60.0,fifo,False,False,local,59.0,29.5,29.5,1.0,1.0,0.49506944444444445,490.85470085470087,2.160683760683762,11.3,2.0623931623931635,2.25897435897436,1.0344827586206897,1.0,0.0,0,0.0,0.0,0,0.16666666666666666,0,21170.0,6388.0,259.0,0.0,0.0016666666666666668,broker
broker,4,4,1.0,0.3,0,60.0,fifo,False,False,local,58.5,29.5,29.0,0.9830508474576272,1.0,0.49201388888888886,493.0683760683761,2.8897872340425543,13.539999999999987,2.759322033898306,3.0213675213675226,1.0,1.0,0.0,0,0.0,0.0,0,0.1775,0,21372.0,6393.0,258.0,2.0,0.002777777777777778,broker
broker,5,4,1.0,0.3,0,60.0,fifo,False,False,local,59.5,30.5,29.0,0.9508196721311475,1.0,0.5029861111111111,485.8655462184874,2.5949579831932783,14.3,1.8311475409836075,3.3982758620689664,1.0,1.0,0.0,0,0.0,0.0,0,0.1751388888888889,0,21462.0,6409.0,262.0,0.0,0.001388888888888889,broker
broker,6,4,1.0,0.3,0,60.0,fifo,False,False,local,59.5,30.0,29.5,0.9833333333333333,1.0,0.5040972222222222,484.02521008403363,2.5118143459915623,16.3,2.568907563025211,2.454237288135594,1.0,1.0,0.0,0,0.0,0.0,0,0.17069444444444445,0,21564.0,6496.0,263.0,1.0,0.00125,broker
broker,7,4,1.0,0.3,0,60.0,fifo,False,False,local,58.5,29.5,29.0,0.9830508474576272,1.0,0.48791666666666667,488.3613445378151,2.6237288135593233,16.3,2.2084745762711875,3.0389830508474587,1.0,1.0,0.0,0,0.0,0.0,0,0.17347222222222222,0,21262.0,6451.0,258.0,1.0,0.002638888888888889,broker
broker,8,4,1.0,0.3,0,60.0,fifo,False,False,local,58.5,29.5,29.0,0.9830508474576272,1.0,0.4842361111111111,491.9316239316239,3.147863247863249,17.3,2.9854700854700864,3.3102564102564114,1.0,1.0,0.0,0,0.0,0.0,0,0.17541666666666667,0,21495.0,6450.0,258.0,2.0,0.0025,broker
broker,9,4,1.0,0.3,0,60.0,fifo,False,False,local,60.5,31.5,29.0,0.9206349206349206,1.0,0.5160416666666667,476.73553719008265,2.694238683127573,14.3,2.3984126984126997,3.0128205128205137,1.0,1.0,0.0,0,0.0,0.0,0,0.17958333333333334,0,21752.0,6541.0,266.0,1.0,0.0022222222222222222,broker
broker,10,4,1.0,0.3,0,60.0,fifo,False,False,local,59.0,30.0,29.0,0.9666666666666667,1.0,0.4895833333333333,488.15384615384613,2.6426160337552753,16.3,2.577310924369749,2.7084745762711875,1.0,1.0,0.0,0,0.0,0.0,0,0.1736111111111111,0,21403.0,6412.0,260.0,0.0,0.0018055555555555555,broker
broker,11,4,1.0,0.3,0,60.0,fifo,False,False,local,59.5,30.0,29.5,0.9833333333333333,1.0,0.5057638888888889,482.76666666666665,2.884873949579833,14.599999999999955,2.300000000000001,3.4796610169491538,1.0,1.1666666666666667,0.0,0,0.0,0.0,0,0.1763888888888889,0,21594.0,6451.0,262.0,2.0,0.0022222222222222222,broker
broker,12,4,1.0,0.3,0,60.0,fifo,False,False,local,61.0,30.0,31.0,0.967741935483871,1.0,0.5140972222222222,471.77685950413223,2.3065573770491814,13.27,2.257377049180329,2.3557377049180337,1.0,1.0,0.0,0,0.0,0.0,0,0.1761111111111111,0,21767.0,6607.0,269.0,0.0,0.0015277777777777779,broker
broker,13,4,1.0,0.3,0,60.0,fifo,False,False,local,61.5,30.0,31.5,0.9523809523809523,0.9999305555555555,0.5088888888888888,466.9186991869919,2.860323886639677,16.3,2.597520661157026,3.1126984126984136,1.0,1.0634920634920635,0.0,0,0.0,0.0,0,0.18625,0,21942.0,6627.0,270.0,1.0,0.0030555555555555557,broker
broker,14,4,1.0,0.3,0,60.0,fifo,False,False,local,58.0,29.5,28.5,0.9661016949152542,1.0,0.49597222222222226,492.1186440677966,3.0064377682403443,16.699999999999978,2.905042016806724,3.112280701754387,1.0,1.0,0.0,0,0.0,0.0,0,0.17277777777777778,0,21344.0,6338.0,257.0,0.0,0.002916666666666667,broker
broker,15,4,1.0,0.3,0,60.0,fifo,False,False,local,60.5,30.0,30.5,0.9836065573770492,1.0,0.5115972222222223,480.93277310924367,3.1616666666666675,18.11,3.0563025210084045,3.265289256198348,1.0,1.0,0.0,0,0.0,0.0,0,0.18097222222222223,0,21742.0,6508.0,263.0,2.0,0.002361111111111111,broker
broker,16,4,1.0,0.3,0,60.0,fifo,False,False,local,59.5,29.5,30.0,0.9833333333333333,1.0,0.5057638888888889,483.8487394957983,2.609623430962344,14.120000000000001,2.4916666666666676,2.7285714285714295,1.0,1.0,0.0,0,0.0,0.0,0,0.17305555555555555,0,21442.0,6512.0,261.0,0.0,0.0031944444444444446,broker
broker,17,4,1.0,0.3,0,60.0,fifo,False,False,local,60.0,30.0,30.0,1.0,1.0,0.5005555555555555,485.66101694915255,2.1243697478991606,14.3,2.005084745762713,2.2416666666666676,1.0,1.0,0.0,0,0.0,0.0,0,0.16930555555555554,0,21382.0,6381.0,261.0,1.0,0.0020833333333333333,broker
broker,18,4,1.0,0.3,0,60.0,fifo,False,False,local,60.5,30.0,30.5,0.9836065573770492,1.0,0.5146527777777778,480.875,2.520000000000001,16.3,2.081512605042018,2.9512396694214886,1.0,1.0,0.0,0,0.0,0.0,0,0.1748611111111111,0,21603.0,6423.0,263.0,2.0,0.0019444444444444444,broker
broker,19,4,1.0,0.3,0,60.0,fifo,False,False,local,59.5,29.5,30.0,0.9833333333333333,1.0,0.49736111111111114,484.39495798319325,2.9192468619246874,17.3,2.666666666666668,3.173949579831934,1.0,1.0,0.0,0,0.0,0.0,0,0.17819444444444443,0,21751.0,6541.0,263.0,1.0,0.0033333333333333335,broker
broker,20,4,1.0,0.3,0,60.0,fifo,False,False,local,60.0,30.0,30.0,1.0,1.0,0.5059027777777778,483.09166666666664,3.0531380753138087,14.379999999999995,3.2831932773109256,2.825000000000001,1.0,1.0,0.0,0,0.0,0.0,0,0.18,0,21543.0,6400.0,261.0,0.0,0.0022222222222222222,broker
broker,1,4,2.0,0.0,0,60.0,fifo,False,False,local,58.5,29.5,29.0,0.9830508474576272,1.0,0.49833333333333335,486.26271186440675,2.777637130801689,16.3,3.064406779661018,2.4932773109243707,1.0,1.0,0.0,0,0.0,0.0,0,0.17333333333333334,0,21821.0,0.0,261.0,0.0,0.0,broker
broker,2,4,2.0,0.0,0,60.0,fifo,False,False,local,60.5,30.0,30.5,0.9836065573770492,1.0,0.5035416666666667,477.0495867768595,3.333195020746889,16.3,3.416666666666668,3.2504132231404967,1.0,1.0,0.0,0,0.0,0.0,0,0.18291666666666667,0,21947.0,0.0,264.0,0.0,0.0,broker
broker,3,4,2.0,0.0,0,60.0,fifo,False,False,local,59.0,29.5,29.5,1.0,1.0,0.49506944444444445,490.85470085470087,2.8914529914529923,16.3,2.660683760683762,3.122222222222223,1.0344827586206897,1.0,0.0,0,0.0,0.0,0,0.1748611111111111,0,21587.0,0.0,259.0,0.0,0.0,broker
broker,4,4,2.0,0.0,0,60.0,fifo,False,False,local,58.5,29.5,29.0,0.9830508474576272,1.0,0.49201388888888886,493.0683760683761,3.464255319148937,17.599999999999984,3.0728813559322044,3.85897435897436,1.0,1.0,0.0,0,0.0,0.0,0,0.18,0,21656.0,0.0,258.0,0.0,0.0,broker
broker,5,4,2.0,0.0,0,60.0,fifo,False,False,local,59.5,30.5,29.0,0.9508196721311475,1.0,0.503125,485.8655462184874,3.24201680672269,17.3,2.2163934426229517,4.320689655172415,1.0,1.0,0.0,0,0.0,0.0,0,0.18097222222222223,0,21863.0,0.0,262.0,0.0,0.0,broker
broker,6,4,2.0,0.0,0,60.0,fifo,False,False,local,59.5,30.0,29.5,0.9833333333333333,1.0,0.5040972222222222,484.02521008403363,2.8620253164556972,17.3,2.7789915966386567,2.9457627118644076,1.0,1.0,0.0,0,0.0,0.0,0,0.17458333333333334,0,21843.0,0.0,263.0,0.0,0.0,broker
broker,7,4,2.0,0.0,0,60.0,fifo,False,False,local,58.5,29.5,29.0,0.9830508474576272,1.0,0.48812500000000003,488.3613445378151,3.2805084745762723,18.3,3.005084745762713,3.5559322033898315,1.0,1.0,0.0,0,0.0,0.0,0,0.17902777777777779,0,21623.0,0.0,258.0,0.0,0.0,broker
broker,8,4,2.0,0.0,0,60.0,fifo,False,False,local,58.0,29.0,29.0,1.0,1.0,0.48416666666666663,491.9316239316239,3.4555555555555566,17.99999999999999,3.1307692307692316,3.7803418803418816,1.0,1.0,0.0,0,0.0,0.0,0,0.17833333333333334,0,21719.0,0.0,258.0,0.0,0.0,broker
broker,9,4,2.0,0.0,0,60.0,fifo,False,False,local,60.5,31.5,29.0,0.9206349206349206,1.0,0.5159027777777778,476.73553719008265,3.311522633744857,17.199999999999978,3.065079365079366,3.576923076923078,1.0,1.0,0.0,0,0.0,0.0,0,0.18458333333333332,0,22084.0,0.0,266.0,0.0,0.0,broker
broker,10,4,2.0,0.0,0,60.0,fifo,False,False,local,59.0,30.0,29.0,0.9666666666666667,1.0,0.4895833333333333,488.15384615384613,3.2037974683544315,17.699999999999978,3.241176470588236,3.1661016949152554,1.0,1.0,0.0,0,0.0,0.0,0,0.17666666666666667,0,21745.0,0.0,260.0,0.0,0.0,broker
broker,11,4,2.0,0.0,0,60.0,fifo,False,False,local,59.5,30.0,29.5,0.9833333333333333,1.0,0.5057638888888889,482.76666666666665,3.0193277310924382,16.3,2.5833333333333344,3.462711864406781,1.0,1.1666666666666667,0.0,0,0.0,0.0,0,0.17666666666666667,0,21741.0,0.0,262.0,0.0,0.0,broker
broker,12,4,2.0,0.0,0,60.0,fifo,False,False,local,61.0,30.0,31.0,0.967741935483871,1.0,0.5140972222222222,471.77685950413223,2.8885245901639354,16.119999999999994,2.798360655737706,2.978688524590165,1.0,1.0,0.0,0,0.0,0.0,0,0.18083333333333335,0,22163.0,0.0,269.0,0.0,0.0,broker
broker,13,4,2.0,0.0,0,60.0,fifo,False,False,local,61.5,30.0,31.5,0.9523809523809523,0.9993055555555556,0.5085416666666667,467.2113821138211,3.641700404858301,17.24,3.0768595041322326,4.184126984126985,1.0,1.064516129032258,0.0,0,0.0,0.0,0,0.19291666666666665,0,22381.0,0.0,270.0,0.0,0.0,broker
broker,14,4,2.0,0.0,0,60.0,fifo,False,False,local,58.0,29.5,28.5,0.9661016949152542,1.0,0.4959027777777778,492.1186440677966,3.740343347639486,19.699999999999978,3.7369747899159673,3.743859649122808,1.0,1.0,0.0,0,0.0,0.0,0,0.17944444444444443,0,21747.0,0.0,257.0,0.0,0.0,broker
broker,15,4,2.0,0.0,0,60.0,fifo,False,False,local,60.5,30.0,30.5,0.9836065573770492,1.0,0.5115972222222223,480.93277310924367,3.4908333333333346,18.3,3.619327731092438,3.3644628099173564,1.0,1.0,0.0,0,0.0,0.0,0,0.18444444444444444,0,21968.0,0.0,263.0,0.0,0.0,broker
broker,16,4,2.0,0.0,0,60.0,fifo,False,False,local,59.5,29.5,30.0,0.9833333333333333,1.0,0.5058333333333334,483.8487394957983,3.115899581589959,16.219999999999995,3.0583333333333345,3.173949579831934,1.0,1.0,0.0,0,0.0,0.0,0,0.17777777777777778,0,21795.0,0.0,261.0,0.0,0.0,broker
broker,17,4,2.0,0.0,0,60.0,fifo,False,False,local,60.0,30.0,30.0,1.0,1.0,0.5005555555555555,485.66101694915255,2.565546218487396,16.3,2.3016949152542385,2.825000000000001,1.0,1.0,0.0,0,0.0,0.0,0,0.17458333333333334,0,21679.0,0.0,261.0,0.0,0.0,broker
broker,18,4,2.0,0.0,0,60.0,fifo,False,False,local,60.5,30.0,30.5,0.9836065573770492,1.0,0.5149305555555556,480.875,2.7241666666666675,15.199999999999967,2.7621848739495807,2.6867768595041333,1.0,1.0,0.0,0,0.0,0.0,0,0.1773611111111111,0,21802.0,0.0,263.0,0.0,0.0,broker
broker,19,4,2.0,0.0,0,60.0,fifo,False,False,local,59.5,29.5,30.0,0.9833333333333333,1.0,0.4972916666666667,484.39495798319325,3.19539748953975,17.399999999999995,2.800000000000001,3.5941176470588245,1.0,1.0,0.0,0,0.0,0.0,0,0.18125,0,22001.0,0.0,263.0,0.0,0.0,broker
broker,20,4,2.0,0.0,0,60.0,fifo,False,False,local,60.0,30.0,30.0,1.0,1.0,0.5059027777777778,483.09166666666664,3.5217573221757332,17.399999999999995,3.980672268907564,3.0666666666666678,1.0,1.0,0.0,0,0.0,0.0,0,0.18375,0,21875.0,0.0,261.0,0.0,0.0,broker
broker,1,4,2.0,0.1,0,60.0,fifo,False,False,local,58.5,29.5,29.0,0.9830508474576272,1.0,0.49833333333333335,486.26271186440675,2.8831223628691993,16.49999999999999,3.2254237288135603,2.543697478991598,1.0,1.0,0.0,0,0.0,0.0,0,0.17416666666666666,0,21891.0,2218.0,261.0,0.0,0.0,broker
broker,2,4,2.0,0.1,0,60.0,fifo,False,False,local,60.5,30.0,30.5,0.9836065573770492,1.0,0.5035416666666667,477.0495867768595,3.5074688796680507,17.3,3.6083333333333343,3.4074380165289266,1.0,1.0,0.0,0,0.0,0.0,0,0.18388888888888888,0,22047.0,2161.0,264.0,0.0,0.0,broker
broker,3,4,2.0,0.1,0,60.0,fifo,False,False,local,59.0,29.5,29.5,1.0,1.0,0.49506944444444445,490.85470085470087,3.041025641025642,16.3,2.72905982905983,3.352991452991454,1.0344827586206897,1.0,0.0,0,0.0,0.0,0,0.17625,0,21663.0,2188.0,259.0,0.0,0.0,broker
broker,4,4,2.0,0.1,0,60.0,fifo,False,False,local,58.5,29.5,29.0,0.9830508474576272,1.0,0.49201388888888886,493.0683760683761,3.5280851063829797,18.3,3.1491525423728826,3.9102564102564115,1.0,1.0,0.0,0,0.0,0.0,0,0.18069444444444444,0,21694.0,2089.0,258.0,0.0,0.0,broker
broker,5,4,2.0,0.1,0,60.0,fifo,False,False,local,59.5,30.5,29.0,0.9508196721311475,1.0,0.503125,485.8655462184874,3.3638655462184883,17.3,2.3147540983606567,4.467241379310346,1.0,1.0,0.0,0,0.0,0.0,0,0.1823611111111111,0,21928.0,2158.0,262.0,0.0,0.0001388888888888889,broker
broker,6,4,2.0,0.1,0,60.0,fifo,False,False,local,59.5,30.0,29.5,0.9833333333333333,1.0,0.5040972222222222,484.02521008403363,2.9421940928270054,17.3,2.846218487394959,3.0389830508474587,1.0,1.0,0.0,0,0.0,0.0,0,0.175,0,21894.0,2134.0,262.0,0.0,0.0,broker
broker,7,4,2.0,0.1,0,60.0,fifo,False,False,local,58.5,29.5,29.0,0.9830508474576272,1.0,0.48812500000000003,488.3613445378151,3.4415254237288146,18.55,3.2084745762711875,3.674576271186442,1.0,1.0,0.0,0,0.0,0.0,0,0.18041666666666667,0,21714.0,2182.0,258.0,0.0,0.0001388888888888889,broker
broker,8,4,2.0,0.1,0,60.0,fifo,False,False,local,58.0,29.0,29.0,1.0,1.0,0.48416666666666663,491.9316239316239,3.5068376068376077,18.649999999999995,3.182051282051283,3.8316239316239327,1.0,1.0,0.0,0,0.0,0.0,0,0.1786111111111111,0,21760.0,2158.0,258.0,0.0,0.0,broker
broker,9,4,2.0,0.1,0,60.0,fifo,False,False,local,60.5,31.5,29.0,0.9206349206349206,1.0,0.5159027777777778,476.73553719008265,3.3897119341563795,17.3,3.0174603174603183,3.790598290598292,1.0,1.0,0.0,0,0.0,0.0,0,0.18486111111111111,0,22133.0,2238.0,266.0,0.0,0.0,broker
broker,10,4,2.0,0.1,0,60.0,fifo,False,False,local,59.0,30.0,29.0,0.9666666666666667,1.0,0.4895833333333333,488.15384615384613,3.2839662447257396,17.699999999999978,3.26638655462185,3.3016949152542385,1.0,1.0,0.0,0,0.0,0.0,0,0.17680555555555555,0,21796.0,2152.0,260.0,0.0,0.0,broker
broker,11,4,2.0,0.1,0,60.0,fifo,False,False,local,59.5,30.0,29.5,0.9833333333333333,1.0,0.5057638888888889,482.76666666666665,3.0823529411764716,16.419999999999984,2.6500000000000012,3.522033898305086,1.0,1.1666666666666667,0.0,0,0.0,0.0,0,0.1775,0,21792.0,2212.0,262.0,0.0,0.0,broker
broker,12,4,2.0,0.1,0,60.0,fifo,False,False,local,61.0,30.0,31.0,0.967741935483871,1.0,0.5140972222222222,471.77685950413223,2.9131147540983617,16.3,2.8475409836065584,2.978688524590165,1.0,1.0,0.0,0,0.0,0.0,0,0.18083333333333335,0,22189.0,2208.0,269.0,0.0,0.0,broker
broker,13,4,2.0,0.1,0,60.0,fifo,False,False,local,61.5,30.0,31.5,0.9523809523809523,1.0,0.5092361111111111,466.8861788617886,3.771255060728746,17.3,3.506611570247935,4.025396825396826,1.0,1.0634920634920635,0.0,0,0.0,0.0,0,0.19430555555555556,0,22449.0,2329.0,270.0,0.0,0.0,broker
broker,14,4,2.0,0.1,0,60.0,fifo,False,False,local,58.0,29.5,28.5,0.9661016949152542,1.0,0.4959027777777778,492.1186440677966,3.8776824034334774,20.3,3.9890756302521018,3.761403508771931,1.0,1.0,0.0,0,0.0,0.0,0,0.18069444444444444,0,21825.0,2170.0,257.0,0.0,0.0,broker
broker,15,4,2.0,0.1,0,60.0,fifo,False,False,local,60.5,30.0,30.5,0.9836065573770492,1.0,0.5115972222222223,480.93277310924367,3.5741666666666676,18.3,3.7201680672268918,3.4305785123966954,1.0,1.0,0.0,0,0.0,0.0,0,0.18458333333333332,0,22028.0,2229.0,263.0,0.0,0.0,broker
broker,16,4,2.0,0.1,0,60.0,fifo,False,False,local,59.5,29.5,30.0,0.9833333333333333,1.0,0.5058333333333334,483.8487394957983,3.19958158995816,16.219999999999995,3.175000000000001,3.2243697478991606,1.0,1.0,0.0,0,0.0,0.0,0,0.17833333333333334,0,21841.0,2217.0,261.0,0.0,0.0,broker
broker,17,4,2.0,0.1,0,60.0,fifo,False,False,local,60.0,30.0,30.0,1.0,1.0,0.5005555555555555,485.66101694915255,2.6537815126050432,15.279999999999974,2.428813559322035,2.875000000000001,1.0,1.0,0.0,0,0.0,0.0,0,0.17416666666666666,0,21729.0,2176.0,261.0,0.0,0.0,broker
broker,18,4,2.0,0.1,0,60.0,fifo,False,False,local,60.5,30.0,30.5,0.9836065573770492,1.0,0.515,480.875,2.8616666666666677,16.149999999999984,2.9134453781512617,2.810743801652894,1.0,1.0,0.0,0,0.0,0.0,0,0.17875,0,21875.0,2112.0,263.0,0.0,0.0,broker
broker,19,4,2.0,0.1,0,60.0,fifo,False,False,local,59.5,29.5,30.0,0.9833333333333333,1.0,0.4972916666666667,484.39495798319325,3.2623430962343107,18.399999999999995,2.8416666666666677,3.6865546218487406,1.0,1.0,0.0,0,0.0,0.0,0,0.18125,0,22068.0,2268.0,263.0,0.0,0.0,broker
broker,20,4,2.0,0.1,0,60.0,fifo,False,False,local,60.0,30.0,30.0,1.0,1.0,0.5059027777777778,483.09166666666664,3.7100418410041853,18.3,4.232773109243698,3.1916666666666678,1.0,1.0,0.0,0,0.0,0.0,0,0.18472222222222223,0,21964.0,2120.0,261.0,0.0,0.0,broker
broker,1,4,2.0,0.3,0,60.0,fifo,False,False,local,58.5,29.5,29.0,0.9830508474576272,1.0,0.49819444444444444,486.26271186440675,3.2881856540084398,17.3,3.759322033898306,2.8210084033613456,1.0,1.0,0.0,0,0.0,0.0,0,0.17791666666666667,0,22114.0,6645.0,261.0,1.0,0.0038888888888888888,broker
broker,2,4,2.0,0.3,0,60.0,fifo,False,False,local,60.5,30.0,30.5,0.9836065573770492,1.0,0.5035416666666667,477.0495867768595,4.013692946058092,18.3,4.2666666666666675,3.762809917355373,1.0,1.0,0.0,0,0.0,0.0,0,0.18736111111111112,0,22357.0,6661.0,264.0,3.0,0.0025,broker
broker,3,4,2.0,0.3,0,60.0,fifo,False,False,local,59.0,29.5,29.5,1.0,1.0,0.49506944444444445,490.85470085470087,3.412820512820514,17.649999999999995,3.088034188034189,3.7376068376068385,1.0344827586206897,1.0,0.0,0,0.0,0.0,0,0.18055555555555555,0,21927.0,6608.0,259.0,2.0,0.0020833333333333333,broker
broker,4,4,2.0,0.3,0,60.0,fifo,False,False,local,58.5,29.5,29.0,0.9830508474576272,1.0,0.49201388888888886,493.0683760683761,4.017446808510639,18.53999999999999,3.505084745762713,4.534188034188035,1.0,1.0,0.0,0,0.0,0.0,0,0.1836111111111111,0,21922.0,6545.0,258.0,1.0,0.0044444444444444444,broker
broker,5,4,2.0,0.3,0,60.0,fifo,False,False,local,59.5,30.5,29.0,0.9508196721311475,1.0,0.5033333333333333,485.8655462184874,3.7294117647058833,18.1,2.6836065573770504,4.829310344827587,1.0,1.0,0.0,0,0.0,0.0,0,0.18541666666666667,0,22133.0,6615.0,262.0,0.0,0.0033333333333333335,broker
broker,6,4,2.0,0.3,0,60.0,fifo,False,False,local,59.5,30.0,29.5,0.9833333333333333,1.0,0.5040972222222222,484.02521008403363,3.469620253164558,19.45999999999999,3.1991596638655473,3.742372881355933,1.0,1.0,0.0,0,0.0,0.0,0,0.17875,0,22153.0,6663.0,263.0,1.0,0.0022222222222222222,broker
broker,7,4,2.0,0.3,0,60.0,fifo,False,False,local,58.5,29.5,29.0,0.9830508474576272,1.0,0.4879861111111111,488.3613445378151,4.026271186440679,21.3,4.005084745762713,4.0474576271186455,1.0,1.0,0.0,0,0.0,0.0,0,0.1836111111111111,0,22020.0,6678.0,258.0,1.0,0.0020833333333333333,broker
broker,8,4,2.0,0.3,0,60.0,fifo,False,False,local,58.0,29.0,29.0,1.0,1.0,0.48368055555555556,491.9316239316239,4.075213675213676,20.649999999999995,3.8658119658119667,4.284615384615385,1.0,1.0,0.0,0,0.0,0.0,0,0.18222222222222223,0,22055.0,6631.0,258.0,1.0,0.003472222222222222,broker
broker,9,4,2.0,0.3,0,60.0,fifo,False,False,local,60.5,31.5,29.0,0.9206349206349206,1.0,0.5159027777777778,476.73553719008265,3.784773662551441,17.3,3.5412698412698425,4.047008547008548,1.0,1.0,0.0,0,0.0,0.0,0,0.18736111111111112,0,22354.0,6723.0,266.0,0.0,0.0018055555555555555,broker
broker,10,4,2.0,0.3,0,60.0,fifo,False,False,local,59.0,30.0,29.0,0.9666666666666667,1.0,0.4895833333333333,488.15384615384613,3.5751054852320685,19.3,3.6529411764705895,3.4966101694915266,1.0,1.0,0.0,0,0.0,0.0,0,0.1798611111111111,0,21988.0,6591.0,260.0,0.0,0.0043055555555555555,broker
broker,11,4,2.0,0.3,0,60.0,fifo,False,False,local,59.5,30.0,29.5,0.9833333333333333,1.0,0.5057638888888889,482.76666666666665,3.7798319327731105,18.3,3.3916666666666675,4.174576271186441,1.0,1.4833333333333334,0.0,0,0.0,0.0,0,0.18333333333333332,0,22235.0,6641.0,262.0,5.0,0.001388888888888889,broker
broker,12,4,2.0,0.3,0,60.0,fifo,False,False,local,61.0,30.0,31.0,0.967741935483871,1.0,0.5140972222222222,471.77685950413223,3.3762295081967224,17.1,3.396721311475411,3.3557377049180337,1.0,1.0,0.0,0,0.0,0.0,0,0.18458333333333332,0,22466.0,6844.0,269.0,1.0,0.0022222222222222222,broker
broker,13,4,2.0,0.3,0,60.0,fifo,False,False,local,61.5,30.0,31.5,0.9523809523809523,1.0,0.5093055555555556,466.8861788617886,4.471659919028341,19.3,4.242148760330579,4.692063492063493,1.0,1.0634920634920635,0.0,0,0.0,0.0,0,0.19791666666666666,0,22845.0,6897.0,270.0,3.0,0.0022222222222222222,broker
broker,14,4,2.0,0.3,0,60.0,fifo,False,False,local,58.0,29.5,28.5,0.9661016949152542,1.0,0.49583333333333335,492.1186440677966,4.049356223175967,20.3,4.106722689075632,3.989473684210527,1.0,1.0,0.0,0,0.0,0.0,0,0.1811111111111111,0,21970.0,6520.0,257.0,0.0,0.0011111111111111111,broker
broker,15,4,2.0,0.3,0,60.0,fifo,False,False,local,60.0,29.5,30.5,0.9672131147540983,1.0,0.5115972222222223,480.93277310924367,4.011666666666668,19.349999999999984,4.131932773109245,3.893388429752067,1.0,1.0,0.0,0,0.0,0.0,0,0.18833333333333332,0,22241.0,6660.0,263.0,0.0,0.0030555555555555557,broker
broker,16,4,2.0,0.3,0,60.0,fifo,False,False,local,59.5,29.5,30.0,0.9833333333333333,1.0,0.5059027777777778,483.8487394957983,3.592887029288704,17.399999999999995,3.4916666666666676,3.6949579831932784,1.0,1.0,0.0,0,0.0,0.0,0,0.18166666666666667,0,22078.0,6708.0,261.0,1.0,0.002361111111111111,broker
broker,17,4,2.0,0.3,0,60.0,fifo,False,False,local,60.0,30.0,30.0,1.0,1.0,0.5005555555555555,485.66101694915255,3.1915966386554633,17.449999999999978,3.0728813559322044,3.3083333333333345,1.0,1.0,0.0,0,0.0,0.0,0,0.17847222222222223,0,22023.0,6555.0,261.0,1.0,0.003611111111111111,broker
broker,18,4,2.0,0.3,0,60.0,fifo,False,False,local,60.5,30.0,30.5,0.9836065573770492,1.0,0.5149305555555556,480.875,3.186666666666668,17.3,3.300000000000001,3.075206611570249,1.0,1.0,0.0,0,0.0,0.0,0,0.18097222222222223,0,22033.0,6530.0,263.0,0.0,0.002361111111111111,broker
broker,19,4,2.0,0.3,0,60.0,fifo,False,False,local,59.5,29.5,30.0,0.9833333333333333,1.0,0.4972916666666667,484.39495798319325,3.5259414225941432,18.399999999999995,3.166666666666668,3.8882352941176483,1.0,1.0,0.0,0,0.0,0.0,0,0.18263888888888888,0,22225.0,6672.0,263.0,0.0,0.002916666666666667,broker
broker,20,4,2.0,0.3,0,60.0,fifo,False,False,local,60.0,30.0,30.0,1.0,1.0,0.5059027777777778,483.09166666666664,4.044769874476988,19.379999999999995,4.594117647058825,3.500000000000001,1.0,1.0,0.0,0,0.0,0.0,0,0.18763888888888888,0,22162.0,6589.0,260.0,0.0,0.002777777777777778,broker
broker,1,4,3.0,0.0,0,60.0,fifo,False,False,local,58.5,29.5,29.0,0.9830508474576272,1.0,0.49819444444444444,486.26271186440675,3.5962025316455706,17.3,3.9966101694915266,3.1991596638655473,1.0,1.0,0.0,0,0.0,0.0,0,0.18013888888888888,0,22384.0,0.0,261.0,0.0,0.0,broker
broker,2,4,3.0,0.0,0,60.0,fifo,False,False,local,60.5,30.0,30.5,0.9836065573770492,1.0,0.5035416666666667,477.0495867768595,4.5406639004149385,18.3,4.633333333333335,4.448760330578513,1.0,1.0,0.0,0,0.0,0.0,0,0.1934722222222222,0,22668.0,0.0,264.0,0.0,0.0,broker
broker,3,4,3.0,0.0,0,60.0,fifo,False,False,local,59.0,29.5,29.5,1.0,1.0,0.49506944444444445,490.85470085470087,4.126495726495728,20.649999999999995,3.925641025641027,4.327350427350428,1.0344827586206897,1.0,0.0,0,0.0,0.0,0,0.18513888888888888,0,22270.0,0.0,259.0,0.0,0.0,broker
broker,4,4,3.0,0.0,0,60.0,fifo,False,False,local,58.5,29.5,29.0,0.9830508474576272,1.0,0.49201388888888886,493.0683760683761,4.613191489361703,20.3,4.259322033898306,4.970085470085471,1.0,1.0,0.0,0,0.0,0.0,0,0.18902777777777777,0,22300.0,0.0,258.0,0.0,0.0,broker
broker,5,4,3.0,0.0,0,60.0,fifo,False,False,local,59.5,30.5,29.0,0.9508196721311475,1.0,0.5033333333333333,485.8655462184874,4.380672268907564,20.129999999999995,3.2245901639344274,5.596551724137932,1.0,1.0,0.0,0,0.0,0.0,0,0.19069444444444444,0,22541.0,0.0,262.0,0.0,0.0,broker
broker,6,4,3.0,0.0,0,60.0,fifo,False,False,local,59.5,30.0,29.5,0.9833333333333333,1.0,0.5040972222222222,484.02521008403363,3.971729957805908,20.3,3.980672268907564,3.9627118644067805,1.0,1.0,0.0,0,0.0,0.0,0,0.1840277777777778,0,22507.0,0.0,262.0,0.0,0.0,broker
broker,7,4,3.0,0.0,0,60.0,fifo,False,False,local,58.5,29.5,29.0,0.9830508474576272,1.0,0.48791666666666667,488.3613445378151,4.530508474576272,21.3,4.293220338983052,4.767796610169492,1.0,1.0338983050847457,0.0,0,0.0,0.0,0,0.18902777777777777,0,22326.0,0.0,258.0,0.0,0.0,broker
broker,8,4,3.0,0.0,0,60.0,fifo,False,False,local,58.0,29.0,29.0,1.0,1.0,0.4840277777777778,491.9316239316239,4.327350427350429,21.3,4.224786324786326,4.429914529914531,1.0,1.0,0.0,0,0.0,0.0,0,0.1840277777777778,0,22278.0,0.0,258.0,0.0,0.0,broker
broker,9,4,3.0,0.0,0,60.0,fifo,False,False,local,60.5,31.5,29.0,0.9206349206349206,1.0,0.5156944444444445,476.73553719008265,4.397942386831277,20.3,3.8587301587301597,4.97863247863248,1.0,1.0,0.0,0,0.0,0.0,0,0.19111111111111112,0,22687.0,0.0,266.0,0.0,0.0,broker
broker,10,4,3.0,0.0,0,60.0,fifo,False,False,local,59.0,30.0,29.0,0.9666666666666667,1.0,0.4895833333333333,488.15384615384613,4.19535864978903,21.3,3.9638655462184884,4.428813559322035,1.0,1.0,0.0,0,0.0,0.0,0,0.1823611111111111,0,22345.0,0.0,260.0,0.0,0.0,broker
broker,11,4,3.0,0.0,0,60.0,fifo,False,False,local,59.5,30.0,29.5,0.9833333333333333,1.0,0.5057638888888889,482.76666666666665,4.178991596638657,18.56999999999996,3.7333333333333343,4.63220338983051,1.0,1.15,0.0,0,0.0,0.0,0,0.18736111111111112,0,22441.0,0.0,262.0,0.0,0.0,broker
broker,12,4,3.0,0.0,0,60.0,fifo,False,False,local,61.0,30.0,31.0,0.967741935483871,1.0,0.5140972222222222,471.77685950413223,3.9172131147540994,19.3,3.7737704918032797,4.060655737704919,1.0,1.0,0.0,0,0.0,0.0,0,0.18833333333333332,0,22805.0,0.0,269.0,0.0,0.0,broker
broker,13,4,3.0,0.0,0,60.0,fifo,False,False,local,61.5,30.0,31.5,0.9523809523809523,1.0,0.5092361111111111,466.8861788617886,4.937246963562754,21.3,4.250413223140497,5.596825396825398,1.0,1.0952380952380953,0.0,0,0.0,0.0,0,0.20097222222222222,0,23124.0,0.0,270.0,0.0,0.0,broker
broker,14,4,3.0,0.0,0,60.0,fifo,False,False,local,58.0,29.5,28.5,0.9661016949152542,1.0,0.4957638888888889,492.1186440677966,5.182905982905984,24.3,5.333613445378152,5.026956521739131,1.0,1.0,0.0,0,0.0,0.0,0,0.18958333333333333,0,22471.0,0.0,257.0,0.0,0.0,broker
broker,15,4,3.0,0.0,0,60.0,fifo,False,False,local,60.5,30.0,30.5,0.9836065573770492,1.0,0.5115972222222223,480.93277310924367,4.565833333333335,21.3,4.552100840336135,4.579338842975208,1.0,1.0,0.0,0,0.0,0.0,0,0.19180555555555556,0,22603.0,0.0,263.0,0.0,0.0,broker
broker,16,4,3.0,0.0,0,60.0,fifo,False,False,local,59.5,29.5,30.0,0.9833333333333333,1.0,0.5057638888888889,483.8487394957983,4.132635983263599,19.12,4.000000000000001,4.26638655462185,1.0,1.0,0.0,0,0.0,0.0,0,0.18541666666666667,0,22440.0,0.0,261.0,0.0,0.0,broker
broker,17,4,3.0,0.0,0,60.0,fifo,False,False,local,60.0,30.0,30.0,1.0,1.0,0.5005555555555555,485.66101694915255,3.6453781512605055,18.3,3.4796610169491538,3.8083333333333345,1.0,1.0,0.0,0,0.0,0.0,0,0.1827777777777778,0,22353.0,0.0,261.0,0.0,0.0,broker
broker,18,4,3.0,0.0,0,60.0,fifo,False,False,local,60.5,30.0,30.5,0.9836065573770492,1.0,0.515,480.875,3.778333333333334,19.3,3.770588235294119,3.7859504132231416,1.0,1.0,0.0,0,0.0,0.0,0,0.1836111111111111,0,22435.0,0.0,263.0,0.0,0.0,broker
broker,19,4,3.0,0.0,0,60.0,fifo,False,False,local,59.5,29.5,30.0,0.9833333333333333,1.0,0.4970833333333333,484.39495798319325,4.002928870292888,19.399999999999995,3.666666666666668,4.3420168067226905,1.0,1.0,0.0,0,0.0,0.0,0,0.18555555555555556,0,22583.0,0.0,263.0,0.0,0.0,broker
broker,20,4,3.0,0.0,0,60.0,fifo,False,False,local,60.0,30.0,30.0,1.0,1.0,0.5060416666666667,483.09166666666664,4.856485355648537,21.399999999999995,5.3420168067226905,4.375000000000001,1.0,1.0,0.0,0,0.0,0.0,0,0.19194444444444445,0,22623.0,0.0,261.0,0.0,0.0,broker
broker,1,4,3.0,0.1,0,60.0,fifo,False,False,local,58.5,29.5,29.0,0.9830508474576272,1.0,0.49819444444444444,486.26271186440675,3.718565400843883,17.49999999999999,4.166101694915255,3.2747899159663874,1.0,1.0,0.0,0,0.0,0.0,0,0.1815277777777778,0,22465.0,2284.0,261.0,0.0,0.0,broker
broker,2,4,3.0,0.1,0,60.0,fifo,False,False,local,60.5,30.0,30.5,0.9836065573770492,1.0,0.5035416666666667,477.0495867768595,4.806224066390042,20.1,4.7666666666666675,4.845454545454547,1.0,1.0,0.0,0,0.0,0.0,0,0.19416666666666665,0,22819.0,2248.0,264.0,0.0,0.0,broker
broker,3,4,3.0,0.1,0,60.0,fifo,False,False,local,59.0,29.5,29.5,1.0,1.0,0.49506944444444445,490.85470085470087,4.22905982905983,21.3,4.011111111111112,4.447008547008548,1.0,1.0,0.0,0,0.0,0.0,0,0.18583333333333332,0,22326.0,2248.0,259.0,0.0,0.0,broker
broker,4,4,3.0,0.1,0,60.0,fifo,False,False,local,58.5,29.5,29.0,0.9830508474576272,1.0,0.49201388888888886,493.0683760683761,4.660000000000001,20.3,4.377966101694916,4.9444444444444455,1.0,1.0,0.0,0,0.0,0.0,0,0.18902777777777777,0,22341.0,2154.0,258.0,0.0,0.0,broker
broker,5,4,3.0,0.1,0,60.0,fifo,False,False,local,59.5,30.5,29.0,0.9508196721311475,1.0,0.5033333333333333,485.8655462184874,4.477310924369749,20.3,3.322950819672132,5.6913793103448285,1.0,1.0,0.0,0,0.0,0.0,0,0.19125,0,22591.0,2215.0,262.0,0.0,0.0,broker
broker,6,4,3.0,0.1,0,60.0,fifo,False,False,local,59.5,30.0,29.5,0.9833333333333333,1.0,0.5040972222222222,484.02521008403363,4.08987341772152,20.3,4.056302521008404,4.123728813559323,1.0,1.0,0.0,0,0.0,0.0,0,0.18458333333333332,0,22570.0,2208.0,262.0,0.0,0.0,broker
broker,7,4,3.0,0.1,0,60.0,fifo,False,False,local,58.5,29.5,29.0,0.9830508474576272,1.0,0.48791666666666667,488.3613445378151,4.585593220338984,21.3,4.352542372881357,4.818644067796611,1.0,1.0338983050847457,0.0,0,0.0,0.0,0,0.18819444444444444,0,22374.0,2242.0,258.0,0.0,0.0,broker
broker,8,4,3.0,0.1,0,60.0,fifo,False,False,local,58.0,29.0,29.0,1.0,1.0,0.4840277777777778,491.9316239316239,4.434188034188035,21.3,4.4213675213675225,4.447008547008548,1.0,1.0,0.0,0,0.0,0.0,0,0.1852777777777778,0,22340.0,2217.0,258.0,0.0,0.0,broker
broker,9,4,3.0,0.1,0,60.0,fifo,False,False,local,60.5,31.5,29.0,0.9206349206349206,1.0,0.5157638888888889,476.73553719008265,4.525514403292182,21.019999999999982,4.08888888888889,4.995726495726497,1.0,1.0,0.0,0,0.0,0.0,0,0.1913888888888889,0,22761.0,2302.0,266.0,0.0,0.0001388888888888889,broker
broker,10,4,3.0,0.1,0,60.0,fifo,False,False,local,59.0,30.0,29.0,0.9666666666666667,1.0,0.4895833333333333,488.15384615384613,4.208016877637132,21.49999999999999,4.056302521008404,4.3610169491525435,1.0,1.0,0.0,0,0.0,0.0,0,0.1825,0,22384.0,2204.0,260.0,0.0,0.0,broker
broker,11,4,3.0,0.1,0,60.0,fifo,False,False,local,59.5,30.0,29.5,0.9833333333333333,1.0,0.5057638888888889,482.76666666666665,4.284033613445379,19.419999999999984,3.8583333333333343,4.716949152542374,1.0,1.1166666666666667,0.0,0,0.0,0.0,0,0.18805555555555556,0,22514.0,2283.0,262.0,0.0,0.0,broker
broker,12,4,3.0,0.1,0,60.0,fifo,False,False,local,61.0,30.0,31.0,0.967741935483871,1.0,0.5140972222222222,471.77685950413223,4.044262295081968,20.149999999999995,3.921311475409837,4.1672131147541,1.0,1.0,0.0,0,0.0,0.0,0,0.18916666666666668,0,22857.0,2288.0,269.0,0.0,0.0,broker
broker,13,4,3.0,0.1,0,60.0,fifo,False,False,local,61.5,30.0,31.5,0.9523809523809523,1.0,0.5092361111111111,466.8861788617886,5.078947368421054,21.3,4.415702479338844,5.715873015873017,1.0,1.0952380952380953,0.0,0,0.0,0.0,0,0.20166666666666666,0,23203.0,2404.0,270.0,0.0,0.0,broker
broker,14,4,3.0,0.1,0,60.0,fifo,False,False,local,58.0,29.5,28.5,0.9661016949152542,1.0,0.4957638888888889,492.1186440677966,5.370940170940172,24.3,5.526890756302522,5.209565217391305,1.0,1.0,0.0,0,0.0,0.0,0,0.19083333333333333,0,22567.0,2246.0,257.0,0.0,0.0,broker
broker,15,4,3.0,0.1,0,60.0,fifo,False,False,local,60.5,30.0,30.5,0.9836065573770492,1.0,0.5115972222222223,480.93277310924367,4.732500000000001,21.3,4.678151260504203,4.785950413223142,1.0,1.0,0.0,0,0.0,0.0,0,0.19277777777777777,0,22691.0,2282.0,263.0,0.0,0.0,broker
broker,16,4,3.0,0.1,0,60.0,fifo,False,False,local,59.5,29.5,30.0,0.9833333333333333,1.0,0.5057638888888889,483.8487394957983,4.249790794979081,20.12,4.133333333333335,4.367226890756304,1.0,1.0,0.0,0,0.0,0.0,0,0.18583333333333332,0,22508.0,2292.0,261.0,0.0,0.0,broker
broker,17,4,3.0,0.1,0,60.0,fifo,False,False,local,60.0,30.0,30.0,1.0,1.0,0.5005555555555555,485.66101694915255,3.830252100840337,18.449999999999978,3.657627118644069,4.000000000000001,1.0,1.0,0.0,0,0.0,0.0,0,0.18375,0,22433.0,2240.0,261.0,0.0,0.0,broker
broker,18,4,3.0,0.1,0,60.0,fifo,False,False,local,60.5,30.0,30.5,0.9836065573770492,1.0,0.515,480.875,3.9116666666666675,19.349999999999984,3.9134453781512617,3.9099173553719018,1.0,1.0,0.0,0,0.0,0.0,0,0.18430555555555556,0,22513.0,2165.0,263.0,0.0,0.0,broker
broker,19,4,3.0,0.1,0,60.0,fifo,False,False,local,59.5,29.5,30.0,0.9833333333333333,1.0,0.4970833333333333,484.39495798319325,4.057322175732218,19.399999999999995,3.7333333333333343,4.3840336134453795,1.0,1.0,0.0,0,0.0,0.0,0,0.18625,0,22617.0,2319.0,263.0,0.0,0.0,broker
broker,20,4,3.0,0.1,0,60.0,fifo,False,False,local,60.0,30.0,30.0,1.0,1.0,0.5060416666666667,483.09166666666664,5.011297071129708,22.3,5.493277310924371,4.533333333333334,1.0,1.0,0.0,0,0.0,0.0,0,0.19291666666666665,0,22710.0,2198.0,261.0,0.0,0.0,broker
broker,1,4,3.0,0.3,0,60.0,fifo,False,False,local,58.5,29.5,29.0,0.9830508474576272,1.0,0.49819444444444444,486.26271186440675,4.224894514767933,18.45999999999999,4.733898305084747,3.7201680672268918,1.0,1.0,0.0,0,0.0,0.0,0,0.18597222222222223,0,22700.0,6833.0,261.0,0.0,0.002638888888888889,broker
broker,2,4,3.0,0.3,0,60.0,fifo,False,False,local,60.5,30.0,30.5,0.9836065573770492,1.0,0.5035416666666667,477.0495867768595,4.984647302904565,19.3,5.333333333333334,4.638842975206613,1.0,1.0,0.0,0,0.0,0.0,0,0.19486111111111112,0,22948.0,6859.0,264.0,1.0,0.0015277777777777779,broker
broker,3,4,3.0,0.3,0,60.0,fifo,False,False,local,58.5,29.0,29.5,0.9830508474576272,1.0,0.4945833333333334,490.85470085470087,4.882905982905984,22.649999999999995,4.823076923076924,4.942735042735044,1.0,1.0,0.0,0,0.0,0.0,0,0.1897222222222222,0,22672.0,6826.0,259.0,1.0,0.0016666666666666668,broker
broker,4,4,3.0,0.3,0,60.0,fifo,False,False,local,58.5,29.5,29.0,0.9830508474576272,1.0,0.49201388888888886,493.0683760683761,5.21744680851064,23.3,4.945762711864408,5.491452991452992,1.0,1.0,0.0,0,0.0,0.0,0,0.19208333333333333,0,22603.0,6762.0,258.0,0.0,0.0008333333333333334,broker
broker,5,4,3.0,0.3,0,60.0,fifo,False,False,local,59.5,30.5,29.0,0.9508196721311475,1.0,0.5033333333333333,485.8655462184874,5.368067226890758,21.599999999999955,3.839344262295083,6.975862068965518,1.0166666666666666,1.0,0.0,0,0.0,0.0,0,0.1951388888888889,0,22940.0,6862.0,262.0,1.0,0.004027777777777778,broker
broker,6,4,3.0,0.3,0,60.0,fifo,False,False,local,59.5,30.0,29.5,0.9833333333333333,1.0,0.5040972222222222,484.02521008403363,4.305063291139241,20.3,4.426050420168068,4.183050847457628,1.0,1.0,0.0,0,0.0,0.0,0,0.18652777777777776,0,22717.0,6825.0,262.0,0.0,0.0025,broker
broker,7,4,3.0,0.3,0,60.0,fifo,False,False,local,58.5,29.5,29.0,0.9830508474576272,1.0,0.48791666666666667,488.3613445378151,5.259322033898306,22.3,5.123728813559323,5.394915254237289,1.0,1.0338983050847457,0.0,0,0.0,0.0,0,0.1922222222222222,0,22684.0,6876.0,258.0,0.0,0.003472222222222222,broker
broker,8,4,3.0,0.3,0,60.0,fifo,False,False,local,58.0,29.0,29.0,1.0,1.0,0.4840277777777778,491.9316239316239,5.16923076923077,22.3,4.686324786324787,5.652136752136753,1.0,1.0,0.0,0,0.0,0.0,0,0.18986111111111112,0,22680.0,6824.0,258.0,2.0,0.0020833333333333333,broker
broker,9,4,3.0,0.3,0,60.0,fifo,False,False,local,60.5,31.5,29.0,0.9206349206349206,1.0,0.5157638888888889,476.73553719008265,5.068724279835392,21.3,4.231746031746033,5.970085470085471,1.0793650793650793,1.0,0.0,0,0.0,0.0,0,0.19611111111111112,0,23025.0,6915.0,266.0,1.0,0.0022222222222222222,broker
broker,10,4,3.0,0.3,0,60.0,fifo,False,False,local,59.0,30.0,29.0,0.9666666666666667,1.0,0.4895833333333333,488.15384615384613,4.659493670886077,23.3,4.602521008403363,4.716949152542374,1.0,1.0,0.0,0,0.0,0.0,0,0.18458333333333332,0,22590.0,6781.0,260.0,0.0,0.003611111111111111,broker
broker,11,4,3.0,0.3,0,60.0,fifo,False,False,local,59.5,30.0,29.5,0.9833333333333333,1.0,0.5057638888888889,482.76666666666665,4.8764705882352954,20.3,4.525000000000001,5.233898305084747,1.0,1.1166666666666667,0.0,0,0.0,0.0,0,0.1909722222222222,0,22822.0,6814.0,262.0,1.0,0.0011111111111111111,broker
broker,12,4,3.0,0.3,0,60.0,fifo,False,False,local,61.0,30.0,31.0,0.967741935483871,1.0,0.5140972222222222,471.77685950413223,4.519672131147542,20.3,4.339344262295083,4.700000000000001,1.0,1.0,0.0,0,0.0,0.0,0,0.1925,0,23109.0,7053.0,269.0,0.0,0.002361111111111111,broker
broker,13,4,3.0,0.3,0,60.0,fifo,False,False,local,61.5,30.0,31.5,0.9523809523809523,1.0,0.509375,466.8861788617886,5.690283400809718,22.99999999999999,5.233884297520662,6.12857142857143,1.0,1.0952380952380953,0.0,0,0.0,0.0,0,0.20430555555555555,0,23552.0,7090.0,270.0,1.0,0.0020833333333333333,broker
broker,14,4,3.0,0.3,0,60.0,fifo,False,False,local,58.0,29.5,28.5,0.9661016949152542,1.0,0.49569444444444444,492.1186440677966,5.811111111111112,26.649999999999995,5.795798319327732,5.826956521739131,1.0,1.0,0.0,0,0.0,0.0,0,0.19291666666666665,0,22788.0,6764.0,257.0,0.0,0.0038888888888888888,broker
broker,15,4,3.0,0.3,0,60.0,fifo,False,False,local,60.5,30.0,30.5,0.9836065573770492,1.0,0.5115972222222223,480.93277310924367,5.240833333333335,21.3,5.182352941176472,5.298347107438017,1.0,1.0,0.0,0,0.0,0.0,0,0.1963888888888889,0,22930.0,6843.0,263.0,0.0,0.003472222222222222,broker
broker,16,4,3.0,0.3,0,60.0,fifo,False,False,local,59.5,29.5,30.0,0.9833333333333333,1.0,0.5054166666666666,483.8487394957983,4.735146443514646,20.3,4.3083333333333345,5.165546218487396,1.0,1.0,0.0,0,0.0,0.0,0,0.18986111111111112,0,22795.0,6930.0,261.0,2.0,0.0016666666666666668,broker
broker,17,4,3.0,0.3,0,60.0,fifo,False,False,local,60.0,30.0,30.0,1.0,1.0,0.500625,485.66101694915255,4.0697478991596645,18.599999999999955,3.827118644067798,4.3083333333333345,1.0,1.05,0.0,0,0.0,0.0,0,0.18583333333333332,0,22733.0,6760.0,261.0,3.0,0.0020833333333333333,broker
broker,18,4,3.0,0.3,0,60.0,fifo,False,False,local,60.5,30.0,30.5,0.9836065573770492,1.0,0.515,480.875,4.311666666666667,20.3,4.207563025210085,4.41404958677686,1.0,1.0,0.0,0,0.0,0.0,0,0.18652777777777776,0,22746.0,6748.0,262.0,1.0,0.0022222222222222222,broker
broker,19,4,3.0,0.3,0,60.0,fifo,False,False,local,59.5,29.5,30.0,0.9833333333333333,1.0,0.4969444444444444,484.39495798319325,4.3669456066945616,21.3,4.233333333333334,4.5016806722689084,1.0,1.0,0.0,0,0.0,0.0,0,0.18736111111111112,0,22823.0,6859.0,263.0,0.0,0.002916666666666667,broker
broker,20,4,3.0,0.3,0,60.0,fifo,False,False,local,60.0,30.0,30.0,1.0,1.0,0.5063888888888889,483.09166666666664,5.433891213389122,23.379999999999995,6.0394957983193285,4.833333333333335,1.0,1.0,0.0,0,0.0,0.0,0,0.19583333333333333,0,22927.0,6817.0,261.0,0.0,0.0020833333333333333,broker
broker,1,4,5.0,0.0,0,60.0,fifo,False,False,local,58.5,29.5,29.0,0.9830508474576272,1.0,0.4979166666666667,486.26271186440675,5.807172995780592,23.14,6.318644067796611,5.300000000000001,1.0,1.0,0.0,0,0.0,0.0,0,0.19402777777777777,0,23663.0,0.0,261.0,0.0,0.0,broker
broker,2,4,5.0,0.0,0,60.0,fifo,False,False,local,60.0,30.0,30.0,1.0,1.0,0.503125,477.0495867768595,7.656846473029047,26.1,7.441666666666667,7.870247933884299,1.0,1.0,0.0,0,0.0,0.0,0,0.21180555555555555,0,24243.0,0.0,264.0,0.0,0.0,broker
broker,3,4,5.0,0.0,0,60.0,fifo,False,False,local,59.0,29.5,29.5,1.0,1.0,0.49506944444444445,490.85470085470087,7.075213675213676,25.649999999999995,6.447008547008548,7.7034188034188045,1.0,1.0,0.0,0,0.0,0.0,0,0.20541666666666666,0,23800.0,0.0,259.0,0.0,0.0,broker
broker,4,4,5.0,0.0,0,60.0,fifo,False,False,local,58.5,29.5,29.0,0.9830508474576272,1.0,0.49201388888888886,493.0683760683761,7.281276595744682,25.159999999999997,6.979661016949153,7.585470085470086,1.0,1.0,0.0,0,0.0,0.0,0,0.205,0,23695.0,0.0,258.0,0.0,0.0,broker
broker,5,4,5.0,0.0,0,60.0,fifo,False,False,local,59.5,30.5,29.0,0.9508196721311475,1.0,0.5036805555555556,485.8655462184874,7.015126050420169,29.449999999999978,5.09344262295082,9.036206896551725,1.0,1.0,0.0,0,0.0,0.0,0,0.2051388888888889,0,23947.0,0.0,262.0,0.0,0.0,broker
broker,6,4,5.0,0.0,0,60.0,fifo,False,False,local,59.5,30.0,29.5,0.9833333333333333,1.0,0.5040972222222222,484.02521008403363,6.4654008438818575,25.49999999999999,6.7705882352941185,6.1576271186440685,1.0,1.0,0.0,0,0.0,0.0,0,0.19819444444444445,0,23890.0,0.0,262.0,0.0,0.0,broker
broker,7,4,5.0,0.0,0,60.0,fifo,False,False,local,58.5,29.5,29.0,0.9830508474576272,1.0,0.48756944444444444,488.3613445378151,7.683050847457628,27.3,7.4542372881355945,7.911864406779662,1.0,1.1016949152542372,0.0,0,0.0,0.0,0,0.20708333333333334,0,23894.0,0.0,258.0,0.0,0.0,broker
broker,8,4,5.0,0.0,0,60.0,fifo,False,False,local,58.0,29.0,29.0,1.0,1.0,0.48375,491.9316239316239,7.216239316239317,25.3,7.25897435897436,7.173504273504275,1.0,1.0,0.0,0,0.0,0.0,0,0.20347222222222222,0,23731.0,0.0,258.0,0.0,0.0,broker
broker,9,4,5.0,0.0,0,60.0,fifo,False,False,local,60.5,31.5,29.0,0.9206349206349206,1.0,0.5164583333333332,476.73553719008265,7.546090534979425,27.199999999999978,6.041269841269842,9.166666666666668,1.2063492063492063,1.1206896551724137,0.0,0,0.0,0.0,0,0.21208333333333335,0,24260.0,0.0,266.0,0.0,0.0,broker
broker,10,4,5.0,0.0,0,60.0,fifo,False,False,local,59.0,30.0,29.0,0.9666666666666667,1.0,0.4895833333333333,488.15384615384613,6.857805907172997,30.49999999999999,7.056302521008404,6.6576271186440685,1.0,1.0,0.0,0,0.0,0.0,0,0.19791666666666666,0,23752.0,0.0,260.0,0.0,0.0,broker
broker,11,4,5.0,0.0,0,60.0,fifo,False,False,local,59.5,30.0,29.5,0.9833333333333333,1.0,0.5057638888888889,482.76666666666665,6.924267782426779,25.399999999999995,6.158333333333334,7.696638655462186,1.0,1.0,0.0,0,0.0,0.0,0,0.2013888888888889,0,23904.0,0.0,262.0,0.0,0.0,broker
broker,12,4,5.0,0.0,0,60.0,fifo,False,False,local,61.0,30.0,31.0,0.967741935483871,1.0,0.5144444444444445,471.77685950413223,6.8229508196721325,24.979999999999997,6.978688524590165,6.6672131147541,1.1166666666666667,1.0,0.0,0,0.0,0.0,0,0.20847222222222223,0,24386.0,0.0,269.0,0.0,0.0,broker
broker,13,4,5.0,0.0,0,60.0,fifo,False,False,local,61.5,30.0,31.5,0.9523809523809523,1.0,0.5095138888888889,466.8861788617886,8.589068825910932,29.3,8.010743801652893,9.144444444444446,1.0,1.1111111111111112,0.0,0,0.0,0.0,0,0.22402777777777777,0,24959.0,0.0,270.0,0.0,0.0,broker
broker,14,4,5.0,0.0,0,60.0,fifo,False,False,local,58.0,29.5,28.5,0.9661016949152542,1.0,0.49548611111111107,492.1186440677966,8.024786324786326,32.3,8.795798319327732,7.226956521739131,1.0,1.0,0.0,0,0.0,0.0,0,0.20527777777777778,0,23966.0,0.0,257.0,0.0,0.0,broker
broker,15,4,5.0,0.0,0,60.0,fifo,False,False,local,60.0,29.5,30.5,0.9672131147540983,1.0,0.5113888888888889,480.93277310924367,7.540833333333334,26.11,7.333613445378152,7.744628099173554,1.0,1.0,0.0,0,0.0,0.0,0,0.2111111111111111,0,24125.0,0.0,262.0,0.0,0.0,broker
broker,16,4,5.0,0.0,0,60.0,fifo,False,False,local,59.5,29.5,30.0,0.9833333333333333,1.0,0.5059722222222223,483.8487394957983,6.768619246861926,26.399999999999995,6.775000000000001,6.762184873949581,1.1833333333333333,1.1864406779661016,0.0,0,0.0,0.0,0,0.20347222222222222,0,23924.0,0.0,261.0,0.0,0.0,broker
broker,17,4,5.0,0.0,0,60.0,fifo,False,False,local,59.5,29.5,30.0,0.9833333333333333,1.0,0.5014583333333333,485.66101694915255,6.0109243697479,24.419999999999984,5.937288135593222,6.083333333333334,1.0,1.0666666666666667,0.0,0,0.0,0.0,0,0.19611111111111112,0,23708.0,0.0,261.0,0.0,0.0,broker
broker,18,4,5.0,0.0,0,60.0,fifo,False,False,local,60.5,30.0,30.5,0.9836065573770492,1.0,0.515,480.875,6.674166666666667,26.1,6.980672268907564,6.372727272727274,1.0,1.0,0.0,0,0.0,0.0,0,0.20555555555555555,0,23948.0,0.0,262.0,0.0,0.0,broker
broker,19,4,5.0,0.0,0,60.0,fifo,False,False,local,59.5,29.5,30.0,0.9833333333333333,1.0,0.4966666666666667,484.39495798319325,6.22050209205021,25.3,5.925000000000001,6.518487394957984,1.0,1.0,0.0,0,0.0,0.0,0,0.19930555555555557,0,23878.0,0.0,262.0,0.0,0.0,broker
broker,20,4,5.0,0.0,0,60.0,fifo,False,False,local,60.0,30.0,30.0,1.0,1.0,0.5065277777777777,483.09166666666664,7.917647058823531,29.599999999999955,8.57731092436975,7.257983193277312,1.0,1.25,0.0,0,0.0,0.0,0,0.2098611111111111,0,24173.0,0.0,261.0,0.0,0.0,broker
broker,1,4,5.0,0.1,0,60.0,fifo,False,False,local,58.5,29.5,29.0,0.9830508474576272,1.0,0.4979166666666667,486.26271186440675,6.0561181434599165,23.3,6.649152542372883,5.468067226890757,1.0,1.0,0.0,0,0.0,0.0,0,0.19666666666666666,0,23786.0,2418.0,261.0,0.0,0.0,broker
broker,2,4,5.0,0.1,0,60.0,fifo,False,False,local,60.0,30.0,30.0,1.0,1.0,0.5027777777777778,477.0495867768595,7.868464730290458,27.1,7.650000000000001,8.08512396694215,1.0,1.0,0.0,0,0.0,0.0,0,0.2127777777777778,0,24347.0,2403.0,264.0,0.0,0.0,broker
broker,3,4,5.0,0.1,0,60.0,fifo,False,False,local,59.0,29.5,29.5,1.0,1.0,0.49506944444444445,490.85470085470087,7.344444444444445,27.519999999999996,6.635042735042736,8.053846153846155,1.0,1.0,0.0,0,0.0,0.0,0,0.20847222222222223,0,23915.0,2419.0,259.0,0.0,0.0,broker
broker,4,4,5.0,0.1,0,60.0,fifo,False,False,local,58.5,29.5,29.0,0.9830508474576272,1.0,0.49201388888888886,493.0683760683761,7.54936170212766,26.159999999999997,7.225423728813561,7.876068376068377,1.0,1.0,0.0,0,0.0,0.0,0,0.20819444444444443,0,23819.0,2303.0,258.0,0.0,0.0,broker
broker,5,4,5.0,0.1,0,60.0,fifo,False,False,local,59.5,30.5,29.0,0.9508196721311475,1.0,0.50375,485.8655462184874,7.250420168067228,28.279999999999973,5.118032786885247,9.493103448275862,1.0,1.0,0.0,0,0.0,0.0,0,0.20777777777777778,0,24055.0,2355.0,262.0,0.0,0.0001388888888888889,broker
broker,6,4,5.0,0.1,0,60.0,fifo,False,False,local,59.5,30.0,29.5,0.9833333333333333,1.0,0.5040972222222222,484.02521008403363,6.769198312236288,26.49999999999999,7.047899159663866,6.48813559322034,1.0,1.0,0.0,0,0.0,0.0,0,0.20097222222222222,0,24013.0,2340.0,262.0,0.0,0.0,broker
broker,7,4,5.0,0.1,0,60.0,fifo,False,False,local,58.5,29.5,29.0,0.9830508474576272,1.0,0.48756944444444444,488.3613445378151,7.966949152542374,27.3,7.742372881355934,8.191525423728814,1.0,1.1016949152542372,0.0,0,0.0,0.0,0,0.20972222222222223,0,24037.0,2411.0,258.0,0.0,0.0,broker
broker,8,4,5.0,0.1,0,60.0,fifo,False,False,local,58.0,29.0,29.0,1.0,1.0,0.48368055555555556,491.9316239316239,7.476923076923078,25.3,7.498290598290599,7.455555555555557,1.0,1.0,0.0,0,0.0,0.0,0,0.20569444444444446,0,23868.0,2367.0,258.0,0.0,0.0,broker
broker,9,4,5.0,0.1,0,60.0,fifo,False,False,local,60.5,31.5,29.0,0.9206349206349206,1.0,0.5165277777777777,476.73553719008265,7.87530864197531,27.199999999999978,6.184126984126985,9.696581196581198,1.3174603174603174,1.1896551724137931,0.0,0,0.0,0.0,0,0.2140277777777778,0,24406.0,2470.0,266.0,0.0,0.0,broker
broker,10,4,5.0,0.1,0,60.0,fifo,False,False,local,59.0,30.0,29.0,0.9666666666666667,1.0,0.4895833333333333,488.15384615384613,7.220675105485233,30.49999999999999,7.367226890756304,7.072881355932204,1.0,1.0,0.0,0,0.0,0.0,0,0.20208333333333334,0,23905.0,2374.0,260.0,0.0,0.0,broker
broker,11,4,5.0,0.1,0,60.0,fifo,False,False,local,59.5,30.0,29.5,0.9833333333333333,1.0,0.5057638888888889,482.76666666666665,7.212970711297072,26.399999999999995,6.458333333333334,7.973949579831934,1.0,1.0,0.0,0,0.0,0.0,0,0.20402777777777778,0,24027.0,2416.0,262.0,0.0,0.0,broker
broker,12,4,5.0,0.1,0,60.0,fifo,False,False,local,61.0,30.0,31.0,0.967741935483871,1.0,0.5146527777777777,471.77685950413223,7.191803278688526,26.119999999999994,7.675409836065575,6.708196721311476,1.1166666666666667,1.0,0.0,0,0.0,0.0,0,0.21208333333333335,0,24531.0,2441.0,269.0,0.0,0.0,broker
broker,13,4,5.0,0.1,0,60.0,fifo,False,False,local,61.5,30.0,31.5,0.9523809523809523,1.0,0.5095833333333333,466.8861788617886,8.945344129554657,29.859999999999992,8.374380165289256,9.493650793650795,1.0,1.0793650793650793,0.0,0,0.0,0.0,0,0.2276388888888889,0,25125.0,2591.0,270.0,0.0,0.0,broker
broker,14,4,5.0,0.1,0,60.0,fifo,False,False,local,58.0,29.5,28.5,0.9661016949152542,1.0,0.49548611111111107,492.1186440677966,8.31965811965812,32.3,9.140336134453783,7.470434782608697,1.0508474576271187,1.0,0.0,0,0.0,0.0,0,0.20722222222222222,0,24110.0,2379.0,257.0,0.0,0.0,broker
broker,15,4,5.0,0.1,0,60.0,fifo,False,False,local,60.0,29.5,30.5,0.9672131147540983,1.0,0.5113888888888889,480.93277310924367,7.782500000000001,26.339999999999986,7.560504201680673,8.000826446280993,1.0,1.0,0.0,0,0.0,0.0,0,0.21291666666666667,0,24239.0,2439.0,262.0,0.0,0.0,broker
broker,16,4,5.0,0.1,0,60.0,fifo,False,False,local,59.5,29.5,30.0,0.9833333333333333,1.0,0.5059722222222223,483.8487394957983,7.094979079497909,28.3,6.983333333333334,7.207563025210085,1.1833333333333333,1.1864406779661016,0.0,0,0.0,0.0,0,0.20583333333333334,0,24070.0,2438.0,261.0,0.0,0.0,broker
broker,17,4,5.0,0.1,0,60.0,fifo,False,False,local,59.5,29.5,30.0,0.9833333333333333,1.0,0.5015972222222222,485.66101694915255,6.254621848739497,24.3,6.225423728813561,6.283333333333334,1.0,1.0666666666666667,0.0,0,0.0,0.0,0,0.19916666666666666,0,23856.0,2375.0,261.0,0.0,0.0,broker
broker,18,4,5.0,0.1,0,60.0,fifo,False,False,local,60.5,30.0,30.5,0.9836065573770492,1.0,0.515,480.875,6.874166666666667,26.199999999999967,7.224369747899161,6.529752066115703,1.0,1.0,0.0,0,0.0,0.0,0,0.20833333333333334,0,24059.0,2335.0,262.0,0.0,0.0,broker
broker,19,4,5.0,0.1,0,60.0,fifo,False,False,local,59.5,29.5,30.0,0.9833333333333333,1.0,0.49659722222222225,484.39495798319325,6.442259414225942,26.3,6.0583333333333345,6.829411764705883,1.0,1.0,0.0,0,0.0,0.0,0,0.20055555555555554,0,23981.0,2457.0,262.0,0.0,0.0001388888888888889,broker
broker,20,4,5.0,0.1,0,60.0,fifo,False,False,local,60.0,30.0,30.0,1.0,1.0,0.5065277777777777,483.09166666666664,8.081512605042018,28.89999999999991,8.829411764705883,7.333613445378152,1.0,1.3166666666666667,0.0,0,0.0,0.0,0,0.21138888888888888,0,24263.0,2369.0,261.0,0.0,0.0,broker
broker,1,4,5.0,0.3,0,60.0,fifo,False,False,local,58.5,29.5,29.0,0.9830508474576272,1.0,0.4978472222222222,486.26271186440675,6.807172995780592,25.33999999999999,6.9542372881355945,6.661344537815127,1.0,1.0,0.0,0,0.0,0.0,0,0.20291666666666666,0,24096.0,7246.0,261.0,0.0,0.0018055555555555555,broker
broker,2,4,5.0,0.3,0,60.0,fifo,False,False,local,60.0,30.0,30.0,1.0,1.0,0.5028472222222222,477.0495867768595,8.96390041493776,29.3,8.950000000000001,8.977685950413225,1.0,1.0,0.0,0,0.0,0.0,0,0.21777777777777776,0,24797.0,7439.0,264.0,2.0,0.002361111111111111,broker
broker,3,4,5.0,0.3,0,60.0,fifo,False,False,local,59.0,29.5,29.5,1.0,1.0,0.49506944444444445,490.85470085470087,7.895726495726497,27.17,6.968376068376069,8.823076923076924,1.0,1.0,0.0,0,0.0,0.0,0,0.21194444444444444,0,24169.0,7284.0,259.0,0.0,0.0008333333333333334,broker
broker,4,4,5.0,0.3,0,60.0,fifo,False,False,local,58.5,29.5,29.0,0.9830508474576272,1.0,0.49201388888888886,493.0683760683761,8.179148936170213,26.599999999999984,8.047457627118645,8.311965811965813,1.0,1.0,0.0,0,0.0,0.0,0,0.21222222222222223,0,24113.0,7228.0,258.0,1.0,0.002361111111111111,broker
broker,5,4,5.0,0.3,0,60.0,fifo,False,False,local,59.5,30.5,29.0,0.9508196721311475,1.0,0.5036805555555556,485.8655462184874,7.901680672268909,28.599999999999955,6.159016393442624,9.73448275862069,1.0,1.0,0.0,0,0.0,0.0,0,0.21222222222222223,0,24365.0,7272.0,262.0,1.0,0.0033333333333333335,broker
broker,6,4,5.0,0.3,0,60.0,fifo,False,False,local,59.5,30.0,29.5,0.9833333333333333,1.0,0.5040972222222222,484.02521008403363,7.456962025316456,27.3,7.871428571428573,7.038983050847459,1.0,1.0,0.0,0,0.0,0.0,0,0.2063888888888889,0,24378.0,7286.0,262.0,0.0,0.002638888888888889,broker
broker,7,4,5.0,0.3,0,60.0,fifo,False,False,local,58.5,29.5,29.0,0.9830508474576272,1.0,0.4874305555555556,488.3613445378151,8.839830508474577,30.150000000000002,8.674576271186442,9.005084745762712,1.0,1.11864406779661,0.0,0,0.0,0.0,0,0.21388888888888888,0,24402.0,7358.0,258.0,1.0,0.0015277777777777779,broker
broker,8,4,5.0,0.3,0,60.0,fifo,False,False,local,58.0,29.0,29.0,1.0,1.0,0.4836111111111111,491.9316239316239,8.63931623931624,29.649999999999995,9.481196581196581,7.797435897435898,1.0,1.0,0.0,0,0.0,0.0,0,0.2123611111111111,0,24318.0,7298.0,258.0,0.0,0.0022222222222222222,broker
broker,9,4,5.0,0.3,0,60.0,fifo,False,False,local,60.5,31.5,29.0,0.9206349206349206,1.0,0.5169444444444444,476.73553719008265,8.881818181818183,25.3,7.453968253968255,10.432758620689656,1.3650793650793651,1.1896551724137931,0.0,0,0.0,0.0,0,0.22208333333333333,0,24853.0,7488.0,266.0,1.0,0.0030555555555555557,broker
broker,10,4,5.0,0.3,0,60.0,fifo,False,False,local,59.0,30.0,29.0,0.9666666666666667,1.0,0.4895833333333333,488.15384615384613,8.060337552742617,31.49999999999999,8.249579831932774,7.869491525423729,1.0,1.0,0.0,0,0.0,0.0,0,0.20652777777777778,0,24302.0,7305.0,260.0,1.0,0.005,broker
broker,11,4,5.0,0.3,0,60.0,fifo,False,False,local,59.5,30.0,29.5,0.9833333333333333,1.0,0.5057638888888889,482.76666666666665,8.451464435146445,29.12,7.7666666666666675,9.14201680672269,1.0,1.0833333333333333,0.0,0,0.0,0.0,0,0.21569444444444444,0,24544.0,7321.0,262.0,2.0,0.002638888888888889,broker
broker,12,4,5.0,0.3,0,60.0,fifo,False,False,local,61.0,30.0,31.0,0.967741935483871,1.0,0.5150694444444444,471.77685950413223,7.999180327868854,26.979999999999997,7.798360655737706,8.200000000000001,1.1333333333333333,1.0,0.0,0,0.0,0.0,0,0.21833333333333332,0,24996.0,7617.0,269.0,2.0,0.0030555555555555557,broker
broker,13,4,5.0,0.3,0,60.0,fifo,False,False,local,61.5,30.0,31.5,0.9523809523809523,1.0,0.5096527777777777,466.8861788617886,9.495951417004049,31.999999999999986,9.316528925619835,9.66825396825397,1.0,1.0317460317460319,0.0,0,0.0,0.0,0,0.23152777777777778,0,25456.0,7637.0,270.0,1.0,0.0018055555555555555,broker
broker,14,4,5.0,0.3,0,60.0,fifo,False,False,local,58.0,29.5,28.5,0.9661016949152542,1.0,0.4955555555555555,492.1186440677966,9.093162393162395,33.3,9.812605042016807,8.348695652173914,1.152542372881356,1.0,0.0,0,0.0,0.0,0,0.21013888888888888,0,24497.0,7259.0,257.0,1.0,0.002638888888888889,broker
broker,15,4,5.0,0.3,0,60.0,fifo,False,False,local,60.0,29.5,30.5,0.9672131147540983,1.0,0.51125,480.93277310924367,8.524166666666668,30.159999999999982,8.518487394957985,8.529752066115703,1.0,1.0,0.0,0,0.0,0.0,0,0.21625,0,24568.0,7339.0,262.0,0.0,0.0031944444444444446,broker
broker,16,4,5.0,0.3,0,60.0,fifo,False,False,local,59.5,29.5,30.0,0.9833333333333333,1.0,0.5059027777777778,483.8487394957983,8.120083682008369,29.3,8.275,7.963865546218488,1.2,1.1355932203389831,0.0,0,0.0,0.0,0,0.21305555555555555,0,24498.0,7448.0,261.0,0.0,0.0016666666666666668,broker
broker,17,4,5.0,0.3,0,60.0,fifo,False,False,local,59.5,29.5,30.0,0.9833333333333333,1.0,0.50125,485.66101694915255,7.410084033613447,27.3,7.60677966101695,7.216666666666668,1.0,1.1166666666666667,0.0,0,0.0,0.0,0,0.20472222222222222,0,24311.0,7216.0,261.0,0.0,0.001388888888888889,broker
broker,18,4,5.0,0.3,0,60.0,fifo,False,False,local,60.5,30.0,30.5,0.9836065573770492,1.0,0.515,480.875,7.449166666666668,29.3,7.879831932773111,7.025619834710745,1.0,1.0163934426229508,0.0,0,0.0,0.0,0,0.20875,0,24358.0,7234.0,262.0,2.0,0.002777777777777778,broker
broker,19,4,5.0,0.3,0,60.0,fifo,False,False,local,59.5,29.5,30.0,0.9833333333333333,1.0,0.4965277777777778,484.39495798319325,7.023849372384938,25.3,6.700000000000001,7.350420168067227,1.0,1.0,0.0,0,0.0,0.0,0,0.20472222222222222,0,24289.0,7283.0,262.0,0.0,0.0015277777777777779,broker
broker,20,4,5.0,0.3,0,60.0,fifo,False,False,local,60.0,30.0,30.0,1.0,1.0,0.5065277777777777,483.09166666666664,9.257983193277312,34.3,9.963865546218488,8.552100840336136,1.0,1.2666666666666666,0.0,0,0.0,0.0,0,0.2165277777777778,0,24714.0,7384.0,261.0,1.0,0.0025,broker
broker,1,4,8.0,0.0,0,60.0,fifo,False,False,local,58.5,29.5,29.0,0.9830508474576272,0.996736111111111,0.4952777777777778,487.5982905982906,16.559071729957807,40.14,17.696638655462184,15.411864406779662,1.0,1.0,0.0,0,0.0,0.0,0,0.25194444444444447,0,27940.0,0.0,261.0,0.0,0.0,broker
broker,2,4,8.0,0.0,0,60.0,fifo,False,False,local,60.5,30.0,30.5,0.9836065573770492,0.9981944444444444,0.5002777777777778,477.69166666666666,18.336363636363636,41.3,18.608333333333334,18.068852459016394,1.0,1.0,0.0,0,0.0,0.0,0,0.2697222222222222,0,28670.0,0.0,264.0,0.0,0.0,broker
broker,3,4,8.0,0.0,0,60.0,fifo,False,False,local,58.5,29.0,29.5,0.9830508474576272,1.0,0.4945833333333334,490.85470085470087,17.952765957446807,44.199999999999946,17.08803418803419,18.810169491525425,1.0,1.0,0.0,0,0.0,0.0,0,0.25430555555555556,0,28085.0,0.0,259.0,0.0,0.0,broker
broker,4,4,8.0,0.0,0,60.0,fifo,False,False,local,58.5,29.5,29.0,0.9830508474576272,1.0,0.49187500000000006,493.0683760683761,16.65063829787234,38.3,16.669747899159663,16.631034482758622,1.1016949152542372,1.0,0.0,0,0.0,0.0,0,0.2529166666666667,0,27753.0,0.0,257.0,0.0,0.0,broker
broker,5,4,8.0,0.0,0,60.0,fifo,False,False,local,59.5,30.5,29.0,0.9508196721311475,0.9988888888888889,0.5015277777777778,486.66101694915255,16.515126050420168,41.329999999999814,14.199173553719008,18.910256410256412,1.0,1.2033898305084745,0.0,0,0.0,0.0,0,0.2515277777777778,0,28011.0,0.0,261.0,0.0,0.0,broker
broker,6,4,8.0,0.0,0,60.0,fifo,False,False,local,59.5,30.0,29.5,0.9833333333333333,1.0,0.5040972222222222,484.02521008403363,18.384873949579834,42.449999999999974,17.7,19.08135593220339,1.0,1.0,0.0,0,0.0,0.0,0,0.2627777777777778,0,28628.0,0.0,262.0,0.0,0.0,broker
broker,7,4,8.0,0.0,0,60.0,fifo,False,False,local,59.0,29.5,29.5,1.0,1.0,0.48777777777777775,488.3613445378151,17.080425531914894,39.539999999999985,17.105128205128207,17.05593220338983,1.0,1.0,0.0,0,0.0,0.0,0,0.2529166666666667,0,27880.0,0.0,258.0,0.0,0.0,broker
broker,8,4,8.0,0.0,0,60.0,fifo,False,False,local,58.0,29.5,28.5,0.9661016949152542,0.9886805555555556,0.4776388888888889,497.66379310344826,19.952813852813854,54.1,17.395726495726496,22.57719298245614,1.0,1.105263157894737,0.0,0,0.0,0.0,0,0.24791666666666667,0,28427.0,0.0,257.0,2.0,0.0,broker
broker,9,4,8.0,0.0,0,60.0,fifo,False,False,local,59.0,30.5,28.5,0.9344262295081968,0.9775694444444445,0.5065277777777778,488.40677966101697,22.564406779661017,62.3,24.39166666666667,20.674137931034483,2.2666666666666666,2.396551724137931,0.0,0,0.0,0.0,0,0.25972222222222224,0,29395.0,0.0,262.0,2.0,0.0,broker
broker,10,4,8.0,0.0,0,60.0,fifo,False,False,local,59.0,30.0,29.0,0.9666666666666667,0.9998611111111111,0.48972222222222217,488.22222222222223,17.797457627118646,45.05,16.928813559322034,18.666101694915255,1.1355932203389831,1.0677966101694916,0.0,0,0.0,0.0,0,0.2538888888888889,0,28177.0,0.0,259.0,0.0,0.0,broker
broker,11,4,8.0,0.0,0,60.0,fifo,False,False,local,59.5,30.0,29.5,0.9833333333333333,0.99375,0.50125,485.72033898305085,18.132773109243697,41.59999999999995,18.150000000000002,18.115254237288138,1.0,1.0,0.0,0,0.0,0.0,0,0.2611111111111111,0,28360.0,0.0,261.0,0.0,0.0,broker
broker,12,4,8.0,0.0,0,60.0,fifo,False,False,local,60.5,30.0,30.5,0.9836065573770492,0.9935416666666667,0.5115277777777778,474.8512396694215,20.830041152263377,57.17999999999997,21.45702479338843,20.208196721311477,1.0333333333333334,1.1935483870967742,0.0,0,0.0,0.0,0,0.2722222222222222,0,29610.0,0.0,267.0,0.0,0.0,broker
broker,13,4,8.0,0.0,0,60.0,fifo,False,False,local,61.5,30.0,31.5,0.9523809523809523,0.9972916666666667,0.509375,468.1544715447154,19.891902834008096,43.39999999999996,18.80655737704918,20.9512,1.0,1.0,0.0,0,0.0,0.0,0,0.27791666666666665,0,29658.0,0.0,269.0,0.0,0.0,broker
broker,14,4,8.0,0.0,0,60.0,fifo,False,False,local,58.0,29.5,28.5,0.9661016949152542,0.9977083333333333,0.4913888888888889,493.23728813559325,17.020171673819743,44.89999999999979,18.41186440677966,15.59217391304348,1.206896551724138,1.0,0.0,0,0.0,0.0,0,0.24847222222222223,0,27798.0,0.0,256.0,0.0,0.0,broker
broker,15,4,8.0,0.0,0,60.0,fifo,False,False,local,60.0,30.0,30.0,1.0,0.9972916666666667,0.5120138888888889,482.2436974789916,17.2581589958159,42.3,15.938655462184874,18.566666666666666,1.0,1.0,0.0,0,0.0,0.0,0,0.25569444444444445,0,28198.0,0.0,261.0,0.0,0.0,broker
broker,16,4,8.0,0.0,0,60.0,fifo,False,False,local,59.5,29.5,30.0,0.9833333333333333,0.9952777777777777,0.5045833333333334,486.1101694915254,17.71012658227848,49.699999999999974,17.249579831932774,18.174576271186442,1.0677966101694916,1.0,0.0,0,0.0,0.0,0,0.25680555555555556,0,28300.0,0.0,260.0,0.0,0.0,broker
broker,17,4,8.0,0.0,0,60.0,fifo,False,False,local,60.0,30.0,30.0,1.0,0.999375,0.5027777777777778,485.96610169491527,16.8957805907173,37.45999999999999,17.861016949152543,15.938655462184874,1.0,1.2666666666666666,0.0,0,0.0,0.0,0,0.2561111111111111,0,28156.0,0.0,261.0,0.0,0.0,broker
broker,18,4,8.0,0.0,0,60.0,fifo,False,False,local,58.5,29.5,29.0,0.9830508474576272,0.9757638888888889,0.503611111111111,493.2307692307692,19.391452991452994,51.34999999999998,16.455555555555556,22.327350427350428,2.5344827586206895,1.2881355932203389,0.0,0,0.0,0.0,0,0.24638888888888888,0,28274.0,0.0,258.0,2.0,0.0,broker
broker,19,4,8.0,0.0,0,60.0,fifo,False,False,local,59.5,29.5,30.0,0.9833333333333333,1.0,0.49583333333333335,484.39495798319325,16.031932773109244,36.3,16.0327731092437,16.03109243697479,1.0,1.0,0.0,0,0.0,0.0,0,0.25708333333333333,0,27981.0,0.0,261.0,0.0,0.0,broker
broker,20,4,8.0,0.0,0,60.0,fifo,False,False,local,60.0,30.0,30.0,1.0,1.0,0.5065277777777777,483.09166666666664,17.3836820083682,48.12,18.476470588235294,16.3,1.2,1.0,0.0,0,0.0,0.0,0,0.25555555555555554,0,28140.0,0.0,261.0,0.0,0.0,broker
broker,1,4,8.0,0.1,0,60.0,fifo,False,False,local,58.5,29.5,29.0,0.9830508474576272,0.9986805555555556,0.49750000000000005,486.90677966101697,17.405882352941177,43.16999999999987,17.63781512605042,17.173949579831934,1.0,1.0,0.0,0,0.0,0.0,0,0.2579166666666667,0,28309.0,2888.0,261.0,0.0,0.0,broker
broker,2,4,8.0,0.1,0,60.0,fifo,False,False,local,60.5,30.0,30.5,0.9836065573770492,0.999375,0.5020833333333333,477.3471074380165,19.01404958677686,42.249999999999986,19.641666666666666,18.39672131147541,1.0,1.0,0.0,0,0.0,0.0,0,0.2709722222222222,0,28892.0,2857.0,264.0,0.0,0.0,broker
broker,3,4,8.0,0.1,0,60.0,fifo,False,False,local,58.5,29.0,29.5,0.9830508474576272,1.0,0.49472222222222223,490.85470085470087,17.961276595744682,44.3,17.464102564102564,18.454237288135594,1.0,1.0,0.0,0,0.0,0.0,0,0.2559722222222222,0,28164.0,2847.0,259.0,0.0,0.0,broker
broker,4,4,8.0,0.1,0,60.0,fifo,False,False,local,59.0,30.0,29.0,0.9666666666666667,1.0,0.4919444444444444,493.0683760683761,17.42936170212766,41.3,17.08151260504202,17.786206896551725,1.1016949152542372,1.0,0.0,0,0.0,0.0,0,0.25583333333333336,0,28054.0,2747.0,257.0,0.0,0.0001388888888888889,broker
broker,5,4,8.0,0.1,0,60.0,fifo,False,False,local,59.5,30.5,29.0,0.9508196721311475,0.9988888888888889,0.5013194444444444,486.66101694915255,17.590756302521008,47.74999999999993,15.389256198347109,19.867521367521366,1.0,1.2203389830508475,0.0,0,0.0,0.0,0,0.2563888888888889,0,28376.0,2789.0,261.0,0.0,0.0,broker
broker,6,4,8.0,0.1,0,60.0,fifo,False,False,local,59.5,30.0,29.5,0.9833333333333333,1.0,0.5040972222222222,484.02521008403363,19.641176470588235,50.59999999999995,19.166666666666668,20.12372881355932,1.0333333333333334,1.0,0.0,0,0.0,0.0,0,0.26611111111111113,0,29010.0,2843.0,262.0,0.0,0.0,broker
broker,7,4,8.0,0.1,0,60.0,fifo,False,False,local,59.0,29.5,29.5,1.0,1.0,0.48777777777777775,488.3613445378151,18.220851063829787,40.1,18.011111111111113,18.428813559322034,1.0,1.0,0.0,0,0.0,0.0,0,0.2584722222222222,0,28261.0,2804.0,258.0,0.0,0.0,broker
broker,8,4,8.0,0.1,0,60.0,fifo,False,False,local,58.0,29.5,28.5,0.9661016949152542,0.9886111111111111,0.4775694444444445,497.69827586206895,20.58917748917749,53.7,17.19059829059829,24.07719298245614,1.0169491525423728,1.1578947368421053,0.0,0,0.0,0.0,0,0.2526388888888889,0,28685.0,2836.0,257.0,2.0,0.0,broker
broker,9,4,8.0,0.1,0,60.0,fifo,False,False,local,59.5,31.0,28.5,0.9193548387096774,0.9862500000000001,0.51,483.8655462184874,22.195798319327732,56.3,21.90650406504065,22.50521739130435,1.4754098360655739,1.7586206896551724,0.0,0,0.0,0.0,0,0.2658333333333333,0,29542.0,3010.0,262.0,1.0,0.0,broker
broker,10,4,8.0,0.1,0,60.0,fifo,False,False,local,59.0,30.0,29.0,0.9666666666666667,0.9998611111111111,0.48972222222222217,488.22222222222223,18.611016949152543,49.3,16.928813559322034,20.29322033898305,1.11864406779661,1.0677966101694916,0.0,0,0.0,0.0,0,0.25708333333333333,0,28479.0,2810.0,259.0,0.0,0.0,broker
broker,11,4,8.0,0.1,0,60.0,fifo,False,False,local,59.5,30.0,29.5,0.9833333333333333,0.9946527777777778,0.5027083333333333,485.05882352941177,19.989915966386555,50.27999999999997,19.358333333333334,20.632203389830508,1.0,1.576271186440678,0.0,0,0.0,0.0,0,0.26666666666666666,0,28945.0,2921.0,262.0,0.0,0.0,broker
broker,12,4,8.0,0.1,0,60.0,fifo,False,False,local,60.5,30.0,30.5,0.9836065573770492,0.9927777777777778,0.5122222222222221,475.21487603305786,20.497520661157026,54.249999999999986,19.816666666666666,21.167213114754098,1.1666666666666667,1.0,0.0,0,0.0,0.0,0,0.2747222222222222,0,29548.0,2952.0,266.0,0.0,0.0,broker
broker,13,4,8.0,0.1,0,60.0,fifo,False,False,local,61.5,30.5,31.0,0.9838709677419355,0.9889583333333334,0.5040972222222222,471.59016393442624,22.42,58.89999999999996,19.618032786885248,25.19918699186992,1.0,1.459016393442623,0.0,0,0.0,0.0,0,0.2777777777777778,0,30257.0,3141.0,267.0,0.0,0.0,broker
broker,14,4,8.0,0.1,0,60.0,fifo,False,False,local,58.0,29.5,28.5,0.9661016949152542,0.9977083333333333,0.49118055555555556,493.23728813559325,18.20901287553648,45.49999999999993,19.39491525423729,16.99217391304348,1.1724137931034482,1.0,0.0,0,0.0,0.0,0,0.2538888888888889,0,28197.0,2816.0,256.0,0.0,0.0,broker
broker,15,4,8.0,0.1,0,60.0,fifo,False,False,local,60.0,30.0,30.0,1.0,0.9972916666666667,0.5108333333333334,482.2436974789916,17.747698744769874,40.39999999999999,16.131932773109245,19.35,1.0,1.0,0.0,0,0.0,0.0,0,0.2584722222222222,0,28388.0,2842.0,261.0,0.0,0.0,broker
broker,16,4,8.0,0.1,0,60.0,fifo,False,False,local,59.0,29.5,29.5,1.0,0.9884027777777777,0.5025,489.46610169491527,20.318644067796612,55.65,19.361016949152543,21.276271186440677,1.0,1.0,0.0,0,0.0,0.0,0,0.2586111111111111,0,28863.0,2905.0,259.0,1.0,0.0,broker
broker,17,4,8.0,0.1,0,60.0,fifo,False,False,local,60.0,30.0,30.0,1.0,0.999375,0.5028472222222222,485.96610169491527,17.313502109704643,39.14,18.471186440677968,16.165546218487396,1.0,1.2833333333333334,0.0,0,0.0,0.0,0,0.25972222222222224,0,28359.0,2797.0,260.0,0.0,0.0,broker
broker,18,4,8.0,0.1,0,60.0,fifo,False,False,local,58.5,29.0,29.5,0.9830508474576272,0.9732638888888889,0.5017361111111112,494.1794871794872,21.984978540772534,61.81999999999991,21.105172413793102,22.85726495726496,4.0,1.3,0.0,0,0.0,0.0,0,0.2554166666666667,0,29028.0,2827.0,257.0,2.0,0.0,broker
broker,19,4,8.0,0.1,0,60.0,fifo,False,False,local,59.5,29.5,30.0,0.9833333333333333,1.0,0.49583333333333335,484.39495798319325,16.683193277310924,37.3,16.570588235294117,16.79579831932773,1.0,1.0,0.0,0,0.0,0.0,0,0.2598611111111111,0,28196.0,2866.0,261.0,0.0,0.0,broker
broker,20,4,8.0,0.1,0,60.0,fifo,False,False,local,60.0,30.0,30.0,1.0,1.0,0.5065277777777777,483.09166666666664,17.952719665271967,49.59999999999998,19.123529411764707,16.791666666666668,1.1666666666666667,1.0,0.0,0,0.0,0.0,0,0.2573611111111111,0,28379.0,2815.0,261.0,0.0,0.0,broker
broker,1,4,8.0,0.3,0,60.0,fifo,False,False,local,58.5,29.5,29.0,0.9830508474576272,0.9979861111111111,0.4952777777777778,487.2457627118644,23.30590717299578,59.14,22.814285714285713,23.801694915254238,1.0,1.3898305084745763,0.0,0,0.0,0.0,0,0.2748611111111111,0,29965.0,9081.0,260.0,0.0,0.0018055555555555555,broker
broker,2,4,8.0,0.3,0,60.0,fifo,False,False,local,59.5,29.5,30.0,0.9833333333333333,0.986388888888889,0.4952777777777778,483.6218487394958,23.35857740585774,62.3,23.350420168067227,23.366666666666667,1.5666666666666667,1.5,0.0,0,0.5,0.0,0,0.27416666666666667,0,29934.0,9020.0,260.0,0.0,0.003472222222222222,broker
broker,3,4,8.0,0.3,0,60.0,fifo,False,False,local,58.5,29.0,29.5,0.9830508474576272,0.9983333333333333,0.49368055555555557,491.6752136752137,19.14,45.3,18.91709401709402,19.361016949152543,1.0517241379310345,1.0,0.0,0,0.0,0.0,0,0.2602777777777778,0,28678.0,8612.0,258.0,0.0,0.003611111111111111,broker
broker,4,4,8.0,0.3,0,60.0,fifo,False,False,local,58.5,29.5,29.0,0.9830508474576272,0.9988888888888889,0.4915277777777778,493.61538461538464,22.489787234042552,56.45999999999998,21.76779661016949,23.21794871794872,1.1016949152542372,1.0,0.0,0,0.0,0.0,0,0.2683333333333333,0,29435.0,8829.0,256.0,0.0,0.0025,broker
broker,5,4,8.0,0.3,0,60.0,fifo,False,False,local,59.0,30.0,29.0,0.9666666666666667,0.996875,0.4988888888888889,487.9579831932773,22.242372881355934,54.4,22.199159663865547,22.286324786324787,1.2166666666666666,1.0,0.0,0,0.0,0.0,0,0.2725,0,29848.0,8926.0,259.0,0.0,0.0030555555555555557,broker
broker,6,4,8.0,0.3,0,60.0,fifo,False,False,local,58.5,29.5,29.0,0.9830508474576272,0.992013888888889,0.4997222222222222,486.59322033898303,24.547457627118643,61.5,22.476470588235294,26.653846153846153,2.0338983050847457,1.1694915254237288,0.0,0,0.0,0.0,0,0.2723611111111111,0,30349.0,9096.0,260.0,0.0,0.0006944444444444445,broker
broker,7,4,8.0,0.3,0,60.0,fifo,False,False,local,59.0,29.5,29.5,1.0,0.9977777777777778,0.4874305555555556,489.43697478991595,22.3868085106383,56.13999999999995,21.592307692307692,23.174576271186442,1.2666666666666666,1.1551724137931034,0.0,0,0.0,0.0,0,0.2668055555555556,0,29517.0,8875.0,258.0,0.0,0.0015277777777777779,broker
broker,8,4,8.0,0.3,0,60.0,fifo,False,False,local,58.0,29.0,29.0,1.0,1.0,0.48333333333333334,491.9316239316239,18.67008547008547,41.999999999999986,19.132203389830508,18.2,1.1016949152542372,1.0,0.0,0,0.0,0.0,0,0.2584722222222222,0,28618.0,8586.0,258.0,0.0,0.002638888888888889,broker
broker,9,4,8.0,0.3,0,60.0,fifo,False,False,local,59.0,31.0,28.0,0.9032258064516129,0.9747916666666667,0.5033333333333333,488.66101694915255,25.476170212765958,63.39999999999988,23.345528455284555,27.81607142857143,2.467741935483871,1.3571428571428572,0.0,0,0.0,0.0,0,0.2677777777777778,0,30423.0,9182.0,260.0,2.0,0.0016666666666666668,broker
broker,10,4,8.0,0.3,0,60.0,fifo,False,False,local,59.0,30.0,29.0,0.9666666666666667,0.9963888888888889,0.4895833333333333,489.9316239316239,22.55276595744681,50.539999999999985,21.26638655462185,23.872413793103448,1.1016949152542372,1.3448275862068966,0.0,0,0.0,0.0,0,0.2693055555555556,0,29593.0,8865.0,258.0,0.0,0.0025,broker
broker,11,4,8.0,0.3,0,60.0,fifo,False,False,local,59.5,30.0,29.5,0.9833333333333333,0.9911805555555555,0.5013888888888889,486.97457627118644,21.318644067796612,51.4,22.627731092436974,19.98717948717949,1.0,1.2881355932203389,0.0,0,0.0,0.0,0,0.27152777777777776,0,29415.0,8748.0,260.0,0.0,0.001388888888888889,broker
broker,12,4,8.0,0.3,0,60.0,fifo,False,False,local,60.5,30.0,30.5,0.9836065573770492,0.9920138888888889,0.5102083333333334,475.26666666666665,27.058677685950414,63.249999999999986,26.199173553719007,27.918181818181818,1.4333333333333333,1.540983606557377,0.0,0,0.0,0.0,0,0.28597222222222224,0,31495.0,9624.0,267.0,1.0,0.002361111111111111,broker
broker,13,4,8.0,0.3,0,60.0,fifo,False,False,local,60.0,30.0,30.0,1.0,0.9659722222222222,0.49493055555555554,482.29411764705884,32.63891213389121,93.39999999999999,27.636134453781512,37.6,1.8135593220338984,2.7333333333333334,0.0,0,0.0,0.0,0,0.2838888888888889,0,32795.0,9859.0,265.0,4.0,0.0022222222222222222,broker
broker,14,4,8.0,0.3,0,60.0,fifo,False,False,local,58.0,29.5,28.5,0.9661016949152542,0.9990972222222223,0.4928472222222222,492.1186440677966,21.070689655172416,55.009999999999955,21.403389830508473,20.726315789473684,1.1694915254237288,1.293103448275862,0.0,0,0.0,0.0,0,0.26166666666666666,0,29252.0,8708.0,256.0,0.0,0.004166666666666667,broker
broker,15,4,8.0,0.3,0,60.0,fifo,False,False,local,59.5,29.5,30.0,0.9833333333333333,0.9881249999999999,0.5057638888888889,486.3898305084746,24.8873417721519,68.33999999999997,23.10677966101695,26.652941176470588,1.305084745762712,1.2203389830508475,0.0,0,0.0,0.0,0,0.27152777777777776,0,30320.0,9043.0,261.0,1.0,0.0022222222222222222,broker
broker,16,4,8.0,0.3,0,60.0,fifo,False,False,local,58.5,29.0,29.5,0.9830508474576272,0.9857638888888889,0.4988888888888889,490.2649572649573,24.54,68.16,23.737606837606837,25.335593220338982,1.1355932203389831,1.0,0.0,0,0.0,0.0,0,0.26819444444444446,0,30076.0,9106.0,258.0,1.0,0.0025,broker
broker,17,4,8.0,0.3,0,60.0,fifo,False,False,local,59.5,29.5,30.0,0.9833333333333333,0.99875,0.5004861111111112,486.271186440678,23.43728813559322,55.25,25.064102564102566,21.83781512605042,1.152542372881356,1.1333333333333333,0.0,0,0.0,0.0,0,0.2748611111111111,0,30139.0,8944.0,260.0,0.0,0.0016666666666666668,broker
broker,18,4,8.0,0.3,0,60.0,fifo,False,False,local,59.0,30.0,29.0,0.9666666666666667,0.9813194444444444,0.5062500000000001,490.6186440677966,22.024786324786326,62.929999999999986,18.18305084745763,25.932758620689658,1.423728813559322,2.1016949152542375,0.0,0,0.0,0.0,0,0.26180555555555557,0,29262.0,8698.0,258.0,1.0,0.002777777777777778,broker
broker,19,4,8.0,0.3,0,60.0,fifo,False,False,local,59.5,29.5,30.0,0.9833333333333333,1.0,0.4955555555555555,484.39495798319325,22.0109243697479,44.129999999999995,21.83949579831933,22.18235294117647,1.1,1.2372881355932204,0.0,0,0.0,0.0,0,0.27569444444444446,0,29822.0,8920.0,261.0,2.0,0.0031944444444444446,broker
broker,20,4,8.0,0.3,0,60.0,fifo,False,False,local,59.5,29.5,30.0,0.9833333333333333,0.98875,0.5019444444444444,488.3193277310924,24.005084745762712,64.64999999999999,25.900000000000002,22.14201680672269,1.1016949152542372,1.9333333333333333,0.0,0,0.0,0.0,0,0.2702777777777778,0,29970.0,8977.0,259.0,2.0,0.0015277777777777779,broker
local,1,4,0.0,0.0,0,60.0,fifo,False,False,local,59.0,29.5,29.5,1.0,1.0,0.4984722222222222,486.26271186440675,15.58438818565401,26.45999999999999,15.503361344537817,15.666101694915255,1.0,1.0,0.0,0,0.0,0.0,0,0.2975,0,,,,,,local
local,2,4,0.0,0.0,0,60.0,fifo,False,False,local,60.0,30.0,30.0,1.0,1.0,0.5020833333333333,477.0495867768595,15.650413223140497,25.3,16.058333333333334,15.249180327868853,1.0,1.0,0.0,0,0.0,0.0,0,0.3015277777777778,0,,,,,,local
local,3,4,0.0,0.0,0,60.0,fifo,False,False,local,58.5,29.0,29.5,0.9830508474576272,1.0,0.49569444444444444,490.85470085470087,15.314468085106384,24.3,15.464102564102566,15.166101694915255,1.0,1.0,0.0,0,0.0,0.0,0,0.2931944444444444,0,,,,,,local
local,4,4,0.0,0.0,0,60.0,fifo,False,False,local,58.5,29.5,29.0,0.9830508474576272,1.0,0.49124999999999996,493.0683760683761,15.361016949152543,22.5,15.274789915966387,15.448717948717949,1.0,1.0,0.0,0,0.0,0.0,0,0.295,0,,,,,,local
local,5,4,0.0,0.0,0,60.0,fifo,False,False,local,59.5,30.5,29.0,0.9508196721311475,1.0,0.5025,485.8655462184874,15.561344537815128,23.449999999999978,15.108264462809919,16.02991452991453,1.0,1.0,0.0,0,0.0,0.0,0,0.2975,0,,,,,,local
local,6,4,0.0,0.0,0,60.0,fifo,False,False,local,59.5,30.0,29.5,0.9833333333333333,1.0,0.5040972222222222,484.02521008403363,15.469620253164559,24.49999999999999,15.366666666666667,15.575213675213677,1.0,1.0,0.0,0,0.0,0.0,0,0.29625,0,,,,,,local
local,7,4,0.0,0.0,0,60.0,fifo,False,False,local,59.0,29.5,29.5,1.0,1.0,0.48736111111111113,488.3613445378151,15.454237288135594,23.55,15.657627118644069,15.25084745762712,1.0,1.0,0.0,0,0.0,0.0,0,0.295,0,,,,,,local
local,8,4,0.0,0.0,0,60.0,fifo,False,False,local,57.5,29.0,28.5,0.9827586206896551,1.0,0.48375,491.9316239316239,15.545299145299147,23.1,15.37008547008547,15.720512820512822,1.0,1.0,0.0,0,0.0,0.0,0,0.2925,0,,,,,,local
local,9,4,0.0,0.0,0,60.0,fifo,False,False,local,60.5,31.5,29.0,0.9206349206349206,0.9990972222222223,0.5152083333333333,477.1652892561983,15.596694214876035,25.3,15.612698412698414,15.579310344827586,1.0,1.0,0.0,0,0.0,0.0,0,0.3025,0,,,,,,local
local,10,4,0.0,0.0,0,60.0,fifo,False,False,local,59.0,30.0,29.0,0.9666666666666667,1.0,0.4903472222222222,488.15384615384613,16.00548523206751,26.3,15.384033613445379,16.632203389830508,1.0,1.0,0.0,0,0.0,0.0,0,0.29625,0,,,,,,local
local,11,4,0.0,0.0,0,60.0,fifo,False,False,local,59.5,30.0,29.5,0.9833333333333333,1.0,0.505,482.76666666666665,15.346861924686193,23.3,14.616666666666667,16.083193277310926,1.0,1.1666666666666667,0.0,0,0.0,0.0,0,0.29875,0,,,,,,local
local,12,4,0.0,0.0,0,60.0,fifo,False,False,local,60.5,30.0,30.5,0.9836065573770492,1.0,0.514375,471.77685950413223,15.567755102040817,24.099999999999984,15.544262295081968,15.591056910569106,1.0,1.0,0.0,0,0.0,0.0,0,0.30625,0,,,,,,local
local,13,4,0.0,0.0,0,60.0,fifo,False,False,local,62.0,30.5,31.5,0.9682539682539683,0.9971527777777778,0.5089583333333334,468.219512195122,15.746153846153847,25.3,15.544262295081968,15.943200000000001,1.0,1.0483870967741935,0.0,0,0.0,0.0,0,0.30833333333333335,0,,,,,,local
local,14,4,0.0,0.0,0,60.0,fifo,False,False,local,58.0,29.5,28.5,0.9661016949152542,1.0,0.49520833333333336,492.1186440677966,15.612446351931332,22.3,15.34406779661017,15.887826086956522,1.0,1.0,0.0,0,0.0,0.0,0,0.2923611111111111,0,,,,,,local
local,15,4,0.0,0.0,0,60.0,fifo,False,False,local,60.0,29.5,30.5,0.9672131147540983,1.0,0.5128472222222222,480.93277310924367,15.449166666666668,23.339999999999986,15.367226890756303,15.529752066115703,1.0,1.0,0.0,0,0.0,0.0,0,0.3,0,,,,,,local
local,16,4,0.0,0.0,0,60.0,fifo,False,False,local,59.5,30.0,29.5,0.9833333333333333,0.999375,0.5058333333333334,484.1512605042017,15.271428571428572,22.129999999999995,15.033333333333335,15.513559322033899,1.0,1.0,0.0,0,0.0,0.0,0,0.29833333333333334,0,,,,,,local
local,17,4,0.0,0.0,0,60.0,fifo,False,False,local,60.0,30.0,30.0,1.0,1.0,0.5022916666666666,485.66101694915255,15.309282700421942,24.3,15.411864406779662,15.207563025210085,1.0,1.0,0.0,0,0.0,0.0,0,0.29625,0,,,,,,local
local,18,4,0.0,0.0,0,60.0,fifo,False,False,local,60.5,30.0,30.5,0.9836065573770492,1.0,0.5157638888888889,480.875,15.440833333333334,25.3,15.543697478991598,15.339669421487605,1.0,1.0491803278688525,0.0,0,0.0,0.0,0,0.3,0,,,,,,local
local,19,4,0.0,0.0,0,60.0,fifo,False,False,local,59.5,29.5,30.0,0.9833333333333333,1.0,0.49743055555555554,484.39495798319325,15.33765690376569,23.399999999999995,15.225000000000001,15.451260504201683,1.0,1.0,0.0,0,0.0,0.0,0,0.29791666666666666,0,,,,,,local
local,20,4,0.0,0.0,0,60.0,fifo,False,False,local,60.0,30.0,30.0,1.0,1.0,0.5065277777777777,483.09166666666664,15.526890756302523,24.449999999999978,15.358823529411765,15.694957983193278,1.0,1.0,0.0,0,0.0,0.0,0,0.2975,0,,,,,,local
central,1,4,0.0,0.0,0,60.0,fifo,False,False,local,58.5,29.5,29.0,0.9830508474576272,1.0,0.4988194444444444,486.26271186440675,1.549789029535866,9.3,1.9118644067796622,1.1907563025210095,1.0,1.0,0.0,0,0.0,0.0,0,0.16472222222222221,0,20798.0,0.0,261.0,0.0,0.0,central
central,2,4,0.0,0.0,0,60.0,fifo,False,False,local,60.5,30.0,30.5,0.9836065573770492,1.0,0.5035416666666667,477.0495867768595,1.4576763485477189,10.100000000000001,1.4583333333333344,1.4570247933884308,1.0,1.0,0.0,0,0.0,0.0,0,0.16527777777777777,0,20805.0,0.0,264.0,0.0,0.0,central
central,3,4,0.0,0.0,0,60.0,fifo,False,False,local,59.0,29.5,29.5,1.0,1.0,0.49506944444444445,490.85470085470087,1.4042735042735053,9.3,1.4641025641025651,1.3444444444444454,1.0344827586206897,1.0,0.0,0,0.0,0.0,0,0.1609722222222222,0,20562.0,0.0,259.0,0.0,0.0,central
central,4,4,0.0,0.0,0,60.0,fifo,False,False,local,58.5,29.5,29.0,0.9830508474576272,1.0,0.49201388888888886,493.0683760683761,1.5748936170212777,9.3,1.3355932203389842,1.8162393162393173,1.0,1.0,0.0,0,0.0,0.0,0,0.16291666666666665,0,20491.0,0.0,258.0,0.0,0.0,central
central,5,4,0.0,0.0,0,60.0,fifo,False,False,local,59.5,30.5,29.0,0.9508196721311475,1.0,0.5027777777777778,485.8655462184874,1.334453781512606,8.279999999999974,0.9622950819672141,1.7258620689655184,1.0,1.0,0.0,0,0.0,0.0,0,0.16236111111111112,0,20664.0,0.0,262.0,0.0,0.0,central
central,6,4,0.0,0.0,0,60.0,fifo,False,False,local,59.5,30.0,29.5,0.9833333333333333,1.0,0.5040972222222222,484.02521008403363,1.2375527426160349,8.100000000000001,1.0058823529411776,1.4711864406779671,1.0,1.0,0.0,0,0.0,0.0,0,0.16152777777777777,0,20732.0,0.0,263.0,0.0,0.0,central
central,7,4,0.0,0.0,0,60.0,fifo,False,False,local,58.5,29.5,29.0,0.9830508474576272,1.0,0.4884722222222222,488.3613445378151,1.3991525423728823,8.400000000000002,1.200000000000001,1.5983050847457638,1.0,1.0,0.0,0,0.0,0.0,0,0.16125,0,20486.0,0.0,258.0,0.0,0.0,central
central,8,4,0.0,0.0,0,60.0,fifo,False,False,local,58.5,29.5,29.0,0.9830508474576272,1.0,0.4842361111111111,491.9316239316239,1.7888888888888899,12.100000000000001,1.5324786324786335,2.0452991452991465,1.0,1.0,0.0,0,0.0,0.0,0,0.165,0,20646.0,0.0,258.0,0.0,0.0,central
central,9,4,0.0,0.0,0,60.0,fifo,False,False,local,60.5,31.5,29.0,0.9206349206349206,1.0,0.5163194444444444,476.73553719008265,1.7065843621399188,12.019999999999984,1.4698412698412708,1.9615384615384626,1.0,1.0,0.0,0,0.0,0.0,0,0.17,0,21026.0,0.0,266.0,0.0,0.0,central
central,10,4,0.0,0.0,0,60.0,fifo,False,False,local,59.0,30.0,29.0,0.9666666666666667,1.0,0.4896527777777777,488.15384615384613,1.4864978902953596,9.65999999999998,1.627731092436976,1.3440677966101706,1.0,1.0,0.0,0,0.0,0.0,0,0.1626388888888889,0,20584.0,0.0,260.0,0.0,0.0,central
central,11,4,0.0,0.0,0,60.0,fifo,False,False,local,59.5,30.0,29.5,0.9833333333333333,1.0,0.5057638888888889,482.76666666666665,1.5109243697479002,9.3,1.100000000000001,1.928813559322035,1.0,1.1666666666666667,0.0,0,0.0,0.0,0,0.1651388888888889,0,20714.0,0.0,262.0,0.0,0.0,central
central,12,4,0.0,0.0,0,60.0,fifo,False,False,local,61.0,30.0,31.0,0.967741935483871,1.0,0.5140972222222222,471.77685950413223,1.2245901639344272,8.100000000000001,1.2819672131147553,1.1672131147540994,1.0,1.0,0.0,0,0.0,0.0,0,0.16527777777777777,0,21022.0,0.0,269.0,0.0,0.0,central
central,13,4,0.0,0.0,0,60.0,fifo,False,False,local,61.5,30.0,31.5,0.9523809523809523,1.0,0.509375,466.8861788617886,1.3421052631578958,7.300000000000001,1.1016528925619846,1.573015873015874,1.0,1.0634920634920635,0.0,0,0.0,0.0,0,0.1675,0,20986.0,0.0,270.0,0.0,0.0,central
central,14,4,0.0,0.0,0,60.0,fifo,False,False,local,58.5,29.5,29.0,0.9830508474576272,1.0,0.49618055555555557,492.1186440677966,1.7274678111587993,10.100000000000001,1.476470588235295,1.9894736842105274,1.0,1.0,0.0,0,0.0,0.0,0,0.16180555555555556,0,20554.0,0.0,257.0,0.0,0.0,central
central,15,4,0.0,0.0,0,60.0,fifo,False,False,local,60.5,30.0,30.5,0.9836065573770492,1.0,0.5115972222222223,480.93277310924367,1.5200000000000011,9.399999999999967,1.762184873949581,1.2818181818181829,1.0,1.0,0.0,0,0.0,0.0,0,0.16625,0,20779.0,0.0,263.0,0.0,0.0,central
central,16,4,0.0,0.0,0,60.0,fifo,False,False,local,59.5,29.5,30.0,0.9833333333333333,1.0,0.5059027777777778,483.8487394957983,1.500836820083683,11.100000000000001,1.2833333333333343,1.7201680672268918,1.0,1.0,0.0,0,0.0,0.0,0,0.16277777777777777,0,20712.0,0.0,261.0,0.0,0.0,central
central,17,4,0.0,0.0,0,60.0,fifo,False,False,local,60.0,30.0,30.0,1.0,1.0,0.5005555555555555,485.66101694915255,1.2798319327731102,10.249999999999979,1.1322033898305095,1.4250000000000012,1.0,1.0,0.0,0,0.0,0.0,0,0.1625,0,20720.0,0.0,261.0,0.0,0.0,central
central,18,4,0.0,0.0,0,60.0,fifo,False,False,local,60.5,30.0,30.5,0.9836065573770492,1.0,0.5145138888888889,480.875,1.2286307053941918,7.300000000000001,1.0416666666666676,1.4140495867768605,1.0,1.0,0.0,0,0.0,0.0,0,0.16305555555555556,0,20713.0,0.0,263.0,0.0,0.0,central
central,19,4,0.0,0.0,0,60.0,fifo,False,False,local,59.5,29.5,30.0,0.9833333333333333,1.0,0.4974305555555556,484.39495798319325,1.8397489539748966,12.219999999999995,1.700000000000001,1.9806722689075642,1.0,1.0,0.0,0,0.0,0.0,0,0.16958333333333334,0,20933.0,0.0,263.0,0.0,0.0,central
central,20,4,0.0,0.0,0,60.0,fifo,False,False,local,60.0,30.0,30.0,1.0,1.0,0.5058333333333334,483.09166666666664,1.5510460251046037,10.219999999999995,1.484873949579833,1.6166666666666678,1.0,1.0,0.0,0,0.0,0.0,0,0.16625,0,20649.0,0.0,261.0,0.0,0.0,central
