strategy,seed,trucks_per_brand,comm_latency,comm_loss,manual_rate,dump_time,priority_rule,shared_crusher,outage,fallback,throughput_per_h,throughput_A_per_h,throughput_B_per_h,brand_fairness,loader_utilisation,crusher_utilisation,cycle_time_mean_s,truck_delay_mean_s,truck_delay_p95_s,truck_delay_A_s,truck_delay_B_s,crusher_wait_A_s,crusher_wait_B_s,manual_delay_mean_s,manual_crossings,interventions_per_h,severe_interventions_per_h,hard_blocks,zone_utilisation,safety_violations,tag,messages_sent,messages_lost,grants_issued,lease_expiries,fallback_share
local,1,4,0.0,0.0,0,60.0,fifo,False,False,local,59.0,29.5,29.5,1.0,1.0,0.4984722222222222,486.26271186440675,15.58438818565401,26.45999999999999,15.503361344537817,15.666101694915255,1.0,1.0,0.0,0,0.0,0.0,0,0.2975,0,local,,,,,
central,1,4,0.0,0.0,0,60.0,fifo,False,False,local,58.5,29.5,29.0,0.9830508474576272,1.0,0.4988194444444444,486.26271186440675,1.549789029535866,9.3,1.9118644067796622,1.1907563025210095,1.0,1.0,0.0,0,0.0,0.0,0,0.16472222222222221,0,central,20798.0,0.0,261.0,0.0,0.0
broker,1,4,0.0,0.0,0,60.0,fifo,False,False,local,58.5,29.5,29.0,0.9830508474576272,1.0,0.4988194444444444,486.26271186440675,1.549789029535866,9.3,1.9118644067796622,1.1907563025210095,1.0,1.0,0.0,0,0.0,0.0,0,0.16472222222222221,0,broker (ideal link),20798.0,0.0,261.0,0.0,0.0
broker,1,4,1.0,0.05,0,60.0,fifo,False,False,local,58.5,29.5,29.0,0.9830508474576272,1.0,0.4990972222222222,486.26271186440675,2.2417721518987355,13.49999999999999,2.6322033898305097,1.8546218487394968,1.0,1.0,0.0,0,0.0,0.0,0,0.16930555555555554,0,broker,21358.0,1115.0,261.0,0.0,0.0
local,2,4,0.0,0.0,0,60.0,fifo,False,False,local,60.0,30.0,30.0,1.0,1.0,0.5020833333333333,477.0495867768595,15.650413223140497,25.3,16.058333333333334,15.249180327868853,1.0,1.0,0.0,0,0.0,0.0,0,0.3015277777777778,0,local,,,,,
central,2,4,0.0,0.0,0,60.0,fifo,False,False,local,60.5,30.0,30.5,0.9836065573770492,1.0,0.5035416666666667,477.0495867768595,1.4576763485477189,10.100000000000001,1.4583333333333344,1.4570247933884308,1.0,1.0,0.0,0,0.0,0.0,0,0.16527777777777777,0,central,20805.0,0.0,264.0,0.0,0.0
broker,2,4,0.0,0.0,0,60.0,fifo,False,False,local,60.5,30.0,30.5,0.9836065573770492,1.0,0.5035416666666667,477.0495867768595,1.4576763485477189,10.100000000000001,1.4583333333333344,1.4570247933884308,1.0,1.0,0.0,0,0.0,0.0,0,0.16527777777777777,0,broker (ideal link),20805.0,0.0,264.0,0.0,0.0
broker,2,4,1.0,0.05,0,60.0,fifo,False,False,local,60.5,30.0,30.5,0.9836065573770492,1.0,0.5035416666666667,477.0495867768595,2.262655601659752,14.3,2.1083333333333343,2.415702479338844,1.0,1.0,0.0,0,0.0,0.0,0,0.1723611111111111,0,broker,21337.0,1039.0,264.0,0.0,0.0
local,3,4,0.0,0.0,0,60.0,fifo,False,False,local,58.5,29.0,29.5,0.9830508474576272,1.0,0.49569444444444444,490.85470085470087,15.314468085106384,24.3,15.464102564102566,15.166101694915255,1.0,1.0,0.0,0,0.0,0.0,0,0.2931944444444444,0,local,,,,,
central,3,4,0.0,0.0,0,60.0,fifo,False,False,local,59.0,29.5,29.5,1.0,1.0,0.49506944444444445,490.85470085470087,1.4042735042735053,9.3,1.4641025641025651,1.3444444444444454,1.0344827586206897,1.0,0.0,0,0.0,0.0,0,0.1609722222222222,0,central,20562.0,0.0,259.0,0.0,0.0
broker,3,4,0.0,0.0,0,60.0,fifo,False,False,local,59.0,29.5,29.5,1.0,1.0,0.49506944444444445,490.85470085470087,1.4042735042735053,9.3,1.4641025641025651,1.3444444444444454,1.0344827586206897,1.0,0.0,0,0.0,0.0,0,0.1609722222222222,0,broker (ideal link),20562.0,0.0,259.0,0.0,0.0
broker,3,4,1.0,0.05,0,60.0,fifo,False,False,local,59.0,29.5,29.5,1.0,1.0,0.49506944444444445,490.85470085470087,1.9641025641025651,10.519999999999994,1.8743589743589755,2.053846153846155,1.0344827586206897,1.0,0.0,0,0.0,0.0,0,0.165,0,broker,21017.0,1089.0,259.0,0.0,0.0
local,4,4,0.0,0.0,0,60.0,fifo,False,False,local,58.5,29.5,29.0,0.9830508474576272,1.0,0.49124999999999996,493.0683760683761,15.361016949152543,22.5,15.274789915966387,15.448717948717949,1.0,1.0,0.0,0,0.0,0.0,0,0.295,0,local,,,,,
central,4,4,0.0,0.0,0,60.0,fifo,False,False,local,58.5,29.5,29.0,0.9830508474576272,1.0,0.49201388888888886,493.0683760683761,1.5748936170212777,9.3,1.3355932203389842,1.8162393162393173,1.0,1.0,0.0,0,0.0,0.0,0,0.16291666666666665,0,central,20491.0,0.0,258.0,0.0,0.0
broker,4,4,0.0,0.0,0,60.0,fifo,False,False,local,58.5,29.5,29.0,0.9830508474576272,1.0,0.49201388888888886,493.0683760683761,1.5748936170212777,9.3,1.3355932203389842,1.8162393162393173,1.0,1.0,0.0,0,0.0,0.0,0,0.16291666666666665,0,broker (ideal link),20491.0,0.0,258.0,0.0,0.0
broker,4,4,1.0,0.05,0,60.0,fifo,False,False,local,58.5,29.5,29.0,0.9830508474576272,1.0,0.49201388888888886,493.0683760683761,2.502553191489363,13.3,2.2508474576271196,2.7564102564102573,1.0,1.0,0.0,0,0.0,0.0,0,0.17347222222222222,0,broker,21087.0,1048.0,258.0,0.0,0.0
local,5,4,0.0,0.0,0,60.0,fifo,False,False,local,59.5,30.5,29.0,0.9508196721311475,1.0,0.5025,485.8655462184874,15.561344537815128,23.449999999999978,15.108264462809919,16.02991452991453,1.0,1.0,0.0,0,0.0,0.0,0,0.2975,0,local,,,,,
central,5,4,0.0,0.0,0,60.0,fifo,False,False,local,59.5,30.5,29.0,0.9508196721311475,1.0,0.5027777777777778,485.8655462184874,1.334453781512606,8.279999999999974,0.9622950819672141,1.7258620689655184,1.0,1.0,0.0,0,0.0,0.0,0,0.16236111111111112,0,central,20664.0,0.0,262.0,0.0,0.0
broker,5,4,0.0,0.0,0,60.0,fifo,False,False,local,59.5,30.5,29.0,0.9508196721311475,1.0,0.5027777777777778,485.8655462184874,1.334453781512606,8.279999999999974,0.9622950819672141,1.7258620689655184,1.0,1.0,0.0,0,0.0,0.0,0,0.16236111111111112,0,broker (ideal link),20664.0,0.0,262.0,0.0,0.0
broker,5,4,1.0,0.05,0,60.0,fifo,False,False,local,59.5,30.5,29.0,0.9508196721311475,1.0,0.5029166666666667,485.8655462184874,2.2504201680672278,13.419999999999982,1.6180327868852469,2.9155172413793116,1.0,1.0,0.0,0,0.0,0.0,0,0.1725,0,broker,21247.0,1043.0,262.0,0.0,0.0
local,6,4,0.0,0.0,0,60.0,fifo,False,False,local,59.5,30.0,29.5,0.9833333333333333,1.0,0.5040972222222222,484.02521008403363,15.469620253164559,24.49999999999999,15.366666666666667,15.575213675213677,1.0,1.0,0.0,0,0.0,0.0,0,0.29625,0,local,,,,,
central,6,4,0.0,0.0,0,60.0,fifo,False,False,local,59.5,30.0,29.5,0.9833333333333333,1.0,0.5040972222222222,484.02521008403363,1.2375527426160349,8.100000000000001,1.0058823529411776,1.4711864406779671,1.0,1.0,0.0,0,0.0,0.0,0,0.16152777777777777,0,central,20732.0,0.0,263.0,0.0,0.0
broker,6,4,0.0,0.0,0,60.0,fifo,False,False,local,59.5,30.0,29.5,0.9833333333333333,1.0,0.5040972222222222,484.02521008403363,1.2375527426160349,8.100000000000001,1.0058823529411776,1.4711864406779671,1.0,1.0,0.0,0,0.0,0.0,0,0.16152777777777777,0,broker (ideal link),20732.0,0.0,263.0,0.0,0.0
broker,6,4,1.0,0.05,0,60.0,fifo,False,False,local,59.5,30.0,29.5,0.9833333333333333,1.0,0.5040972222222222,484.02521008403363,2.0265822784810137,14.3,1.8546218487394968,2.200000000000001,1.0,1.0,0.0,0,0.0,0.0,0,0.16666666666666666,0,broker,21291.0,1072.0,263.0,0.0,0.0
local,7,4,0.0,0.0,0,60.0,fifo,False,False,local,59.0,29.5,29.5,1.0,1.0,0.48736111111111113,488.3613445378151,15.454237288135594,23.55,15.657627118644069,15.25084745762712,1.0,1.0,0.0,0,0.0,0.0,0,0.295,0,local,,,,,
central,7,4,0.0,0.0,0,60.0,fifo,False,False,local,58.5,29.5,29.0,0.9830508474576272,1.0,0.4884722222222222,488.3613445378151,1.3991525423728823,8.400000000000002,1.200000000000001,1.5983050847457638,1.0,1.0,0.0,0,0.0,0.0,0,0.16125,0,central,20486.0,0.0,258.0,0.0,0.0
broker,7,4,0.0,0.0,0,60.0,fifo,False,False,local,58.5,29.5,29.0,0.9830508474576272,1.0,0.4884722222222222,488.3613445378151,1.3991525423728823,8.400000000000002,1.200000000000001,1.5983050847457638,1.0,1.0,0.0,0,0.0,0.0,0,0.16125,0,broker (ideal link),20486.0,0.0,258.0,0.0,0.0
broker,7,4,1.0,0.05,0,60.0,fifo,False,False,local,58.5,29.5,29.0,0.9830508474576272,1.0,0.48833333333333334,488.3613445378151,2.242372881355933,13.3,1.9627118644067807,2.522033898305086,1.0,1.0,0.0,0,0.0,0.0,0,0.17041666666666666,0,broker,21021.0,1053.0,258.0,0.0,0.0
local,8,4,0.0,0.0,0,60.0,fifo,False,False,local,57.5,29.0,28.5,0.9827586206896551,1.0,0.48375,491.9316239316239,15.545299145299147,23.1,15.37008547008547,15.720512820512822,1.0,1.0,0.0,0,0.0,0.0,0,0.2925,0,local,,,,,
central,8,4,0.0,0.0,0,60.0,fifo,False,False,local,58.5,29.5,29.0,0.9830508474576272,1.0,0.4842361111111111,491.9316239316239,1.7888888888888899,12.100000000000001,1.5324786324786335,2.0452991452991465,1.0,1.0,0.0,0,0.0,0.0,0,0.165,0,central,20646.0,0.0,258.0,0.0,0.0
broker,8,4,0.0,0.0,0,60.0,fifo,False,False,local,58.5,29.5,29.0,0.9830508474576272,1.0,0.4842361111111111,491.9316239316239,1.7888888888888899,12.100000000000001,1.5324786324786335,2.0452991452991465,1.0,1.0,0.0,0,0.0,0.0,0,0.165,0,broker (ideal link),20646.0,0.0,258.0,0.0,0.0
broker,8,4,1.0,0.05,0,60.0,fifo,False,False,local,58.5,29.5,29.0,0.9830508474576272,1.0,0.4842361111111111,491.9316239316239,2.600854700854702,16.649999999999995,2.3871794871794885,2.8145299145299156,1.0,1.0,0.0,0,0.0,0.0,0,0.17222222222222222,0,broker,21185.0,1021.0,258.0,0.0,0.0
local,9,4,0.0,0.0,0,60.0,fifo,False,False,local,60.5,31.5,29.0,0.9206349206349206,0.9990972222222223,0.5152083333333333,477.1652892561983,15.596694214876035,25.3,15.612698412698414,15.579310344827586,1.0,1.0,0.0,0,0.0,0.0,0,0.3025,0,local,,,,,
central,9,4,0.0,0.0,0,60.0,fifo,False,False,local,60.5,31.5,29.0,0.9206349206349206,1.0,0.5163194444444444,476.73553719008265,1.7065843621399188,12.019999999999984,1.4698412698412708,1.9615384615384626,1.0,1.0,0.0,0,0.0,0.0,0,0.17,0,central,21026.0,0.0,266.0,0.0,0.0
broker,9,4,0.0,0.0,0,60.0,fifo,False,False,local,60.5,31.5,29.0,0.9206349206349206,1.0,0.5163194444444444,476.73553719008265,1.7065843621399188,12.019999999999984,1.4698412698412708,1.9615384615384626,1.0,1.0,0.0,0,0.0,0.0,0,0.17,0,broker (ideal link),21026.0,0.0,266.0,0.0,0.0
broker,9,4,1.0,0.05,0,60.0,fifo,False,False,local,60.5,31.5,29.0,0.9206349206349206,1.0,0.5161805555555556,476.73553719008265,2.443209876543211,14.3,2.2396825396825406,2.6623931623931636,1.0,1.0,0.0,0,0.0,0.0,0,0.17652777777777778,0,broker,21551.0,1081.0,266.0,0.0,0.0
local,10,4,0.0,0.0,0,60.0,fifo,False,False,local,59.0,30.0,29.0,0.9666666666666667,1.0,0.4903472222222222,488.15384615384613,16.00548523206751,26.3,15.384033613445379,16.632203389830508,1.0,1.0,0.0,0,0.0,0.0,0,0.29625,0,local,,,,,
central,10,4,0.0,0.0,0,60.0,fifo,False,False,local,59.0,30.0,29.0,0.9666666666666667,1.0,0.4896527777777777,488.15384615384613,1.4864978902953596,9.65999999999998,1.627731092436976,1.3440677966101706,1.0,1.0,0.0,0,0.0,0.0,0,0.1626388888888889,0,central,20584.0,0.0,260.0,0.0,0.0
broker,10,4,0.0,0.0,0,60.0,fifo,False,False,local,59.0,30.0,29.0,0.9666666666666667,1.0,0.4896527777777777,488.15384615384613,1.4864978902953596,9.65999999999998,1.627731092436976,1.3440677966101706,1.0,1.0,0.0,0,0.0,0.0,0,0.1626388888888889,0,broker (ideal link),20584.0,0.0,260.0,0.0,0.0
broker,10,4,1.0,0.05,0,60.0,fifo,False,False,local,59.0,30.0,29.0,0.9666666666666667,1.0,0.4895833333333333,488.15384615384613,2.3556962025316466,13.459999999999992,2.4176470588235306,2.2932203389830517,1.0,1.0,0.0,0,0.0,0.0,0,0.1725,0,broker,21192.0,1063.0,260.0,0.0,0.0
local,11,4,0.0,0.0,0,60.0,fifo,False,False,local,59.5,30.0,29.5,0.9833333333333333,1.0,0.505,482.76666666666665,15.346861924686193,23.3,14.616666666666667,16.083193277310926,1.0,1.1666666666666667,0.0,0,0.0,0.0,0,0.29875,0,local,,,,,
central,11,4,0.0,0.0,0,60.0,fifo,False,False,local,59.5,30.0,29.5,0.9833333333333333,1.0,0.5057638888888889,482.76666666666665,1.5109243697479002,9.3,1.100000000000001,1.928813559322035,1.0,1.1666666666666667,0.0,0,0.0,0.0,0,0.1651388888888889,0,central,20714.0,0.0,262.0,0.0,0.0
broker,11,4,0.0,0.0,0,60.0,fifo,False,False,local,59.5,30.0,29.5,0.9833333333333333,1.0,0.5057638888888889,482.76666666666665,1.5109243697479002,9.3,1.100000000000001,1.928813559322035,1.0,1.1666666666666667,0.0,0,0.0,0.0,0,0.1651388888888889,0,broker (ideal link),20714.0,0.0,262.0,0.0,0.0
broker,11,4,1.0,0.05,0,60.0,fifo,False,False,local,59.5,30.0,29.5,0.9833333333333333,1.0,0.5057638888888889,482.76666666666665,2.3638655462184883,13.3,1.8666666666666678,2.86949152542373,1.0,1.1666666666666667,0.0,0,0.0,0.0,0,0.17319444444444446,0,broker,21276.0,1063.0,262.0,0.0,0.0
local,12,4,0.0,0.0,0,60.0,fifo,False,False,local,60.5,30.0,30.5,0.9836065573770492,1.0,0.514375,471.77685950413223,15.567755102040817,24.099999999999984,15.544262295081968,15.591056910569106,1.0,1.0,0.0,0,0.0,0.0,0,0.30625,0,local,,,,,
central,12,4,0.0,0.0,0,60.0,fifo,False,False,local,61.0,30.0,31.0,0.967741935483871,1.0,0.5140972222222222,471.77685950413223,1.2245901639344272,8.100000000000001,1.2819672131147553,1.1672131147540994,1.0,1.0,0.0,0,0.0,0.0,0,0.16527777777777777,0,central,21022.0,0.0,269.0,0.0,0.0
broker,12,4,0.0,0.0,0,60.0,fifo,False,False,local,61.0,30.0,31.0,0.967741935483871,1.0,0.5140972222222222,471.77685950413223,1.2245901639344272,8.100000000000001,1.2819672131147553,1.1672131147540994,1.0,1.0,0.0,0,0.0,0.0,0,0.16527777777777777,0,broker (ideal link),21022.0,0.0,269.0,0.0,0.0
broker,12,4,1.0,0.05,0,60.0,fifo,False,False,local,61.0,30.0,31.0,0.967741935483871,1.0,0.5140972222222222,471.77685950413223,1.9991803278688536,12.100000000000001,2.0688524590163944,1.9295081967213126,1.0,1.0,0.0,0,0.0,0.0,0,0.17305555555555555,0,broker,21582.0,1051.0,269.0,0.0,0.0
local,13,4,0.0,0.0,0,60.0,fifo,False,False,local,62.0,30.5,31.5,0.9682539682539683,0.9971527777777778,0.5089583333333334,468.219512195122,15.746153846153847,25.3,15.544262295081968,15.943200000000001,1.0,1.0483870967741935,0.0,0,0.0,0.0,0,0.30833333333333335,0,local,,,,,
central,13,4,0.0,0.0,0,60.0,fifo,False,False,local,61.5,30.0,31.5,0.9523809523809523,1.0,0.509375,466.8861788617886,1.3421052631578958,7.300000000000001,1.1016528925619846,1.573015873015874,1.0,1.0634920634920635,0.0,0,0.0,0.0,0,0.1675,0,central,20986.0,0.0,270.0,0.0,0.0
broker,13,4,0.0,0.0,0,60.0,fifo,False,False,local,61.5,30.0,31.5,0.9523809523809523,1.0,0.509375,466.8861788617886,1.3421052631578958,7.300000000000001,1.1016528925619846,1.573015873015874,1.0,1.0634920634920635,0.0,0,0.0,0.0,0,0.1675,0,broker (ideal link),20986.0,0.0,270.0,0.0,0.0
broker,13,4,1.0,0.05,0,60.0,fifo,False,False,local,61.5,30.0,31.5,0.9523809523809523,1.0,0.5093749999999999,466.8861788617886,2.4352226720647785,14.3,2.1677685950413235,2.692063492063493,1.0,1.0634920634920635,0.0,0,0.0,0.0,0,0.18125,0,broker,21659.0,1104.0,270.0,0.0,0.0
local,14,4,0.0,0.0,0,60.0,fifo,False,False,local,58.0,29.5,28.5,0.9661016949152542,1.0,0.49520833333333336,492.1186440677966,15.612446351931332,22.3,15.34406779661017,15.887826086956522,1.0,1.0,0.0,0,0.0,0.0,0,0.2923611111111111,0,local,,,,,
central,14,4,0.0,0.0,0,60.0,fifo,False,False,local,58.5,29.5,29.0,0.9830508474576272,1.0,0.49618055555555557,492.1186440677966,1.7274678111587993,10.100000000000001,1.476470588235295,1.9894736842105274,1.0,1.0,0.0,0,0.0,0.0,0,0.16180555555555556,0,central,20554.0,0.0,257.0,0.0,0.0
broker,14,4,0.0,0.0,0,60.0,fifo,False,False,local,58.5,29.5,29.0,0.9830508474576272,1.0,0.49618055555555557,492.1186440677966,1.7274678111587993,10.100000000000001,1.476470588235295,1.9894736842105274,1.0,1.0,0.0,0,0.0,0.0,0,0.16180555555555556,0,broker (ideal link),20554.0,0.0,257.0,0.0,0.0
broker,14,4,1.0,0.05,0,60.0,fifo,False,False,local,58.0,29.5,28.5,0.9661016949152542,1.0,0.49604166666666666,492.1186440677966,2.7103004291845503,16.3,2.3588235294117657,3.0771929824561415,1.0,1.0,0.0,0,0.0,0.0,0,0.17055555555555554,0,broker,21148.0,1087.0,257.0,0.0,0.0
local,15,4,0.0,0.0,0,60.0,fifo,False,False,local,60.0,29.5,30.5,0.9672131147540983,1.0,0.5128472222222222,480.93277310924367,15.449166666666668,23.339999999999986,15.367226890756303,15.529752066115703,1.0,1.0,0.0,0,0.0,0.0,0,0.3,0,local,,,,,
central,15,4,0.0,0.0,0,60.0,fifo,False,False,local,60.5,30.0,30.5,0.9836065573770492,1.0,0.5115972222222223,480.93277310924367,1.5200000000000011,9.399999999999967,1.762184873949581,1.2818181818181829,1.0,1.0,0.0,0,0.0,0.0,0,0.16625,0,central,20779.0,0.0,263.0,0.0,0.0
broker,15,4,0.0,0.0,0,60.0,fifo,False,False,local,60.5,30.0,30.5,0.9836065573770492,1.0,0.5115972222222223,480.93277310924367,1.5200000000000011,9.399999999999967,1.762184873949581,1.2818181818181829,1.0,1.0,0.0,0,0.0,0.0,0,0.16625,0,broker (ideal link),20779.0,0.0,263.0,0.0,0.0
broker,15,4,1.0,0.05,0,60.0,fifo,False,False,local,60.5,30.0,30.5,0.9836065573770492,1.0,0.5115972222222223,480.93277310924367,2.403333333333334,14.3,2.5016806722689084,2.306611570247935,1.0,1.0,0.0,0,0.0,0.0,0,0.17597222222222222,0,broker,21336.0,1076.0,263.0,0.0,0.0
local,16,4,0.0,0.0,0,60.0,fifo,False,False,local,59.5,30.0,29.5,0.9833333333333333,0.999375,0.5058333333333334,484.1512605042017,15.271428571428572,22.129999999999995,15.033333333333335,15.513559322033899,1.0,1.0,0.0,0,0.0,0.0,0,0.29833333333333334,0,local,,,,,
central,16,4,0.0,0.0,0,60.0,fifo,False,False,local,59.5,29.5,30.0,0.9833333333333333,1.0,0.5059027777777778,483.8487394957983,1.500836820083683,11.100000000000001,1.2833333333333343,1.7201680672268918,1.0,1.0,0.0,0,0.0,0.0,0,0.16277777777777777,0,central,20712.0,0.0,261.0,0.0,0.0
broker,16,4,0.0,0.0,0,60.0,fifo,False,False,local,59.5,29.5,30.0,0.9833333333333333,1.0,0.5059027777777778,483.8487394957983,1.500836820083683,11.100000000000001,1.2833333333333343,1.7201680672268918,1.0,1.0,0.0,0,0.0,0.0,0,0.16277777777777777,0,broker (ideal link),20712.0,0.0,261.0,0.0,0.0
broker,16,4,1.0,0.05,0,60.0,fifo,False,False,local,59.5,29.5,30.0,0.9833333333333333,1.0,0.5058333333333334,483.8487394957983,2.2163179916318003,14.100000000000001,1.6583333333333343,2.7789915966386567,1.0,1.0,0.0,0,0.0,0.0,0,0.1688888888888889,0,broker,21224.0,1091.0,261.0,0.0,0.0
local,17,4,0.0,0.0,0,60.0,fifo,False,False,local,60.0,30.0,30.0,1.0,1.0,0.5022916666666666,485.66101694915255,15.309282700421942,24.3,15.411864406779662,15.207563025210085,1.0,1.0,0.0,0,0.0,0.0,0,0.29625,0,local,,,,,
central,17,4,0.0,0.0,0,60.0,fifo,False,False,local,60.0,30.0,30.0,1.0,1.0,0.5005555555555555,485.66101694915255,1.2798319327731102,10.249999999999979,1.1322033898305095,1.4250000000000012,1.0,1.0,0.0,0,0.0,0.0,0,0.1625,0,central,20720.0,0.0,261.0,0.0,0.0
broker,17,4,0.0,0.0,0,60.0,fifo,False,False,local,60.0,30.0,30.0,1.0,1.0,0.5005555555555555,485.66101694915255,1.2798319327731102,10.249999999999979,1.1322033898305095,1.4250000000000012,1.0,1.0,0.0,0,0.0,0.0,0,0.1625,0,broker (ideal link),20720.0,0.0,261.0,0.0,0.0
broker,17,4,1.0,0.05,0,60.0,fifo,False,False,local,60.0,30.0,30.0,1.0,1.0,0.5005555555555555,485.66101694915255,1.8596638655462194,13.3,1.6576271186440688,2.0583333333333345,1.0,1.0,0.0,0,0.0,0.0,0,0.16722222222222222,0,broker,21181.0,1042.0,261.0,0.0,0.0
local,18,4,0.0,0.0,0,60.0,fifo,False,False,local,60.5,30.0,30.5,0.9836065573770492,1.0,0.5157638888888889,480.875,15.440833333333334,25.3,15.543697478991598,15.339669421487605,1.0,1.0491803278688525,0.0,0,0.0,0.0,0,0.3,0,local,,,,,
central,18,4,0.0,0.0,0,60.0,fifo,False,False,local,60.5,30.0,30.5,0.9836065573770492,1.0,0.5145138888888889,480.875,1.2286307053941918,7.300000000000001,1.0416666666666676,1.4140495867768605,1.0,1.0,0.0,0,0.0,0.0,0,0.16305555555555556,0,central,20713.0,0.0,263.0,0.0,0.0
broker,18,4,0.0,0.0,0,60.0,fifo,False,False,local,60.5,30.0,30.5,0.9836065573770492,1.0,0.5145138888888889,480.875,1.2286307053941918,7.300000000000001,1.0416666666666676,1.4140495867768605,1.0,1.0,0.0,0,0.0,0.0,0,0.16305555555555556,0,broker (ideal link),20713.0,0.0,263.0,0.0,0.0
broker,18,4,1.0,0.05,0,60.0,fifo,False,False,local,60.5,30.0,30.5,0.9836065573770492,1.0,0.5146527777777778,480.875,1.9241666666666677,12.149999999999984,1.7033613445378162,2.141322314049588,1.0,1.0,0.0,0,0.0,0.0,0,0.17152777777777778,0,broker,21242.0,1041.0,263.0,0.0,0.0
local,19,4,0.0,0.0,0,60.0,fifo,False,False,local,59.5,29.5,30.0,0.9833333333333333,1.0,0.49743055555555554,484.39495798319325,15.33765690376569,23.399999999999995,15.225000000000001,15.451260504201683,1.0,1.0,0.0,0,0.0,0.0,0,0.29791666666666666,0,local,,,,,
central,19,4,0.0,0.0,0,60.0,fifo,False,False,local,59.5,29.5,30.0,0.9833333333333333,1.0,0.4974305555555556,484.39495798319325,1.8397489539748966,12.219999999999995,1.700000000000001,1.9806722689075642,1.0,1.0,0.0,0,0.0,0.0,0,0.16958333333333334,0,central,20933.0,0.0,263.0,0.0,0.0
broker,19,4,0.0,0.0,0,60.0,fifo,False,False,local,59.5,29.5,30.0,0.9833333333333333,1.0,0.4974305555555556,484.39495798319325,1.8397489539748966,12.219999999999995,1.700000000000001,1.9806722689075642,1.0,1.0,0.0,0,0.0,0.0,0,0.16958333333333334,0,broker (ideal link),20933.0,0.0,263.0,0.0,0.0
broker,19,4,1.0,0.05,0,60.0,fifo,False,False,local,59.5,29.5,30.0,0.9833333333333333,1.0,0.4974305555555556,484.39495798319325,2.5175732217573232,15.100000000000001,2.3166666666666678,2.7201680672268918,1.0,1.0,0.0,0,0.0,0.0,0,0.17555555555555555,0,broker,21474.0,1051.0,263.0,0.0,0.0
local,20,4,0.0,0.0,0,60.0,fifo,False,False,local,60.0,30.0,30.0,1.0,1.0,0.5065277777777777,483.09166666666664,15.526890756302523,24.449999999999978,15.358823529411765,15.694957983193278,1.0,1.0,0.0,0,0.0,0.0,0,0.2975,0,local,,,,,
central,20,4,0.0,0.0,0,60.0,fifo,False,False,local,60.0,30.0,30.0,1.0,1.0,0.5058333333333334,483.09166666666664,1.5510460251046037,10.219999999999995,1.484873949579833,1.6166666666666678,1.0,1.0,0.0,0,0.0,0.0,0,0.16625,0,central,20649.0,0.0,261.0,0.0,0.0
broker,20,4,0.0,0.0,0,60.0,fifo,False,False,local,60.0,30.0,30.0,1.0,1.0,0.5058333333333334,483.09166666666664,1.5510460251046037,10.219999999999995,1.484873949579833,1.6166666666666678,1.0,1.0,0.0,0,0.0,0.0,0,0.16625,0,broker (ideal link),20649.0,0.0,261.0,0.0,0.0
broker,20,4,1.0,0.05,0,60.0,fifo,False,False,local,60.0,30.0,30.0,1.0,1.0,0.5058333333333334,483.09166666666664,2.580334728033474,14.120000000000001,2.7789915966386567,2.383333333333334,1.0,1.0,0.0,0,0.0,0.0,0,0.1761111111111111,0,broker,21291.0,1030.0,261.0,0.0,0.0
local,1,4,0.0,0.0,6,60.0,fifo,False,False,local,59.0,29.5,29.5,1.0,1.0,0.4984722222222222,486.26271186440675,15.639240506329115,26.14,15.654621848739497,15.623728813559323,1.0,1.0,13.053030303030303,11,0.0,0.0,0,0.3036111111111111,0,local,,,,,
central,1,4,0.0,0.0,6,60.0,fifo,False,False,local,58.5,29.5,29.0,0.9830508474576272,1.0,0.4988194444444444,486.26271186440675,1.79029535864979,11.139999999999999,2.259322033898306,1.3252100840336145,1.0,1.0,11.871212121212121,11,0.0,0.0,0,0.17208333333333334,0,central,20836.0,0.0,272.0,0.0,0.0
broker,1,4,0.0,0.0,6,60.0,fifo,False,False,local,58.5,29.5,29.0,0.9830508474576272,1.0,0.4988194444444444,486.26271186440675,1.5540084388185664,9.3,1.9118644067796622,1.1991596638655473,1.0,1.0,10.78030303030303,11,1.0,0.0,0,0.17083333333333334,0,broker (ideal link),20800.0,0.0,261.0,0.0,0.0
broker,1,4,1.0,0.05,6,60.0,fifo,False,False,local,58.5,29.5,29.0,0.9830508474576272,1.0,0.4990972222222222,486.26271186440675,2.279746835443039,14.699999999999978,2.8016949152542385,1.762184873949581,1.0,1.0,10.871212121212121,11,1.5,0.0,0,0.17625,0,broker,21377.0,1116.0,261.0,0.0,0.0
local,2,4,0.0,0.0,6,60.0,fifo,False,False,local,60.0,30.0,30.0,1.0,1.0,0.5020833333333333,477.0495867768595,15.778512396694216,26.24999999999999,16.225,15.339344262295082,1.0,1.0,15.724358974358973,13,0.0,0.0,0,0.30875,0,local,,,,,
central,2,4,0.0,0.0,6,60.0,fifo,False,False,local,60.5,30.0,30.5,0.9836065573770492,1.0,0.5035416666666667,477.0495867768595,1.6278008298755198,11.3,1.600000000000001,1.6553719008264474,1.0,1.0,11.108974358974358,13,0.0,0.0,0,0.17402777777777778,0,central,20825.0,0.0,279.0,0.0,0.0
broker,2,4,0.0,0.0,6,60.0,fifo,False,False,local,60.5,30.0,30.5,0.9836065573770492,1.0,0.5035416666666667,477.0495867768595,1.4742738589211628,10.100000000000001,1.4666666666666677,1.4818181818181828,1.0,1.0,10.955128205128204,13,1.0,0.0,0,0.1726388888888889,0,broker (ideal link),20811.0,0.0,264.0,0.0,0.0
broker,2,4,1.0,0.05,6,60.0,fifo,False,False,local,60.5,30.0,30.5,0.9836065573770492,1.0,0.5035416666666667,477.0495867768595,2.37883817427386,14.3,2.266666666666668,2.4900826446281004,1.0,1.0,11.032051282051281,13,1.0,0.0,0,0.18055555555555555,0,broker,21392.0,1042.0,264.0,0.0,0.0
local,3,4,0.0,0.0,6,60.0,fifo,False,False,local,58.5,29.0,29.5,0.9830508474576272,1.0,0.4957638888888889,490.85470085470087,15.480425531914895,24.53999999999999,15.643589743589745,15.318644067796612,1.0,1.0,12.878205128205128,13,0.0,0.0,0,0.30041666666666667,0,local,,,,,
central,3,4,0.0,0.0,6,60.0,fifo,False,False,local,59.0,29.5,29.5,1.0,1.0,0.49506944444444445,490.85470085470087,2.164957264957266,13.649999999999995,1.9427350427350438,2.387179487179488,1.0344827586206897,1.0,12.57051282051282,13,0.0,0.0,0,0.1711111111111111,0,central,20725.0,0.0,277.0,0.0,0.0
broker,3,4,0.0,0.0,6,60.0,fifo,False,False,local,59.0,29.5,29.5,1.0,1.0,0.49506944444444445,490.85470085470087,1.4042735042735053,9.3,1.4641025641025651,1.3444444444444454,1.0344827586206897,1.0,13.57051282051282,13,1.0,0.0,0,0.16819444444444445,0,broker (ideal link),20562.0,0.0,259.0,0.0,0.0
broker,3,4,1.0,0.05,6,60.0,fifo,False,False,local,59.0,29.5,29.5,1.0,1.0,0.49506944444444445,490.85470085470087,2.0623931623931635,11.92999999999999,1.976923076923078,2.147863247863249,1.0344827586206897,1.0,12.878205128205128,13,0.0,0.0,0,0.17305555555555555,0,broker,21063.0,1089.0,259.0,0.0,0.0
local,4,4,0.0,0.0,6,60.0,fifo,False,False,local,58.5,29.5,29.0,0.9830508474576272,1.0,0.49124999999999996,493.0683760683761,15.466949152542375,23.3,15.37563025210084,15.559829059829061,1.0,1.0,12.833333333333332,12,0.0,0.0,0,0.3016666666666667,0,local,,,,,
central,4,4,0.0,0.0,6,60.0,fifo,False,False,local,58.5,29.5,29.0,0.9830508474576272,1.0,0.49201388888888886,493.0683760683761,1.979148936170214,12.459999999999981,1.8016949152542383,2.1581196581196593,1.0,1.0,12.0,12,0.0,0.0,0,0.17333333333333334,0,central,20580.0,0.0,271.0,0.0,0.0
broker,4,4,0.0,0.0,6,60.0,fifo,False,False,local,58.5,29.5,29.0,0.9830508474576272,1.0,0.49201388888888886,493.0683760683761,1.6259574468085116,9.3,1.4372881355932214,1.8162393162393173,1.0,1.0,12.166666666666666,12,1.5,0.0,0,0.17041666666666666,0,broker (ideal link),20515.0,0.0,258.0,0.0,0.0
broker,4,4,1.0,0.05,6,60.0,fifo,False,False,local,58.5,29.5,29.0,0.9830508474576272,1.0,0.49201388888888886,493.0683760683761,2.5451063829787244,13.3,2.259322033898306,2.8333333333333344,1.0,1.0,12.833333333333332,12,1.5,0.0,0,0.18166666666666667,0,broker,21110.0,1049.0,258.0,0.0,0.0
local,5,4,0.0,0.0,6,60.0,fifo,False,False,local,59.5,30.5,29.0,0.9508196721311475,1.0,0.5025,485.8655462184874,15.763025210084034,24.449999999999978,15.124793388429753,16.423076923076923,1.0,1.0,13.916666666666666,12,0.0,0.0,0,0.30416666666666664,0,local,,,,,
central,5,4,0.0,0.0,6,60.0,fifo,False,False,local,59.5,30.5,29.0,0.9508196721311475,1.0,0.5027777777777778,485.8655462184874,1.611764705882354,11.3,1.2655737704918044,1.9758620689655184,1.0,1.0,10.833333333333332,12,0.0,0.0,0,0.17152777777777778,0,central,20741.0,0.0,275.0,0.0,0.0
broker,5,4,0.0,0.0,6,60.0,fifo,False,False,local,59.5,30.5,29.0,0.9508196721311475,1.0,0.5027777777777778,485.8655462184874,1.3470588235294128,8.279999999999974,0.9868852459016404,1.7258620689655184,1.0,1.0,13.249999999999998,12,0.5,0.0,0,0.16916666666666666,0,broker (ideal link),20670.0,0.0,262.0,0.0,0.0
broker,5,4,1.0,0.05,6,60.0,fifo,False,False,local,59.5,30.5,29.0,0.9508196721311475,1.0,0.5029166666666667,485.8655462184874,2.24201680672269,14.100000000000001,1.6508196721311486,2.863793103448277,1.0,1.0,12.999999999999998,12,1.0,0.0,0,0.17916666666666667,0,broker,21249.0,1043.0,262.0,0.0,0.0
local,6,4,0.0,0.0,6,60.0,fifo,False,False,local,59.5,30.0,29.5,0.9833333333333333,1.0,0.5040972222222222,484.02521008403363,15.634177215189874,25.49999999999999,15.583333333333334,15.686324786324787,1.0166666666666666,1.0,15.273809523809522,14,0.0,0.0,0,0.3040277777777778,0,local,,,,,
central,6,4,0.0,0.0,6,60.0,fifo,False,False,local,59.5,30.0,29.5,0.9833333333333333,1.0,0.5040972222222222,484.02521008403363,1.6932489451476804,13.3,1.2831932773109254,2.10677966101695,1.0,1.0,12.416666666666666,14,0.0,0.0,0,0.17347222222222222,0,central,20798.0,0.0,277.0,0.0,0.0
broker,6,4,0.0,0.0,6,60.0,fifo,False,False,local,59.5,30.0,29.5,0.9833333333333333,1.0,0.5040972222222222,484.02521008403363,1.2459915611814356,8.100000000000001,1.0226890756302531,1.4711864406779671,1.0,1.0,12.70238095238095,14,1.0,0.0,0,0.16944444444444445,0,broker (ideal link),20735.0,0.0,263.0,0.0,0.0
broker,6,4,1.0,0.05,6,60.0,fifo,False,False,local,59.5,30.0,29.5,0.9833333333333333,1.0,0.5040972222222222,484.02521008403363,2.0518987341772164,14.3,1.896638655462186,2.2084745762711875,1.0,1.0,12.63095238095238,14,1.5,0.0,0,0.1748611111111111,0,broker,21299.0,1072.0,263.0,0.0,0.0
local,7,4,0.0,0.0,6,60.0,fifo,False,False,local,59.0,29.5,29.5,1.0,1.0,0.4874305555555556,488.3613445378151,15.509322033898306,24.3,15.733898305084747,15.284745762711866,1.0,1.0,13.416666666666666,11,0.0,0.0,0,0.3011111111111111,0,local,,,,,
central,7,4,0.0,0.0,6,60.0,fifo,False,False,local,58.5,29.5,29.0,0.9830508474576272,1.0,0.4884722222222222,488.3613445378151,1.755084745762713,13.5,1.7847457627118655,1.7254237288135603,1.0,1.0,12.507575757575756,11,0.0,0.0,0,0.16958333333333334,0,central,20562.0,0.0,270.0,0.0,0.0
broker,7,4,0.0,0.0,6,60.0,fifo,False,False,local,58.5,29.5,29.0,0.9830508474576272,1.0,0.4884722222222222,488.3613445378151,1.4076271186440688,8.400000000000002,1.216949152542374,1.5983050847457638,1.0,1.0,12.78030303030303,11,0.5,0.0,0,0.1673611111111111,0,broker (ideal link),20490.0,0.0,258.0,0.0,0.0
broker,7,4,1.0,0.05,6,60.0,fifo,False,False,local,58.5,29.5,29.0,0.9830508474576272,1.0,0.48833333333333334,488.3613445378151,2.23813559322034,13.55,1.9627118644067807,2.5135593220338994,1.0,1.0,13.234848484848484,11,0.5,0.0,0,0.17597222222222222,0,broker,21012.0,1051.0,258.0,0.0,0.0
local,8,4,0.0,0.0,6,60.0,fifo,False,False,local,57.5,29.0,28.5,0.9827586206896551,1.0,0.48375,491.9316239316239,15.541025641025643,22.3,15.455555555555557,15.626495726495728,1.0,1.0,14.166666666666666,8,0.0,0.0,0,0.29694444444444446,0,local,,,,,
central,8,4,0.0,0.0,6,60.0,fifo,False,False,local,58.5,29.5,29.0,0.9830508474576272,1.0,0.4842361111111111,491.9316239316239,2.147863247863249,13.579999999999997,1.9085470085470095,2.387179487179488,1.0,1.0,14.041666666666666,8,0.0,0.0,0,0.1711111111111111,0,central,20720.0,0.0,267.0,0.0,0.0
broker,8,4,0.0,0.0,6,60.0,fifo,False,False,local,58.5,29.5,29.0,0.9830508474576272,1.0,0.4842361111111111,491.9316239316239,1.8059829059829071,12.100000000000001,1.5666666666666678,2.0452991452991465,1.0,1.0,14.416666666666666,8,1.0,0.0,0,0.16958333333333334,0,broker (ideal link),20653.0,0.0,258.0,0.0,0.0
broker,8,4,1.0,0.05,6,60.0,fifo,False,False,local,58.5,29.5,29.0,0.9830508474576272,1.0,0.4842361111111111,491.9316239316239,2.588034188034189,16.649999999999995,2.3871794871794885,2.78888888888889,1.0,1.0,15.291666666666666,8,0.5,0.0,0,0.17652777777777778,0,broker,21178.0,1021.0,258.0,0.0,0.0
local,9,4,0.0,0.0,6,60.0,fifo,False,False,local,60.5,31.5,29.0,0.9206349206349206,0.9990972222222223,0.5152083333333333,477.1652892561983,15.712396694214878,25.3,15.715873015873017,15.708620689655174,1.0,1.0,13.549999999999999,15,0.0,0.0,0,0.31083333333333335,0,local,,,,,
central,9,4,0.0,0.0,6,60.0,fifo,False,False,local,60.5,31.5,29.0,0.9206349206349206,1.0,0.5163194444444444,476.73553719008265,2.21687242798354,13.3,2.192063492063493,2.2435897435897445,1.0,1.0,12.416666666666666,15,0.0,0.0,0,0.18333333333333332,0,central,21133.0,0.0,282.0,0.0,0.0
broker,9,4,0.0,0.0,6,60.0,fifo,False,False,local,60.5,31.5,29.0,0.9206349206349206,1.0,0.5163194444444444,476.73553719008265,1.8012345679012356,12.019999999999984,1.6206349206349218,1.9957264957264969,1.0,1.0,12.216666666666667,15,2.0,0.0,0,0.17958333333333334,0,broker (ideal link),21066.0,0.0,266.0,0.0,0.0
broker,9,4,1.0,0.05,6,60.0,fifo,False,False,local,60.5,31.5,29.0,0.9206349206349206,1.0,0.5161805555555556,476.73553719008265,2.537860082304528,14.279999999999996,2.3746031746031755,2.7136752136752147,1.0,1.0,12.083333333333332,15,2.5,0.0,0,0.18652777777777776,0,broker,21596.0,1087.0,266.0,0.0,0.0
local,10,4,0.0,0.0,6,60.0,fifo,False,False,local,59.0,30.0,29.0,0.9666666666666667,0.9997916666666666,0.4903472222222222,488.2564102564103,16.30506329113924,27.3,15.45126050420168,17.166101694915255,1.0,1.0,14.20238095238095,14,0.0,0.0,0,0.3040277777777778,0,local,,,,,
central,10,4,0.0,0.0,6,60.0,fifo,False,False,local,59.0,30.0,29.0,0.9666666666666667,1.0,0.4896527777777777,488.15384615384613,1.7438818565400855,12.339999999999987,1.7285714285714295,1.7593220338983062,1.0,1.0,10.488095238095237,14,0.0,0.0,0,0.1726388888888889,0,central,20698.0,0.0,276.0,0.0,0.0
broker,10,4,0.0,0.0,6,60.0,fifo,False,False,local,59.0,30.0,29.0,0.9666666666666667,1.0,0.4896527777777777,488.15384615384613,1.5033755274261613,9.65999999999998,1.627731092436976,1.3779661016949163,1.0,1.0,11.559523809523808,14,0.5,0.0,0,0.17055555555555554,0,broker (ideal link),20593.0,0.0,260.0,0.0,0.0
broker,10,4,1.0,0.05,6,60.0,fifo,False,False,local,59.0,30.0,29.0,0.9666666666666667,1.0,0.4895833333333333,488.15384615384613,2.3852320675105494,13.459999999999992,2.4512605042016817,2.3186440677966114,1.0,1.0,13.059523809523808,14,0.5,0.0,0,0.18041666666666667,0,broker,21196.0,1063.0,260.0,0.0,0.0
local,11,4,0.0,0.0,6,60.0,fifo,False,False,local,59.5,30.0,29.5,0.9833333333333333,1.0,0.505,482.76666666666665,15.497489539748955,23.3,14.741666666666667,16.25966386554622,1.0,1.1666666666666667,13.13095238095238,7,0.0,0.0,0,0.3026388888888889,0,local,,,,,
central,11,4,0.0,0.0,6,60.0,fifo,False,False,local,59.5,30.0,29.5,0.9833333333333333,1.0,0.5057638888888889,482.76666666666665,1.981512605042018,12.279999999999974,1.600000000000001,2.36949152542373,1.0,1.1666666666666667,12.273809523809524,7,0.0,0.0,0,0.17291666666666666,0,central,20799.0,0.0,271.0,0.0,0.0
broker,11,4,0.0,0.0,6,60.0,fifo,False,False,local,59.5,30.0,29.5,0.9833333333333333,1.0,0.5057638888888889,482.76666666666665,1.5445378151260516,9.3,1.125000000000001,1.9711864406779671,1.0,1.1666666666666667,14.416666666666666,7,1.0,0.0,0,0.16930555555555554,0,broker (ideal link),20731.0,0.0,262.0,0.0,0.0
broker,11,4,1.0,0.05,6,60.0,fifo,False,False,local,59.5,30.0,29.5,0.9833333333333333,1.0,0.5057638888888889,482.76666666666665,2.376470588235295,13.3,1.8666666666666678,2.894915254237289,1.0,1.1666666666666667,14.988095238095237,7,1.5,0.0,0,0.17777777777777778,0,broker,21287.0,1063.0,262.0,0.0,0.0
local,12,4,0.0,0.0,6,60.0,fifo,False,False,local,60.5,30.0,30.5,0.9836065573770492,1.0,0.514375,471.77685950413223,15.71469387755102,24.939999999999987,15.781967213114756,15.647967479674797,1.0,1.0,15.647435897435896,13,0.0,0.0,0,0.3134722222222222,0,local,,,,,
central,12,4,0.0,0.0,6,60.0,fifo,False,False,local,61.0,30.0,31.0,0.967741935483871,1.0,0.5140972222222222,471.77685950413223,2.072950819672132,11.3,2.0852459016393454,2.060655737704919,1.0333333333333334,1.0,14.185897435897434,13,0.0,0.0,0,0.17722222222222223,0,central,21197.0,0.0,284.0,0.0,0.0
broker,12,4,0.0,0.0,6,60.0,fifo,False,False,local,61.0,30.0,31.0,0.967741935483871,1.0,0.5140972222222222,471.77685950413223,1.2737704918032797,7.979999999999997,1.339344262295083,1.2081967213114764,1.0166666666666666,1.0,13.955128205128204,13,1.0,0.0,0,0.1726388888888889,0,broker (ideal link),21039.0,0.0,269.0,0.0,0.0
broker,12,4,1.0,0.05,6,60.0,fifo,False,False,local,61.0,30.0,31.0,0.967741935483871,1.0,0.5140972222222222,471.77685950413223,2.0278688524590174,12.100000000000001,2.101639344262296,1.9540983606557387,1.0166666666666666,1.0,14.80128205128205,13,0.5,0.0,0,0.18055555555555555,0,broker,21589.0,1051.0,269.0,0.0,0.0
local,13,4,0.0,0.0,6,60.0,fifo,False,False,local,62.0,30.5,31.5,0.9682539682539683,0.9971527777777778,0.5089583333333334,468.219512195122,15.774493927125507,24.859999999999992,15.659016393442624,15.887200000000002,1.0,1.0483870967741935,11.416666666666666,9,0.0,0.0,0,0.31333333333333335,0,local,,,,,
central,13,4,0.0,0.0,6,60.0,fifo,False,False,local,61.5,30.0,31.5,0.9523809523809523,1.0,0.509375,466.8861788617886,1.5526315789473695,9.3,1.2669421487603316,1.826984126984128,1.0,1.0634920634920635,11.75,9,0.0,0.0,0,0.17458333333333334,0,central,21018.0,0.0,279.0,0.0,0.0
broker,13,4,0.0,0.0,6,60.0,fifo,False,False,local,61.5,30.0,31.5,0.9523809523809523,1.0,0.509375,466.8861788617886,1.3421052631578958,7.300000000000001,1.1016528925619846,1.573015873015874,1.0,1.0634920634920635,11.416666666666666,9,0.0,0.0,0,0.1725,0,broker (ideal link),20986.0,0.0,270.0,0.0,0.0
broker,13,4,1.0,0.05,6,60.0,fifo,False,False,local,61.5,30.0,31.5,0.9523809523809523,1.0,0.5093749999999999,466.8861788617886,2.4352226720647785,14.239999999999998,2.266942148760332,2.596825396825398,1.0,1.0634920634920635,11.638888888888888,9,0.0,0.0,0,0.18597222222222223,0,broker,21662.0,1104.0,270.0,0.0,0.0
local,14,4,0.0,0.0,6,60.0,fifo,False,False,local,58.0,29.5,28.5,0.9661016949152542,1.0,0.49520833333333336,492.1186440677966,15.796995708154508,23.3,15.454237288135594,16.148695652173913,1.0,1.0,12.955128205128204,13,0.0,0.0,0,0.2995833333333333,0,local,,,,,
central,14,4,0.0,0.0,6,60.0,fifo,False,False,local,58.5,29.5,29.0,0.9830508474576272,1.0,0.49618055555555557,492.1186440677966,1.9291845493562243,12.579999999999973,1.661344537815127,2.2087719298245623,1.0,1.0,11.878205128205128,13,0.0,0.0,0,0.17097222222222222,0,central,20561.0,0.0,271.0,0.0,0.0
broker,14,4,0.0,0.0,6,60.0,fifo,False,False,local,58.5,29.5,29.0,0.9830508474576272,1.0,0.49618055555555557,492.1186440677966,1.7489270386266105,10.100000000000001,1.4932773109243709,2.0157894736842117,1.0,1.0,12.57051282051282,13,1.0,0.0,0,0.16916666666666666,0,broker (ideal link),20560.0,0.0,257.0,0.0,0.0
broker,14,4,1.0,0.05,6,60.0,fifo,False,False,local,58.0,29.5,28.5,0.9661016949152542,1.0,0.49597222222222226,492.1186440677966,2.740343347639486,16.179999999999996,2.5268907563025222,2.963157894736843,1.0,1.0,12.647435897435896,13,1.0,0.0,0,0.17819444444444443,0,broker,21165.0,1087.0,257.0,0.0,0.0
local,15,4,0.0,0.0,6,60.0,fifo,False,False,local,60.0,29.5,30.5,0.9672131147540983,1.0,0.5128472222222222,480.93277310924367,15.695,24.3,15.518487394957985,15.868595041322315,1.0,1.0,14.283333333333331,15,0.0,0.0,0,0.30833333333333335,0,local,,,,,
central,15,4,0.0,0.0,6,60.0,fifo,False,False,local,60.5,30.0,30.5,0.9836065573770492,1.0,0.5115972222222223,480.93277310924367,2.1616666666666675,14.109999999999998,2.434453781512606,1.8933884297520671,1.0,1.0,12.683333333333332,15,0.0,0.0,0,0.17888888888888888,0,central,20884.0,0.0,279.0,0.0,0.0
broker,15,4,0.0,0.0,6,60.0,fifo,False,False,local,60.5,30.0,30.5,0.9836065573770492,1.0,0.5115972222222223,480.93277310924367,1.5200000000000011,9.399999999999967,1.762184873949581,1.2818181818181829,1.0,1.0,14.549999999999999,15,0.0,0.0,0,0.17458333333333334,0,broker (ideal link),20779.0,0.0,263.0,0.0,0.0
broker,15,4,1.0,0.05,6,60.0,fifo,False,False,local,60.5,30.0,30.5,0.9836065573770492,1.0,0.5115972222222223,480.93277310924367,2.411666666666668,14.339999999999987,2.476470588235295,2.3479338842975217,1.0,1.0,13.416666666666666,15,0.5,0.0,0,0.18416666666666667,0,broker,21345.0,1076.0,263.0,0.0,0.0
local,16,4,0.0,0.0,6,60.0,fifo,False,False,local,59.5,30.0,29.5,0.9833333333333333,0.9993055555555556,0.5055555555555555,484.1848739495798,15.439495798319328,22.449999999999978,15.200000000000001,15.683050847457627,1.0,1.0,13.416666666666666,11,0.0,0.0,0,0.30444444444444446,0,local,,,,,
central,16,4,0.0,0.0,6,60.0,fifo,False,False,local,59.5,29.5,30.0,0.9833333333333333,1.0,0.5059027777777778,483.8487394957983,1.8146443514644361,13.120000000000001,1.5666666666666678,2.0647058823529423,1.0,1.0,11.143939393939393,11,0.0,0.0,0,0.17194444444444446,0,central,20759.0,0.0,273.0,0.0,0.0
broker,16,4,0.0,0.0,6,60.0,fifo,False,False,local,59.5,29.5,30.0,0.9833333333333333,1.0,0.5059027777777778,483.8487394957983,1.5259414225941432,11.100000000000001,1.3000000000000012,1.7537815126050431,1.0,1.0,11.234848484848484,11,1.5,0.0,0,0.16902777777777778,0,broker (ideal link),20723.0,0.0,261.0,0.0,0.0
broker,16,4,1.0,0.05,6,60.0,fifo,False,False,local,59.5,29.5,30.0,0.9833333333333333,1.0,0.5058333333333334,483.8487394957983,2.2121338912133903,13.3,1.6666666666666676,2.762184873949581,1.0,1.0,11.416666666666666,11,1.5,0.0,0,0.17555555555555555,0,broker,21223.0,1091.0,261.0,0.0,0.0
local,17,4,0.0,0.0,6,60.0,fifo,False,False,local,60.0,30.0,30.0,1.0,1.0,0.502361111111111,485.66101694915255,15.473839662447258,24.3,15.547457627118645,15.400840336134454,1.0,1.0,15.100877192982455,19,0.0,0.0,0,0.30680555555555555,0,local,,,,,
central,17,4,0.0,0.0,6,60.0,fifo,False,False,local,60.0,30.0,30.0,1.0,1.0,0.5005555555555555,485.66101694915255,2.1369747899159672,13.3,1.8101694915254247,2.4583333333333344,1.0,1.0,12.627192982456139,19,0.0,0.0,0,0.17680555555555555,0,central,20900.0,0.0,282.0,0.0,0.0
broker,17,4,0.0,0.0,6,60.0,fifo,False,False,local,60.0,30.0,30.0,1.0,1.0,0.5005555555555555,485.66101694915255,1.296638655462186,10.249999999999979,1.1576271186440688,1.4333333333333345,1.0,1.0,12.25877192982456,19,2.0,0.0,0,0.17305555555555555,0,broker (ideal link),20727.0,0.0,261.0,0.0,0.0
broker,17,4,1.0,0.05,6,60.0,fifo,False,False,local,60.0,30.0,30.0,1.0,1.0,0.5005555555555555,485.66101694915255,1.8638655462184885,13.129999999999997,1.6830508474576282,2.041666666666668,1.0,1.0,13.153508771929824,19,1.5,0.0,0,0.17777777777777778,0,broker,21180.0,1042.0,261.0,0.0,0.0
local,18,4,0.0,0.0,6,60.0,fifo,False,False,local,60.5,30.0,30.5,0.9836065573770492,1.0,0.5157638888888889,480.875,15.549166666666668,25.11,15.678151260504203,15.422314049586777,1.0,1.1475409836065573,12.689393939393938,11,0.0,0.0,0,0.3061111111111111,0,local,,,,,
central,18,4,0.0,0.0,6,60.0,fifo,False,False,local,60.5,30.0,30.5,0.9836065573770492,1.0,0.515,480.875,1.4900414937759348,11.3,1.5666666666666678,1.4140495867768605,1.0,1.0,11.416666666666666,11,0.0,0.0,0,0.17194444444444446,0,central,20809.0,0.0,275.0,0.0,0.0
broker,18,4,0.0,0.0,6,60.0,fifo,False,False,local,60.5,30.0,30.5,0.9836065573770492,1.0,0.5145138888888889,480.875,1.232780082987553,7.300000000000001,1.0416666666666676,1.4223140495867779,1.0,1.0,11.962121212121211,11,0.5,0.0,0,0.16930555555555554,0,broker (ideal link),20715.0,0.0,263.0,0.0,0.0
broker,18,4,1.0,0.05,6,60.0,fifo,False,False,local,60.5,30.0,30.5,0.9836065573770492,1.0,0.5146527777777778,480.875,1.9158333333333344,11.339999999999987,1.8630252100840348,1.9677685950413233,1.0,1.0,12.234848484848484,11,0.5,0.0,0,0.17722222222222223,0,broker,21242.0,1041.0,263.0,0.0,0.0
local,19,4,0.0,0.0,6,60.0,fifo,False,False,local,59.5,29.5,30.0,0.9833333333333333,1.0,0.49743055555555554,484.39495798319325,15.425523012552302,24.3,15.291666666666668,15.560504201680674,1.0,1.0,13.559523809523808,14,0.0,0.0,0,0.3055555555555556,0,local,,,,,
central,19,4,0.0,0.0,6,60.0,fifo,False,False,local,59.5,29.5,30.0,0.9833333333333333,1.0,0.4974305555555556,484.39495798319325,2.0322175732217582,13.3,1.750000000000001,2.3168067226890767,1.0,1.0,11.416666666666666,14,0.0,0.0,0,0.17916666666666667,0,central,20955.0,0.0,278.0,0.0,0.0
broker,19,4,0.0,0.0,6,60.0,fifo,False,False,local,59.5,29.5,30.0,0.9833333333333333,1.0,0.4974305555555556,484.39495798319325,1.8523012552301266,12.219999999999995,1.725000000000001,1.9806722689075642,1.0,1.0,11.345238095238095,14,1.0,0.0,0,0.1775,0,broker (ideal link),20939.0,0.0,263.0,0.0,0.0
broker,19,4,1.0,0.05,6,60.0,fifo,False,False,local,59.5,29.5,30.0,0.9833333333333333,1.0,0.4974305555555556,484.39495798319325,2.5384937238493737,14.379999999999995,2.3416666666666677,2.7369747899159673,1.0,1.0,11.702380952380953,14,1.0,0.0,0,0.1836111111111111,0,broker,21484.0,1051.0,263.0,0.0,0.0
local,20,4,0.0,0.0,6,60.0,fifo,False,False,local,60.0,30.0,30.0,1.0,1.0,0.5065277777777777,483.09166666666664,15.543697478991598,24.3,15.333613445378152,15.753781512605043,1.0,1.0,11.416666666666666,8,0.0,0.0,0,0.30194444444444446,0,local,,,,,
central,20,4,0.0,0.0,6,60.0,fifo,False,False,local,60.0,30.0,30.0,1.0,1.0,0.5058333333333334,483.09166666666664,1.710041841004185,11.3,1.6361344537815137,1.7833333333333343,1.0,1.0,11.416666666666666,8,0.0,0.0,0,0.1713888888888889,0,central,20720.0,0.0,273.0,0.0,0.0
broker,20,4,0.0,0.0,6,60.0,fifo,False,False,local,60.0,30.0,30.0,1.0,1.0,0.5058333333333334,483.09166666666664,1.5510460251046037,10.219999999999995,1.484873949579833,1.6166666666666678,1.0,1.0,12.791666666666666,8,0.0,0.0,0,0.17069444444444445,0,broker (ideal link),20649.0,0.0,261.0,0.0,0.0
broker,20,4,1.0,0.05,6,60.0,fifo,False,False,local,60.0,30.0,30.0,1.0,1.0,0.5058333333333334,483.09166666666664,2.5510460251046037,14.120000000000001,2.972268907563026,2.133333333333334,1.0,1.0,11.916666666666666,8,0.0,0.0,0,0.1798611111111111,0,broker,21277.0,1028.0,261.0,0.0,0.0
local,1,4,0.0,0.0,12,60.0,fifo,False,False,local,59.0,29.5,29.5,1.0,1.0,0.4984722222222222,486.26271186440675,15.719409282700424,26.3,15.545378151260506,15.89491525423729,1.0,1.0,14.892857142857142,21,0.0,0.0,0,0.30916666666666665,0,local,,,,,
central,1,4,0.0,0.0,12,60.0,fifo,False,False,local,58.5,29.5,29.0,0.9830508474576272,1.0,0.4988194444444444,486.26271186440675,1.9379746835443048,12.339999999999987,2.36949152542373,1.5100840336134465,1.0,1.0,12.749999999999998,21,0.0,0.0,0,0.18013888888888888,0,central,20845.0,0.0,282.0,0.0,0.0
broker,1,4,0.0,0.0,12,60.0,fifo,False,False,local,58.5,29.5,29.0,0.9830508474576272,1.0,0.4988194444444444,486.26271186440675,1.5666666666666678,9.3,1.9203389830508486,1.2159663865546229,1.0,1.0,12.654761904761903,21,1.5,0.0,0,0.17680555555555555,0,broker (ideal link),20808.0,0.0,261.0,0.0,0.0
broker,1,4,1.0,0.05,12,60.0,fifo,False,False,local,58.5,29.5,29.0,0.9830508474576272,1.0,0.49895833333333334,486.26271186440675,2.279746835443039,16.3,2.8016949152542385,1.762184873949581,1.0,1.0,13.654761904761903,21,1.0,0.0,0,0.18166666666666667,0,broker,21376.0,1116.0,261.0,0.0,0.0
local,2,4,0.0,0.0,12,60.0,fifo,False,False,local,60.0,30.0,30.0,1.0,1.0,0.5020833333333333,477.0495867768595,15.927272727272728,25.3,16.45,15.41311475409836,1.0,1.0,14.516666666666666,30,0.0,0.0,0,0.31819444444444445,0,local,,,,,
central,2,4,0.0,0.0,12,60.0,fifo,False,False,local,60.5,30.0,30.5,0.9836065573770492,1.0,0.5035416666666667,477.0495867768595,2.370539419087138,14.3,2.450000000000001,2.2917355371900836,1.0,1.0,13.85,30,0.0,0.0,0,0.1897222222222222,0,central,20957.0,0.0,297.0,0.0,0.0
broker,2,4,0.0,0.0,12,60.0,fifo,False,False,local,60.5,30.0,30.5,0.9836065573770492,1.0,0.5035416666666667,477.0495867768595,1.5074688796680509,10.100000000000001,1.5083333333333344,1.506611570247935,1.0,1.0,14.283333333333331,30,2.0,0.0,0,0.1825,0,broker (ideal link),20832.0,0.0,264.0,0.0,0.0
broker,2,4,1.0,0.05,12,60.0,fifo,False,False,local,60.5,30.0,30.5,0.9836065573770492,1.0,0.5035416666666667,477.0495867768595,2.37883817427386,14.3,2.250000000000001,2.506611570247935,1.0,1.0,14.016666666666666,30,2.0,0.0,0,0.18944444444444444,0,broker,21396.0,1044.0,264.0,0.0,0.0
local,3,4,0.0,0.0,12,60.0,fifo,False,False,local,58.5,29.0,29.5,0.9830508474576272,1.0,0.49569444444444444,490.85470085470087,15.591063829787235,24.53999999999999,15.711965811965813,15.471186440677966,1.0,1.0,14.651960784313724,17,0.0,0.0,0,0.3026388888888889,0,local,,,,,
central,3,4,0.0,0.0,12,60.0,fifo,False,False,local,59.0,29.5,29.5,1.0,1.0,0.49506944444444445,490.85470085470087,2.023931623931625,13.3,1.72905982905983,2.31880341880342,1.0344827586206897,1.0,11.47549019607843,17,0.0,0.0,0,0.17569444444444443,0,central,20741.0,0.0,284.0,0.0,0.0
broker,3,4,0.0,0.0,12,60.0,fifo,False,False,local,59.0,29.5,29.5,1.0,1.0,0.49506944444444445,490.85470085470087,1.4726495726495736,9.579999999999997,1.4982905982905994,1.447008547008548,1.0344827586206897,1.0,14.24019607843137,17,2.0,0.0,0,0.17083333333333334,0,broker (ideal link),20591.0,0.0,259.0,0.0,0.0
broker,3,4,1.0,0.05,12,60.0,fifo,False,False,local,59.0,29.5,29.5,1.0,1.0,0.49506944444444445,490.85470085470087,2.0666666666666678,11.3,1.917094017094018,2.2162393162393172,1.0344827586206897,1.0,11.651960784313724,17,3.0,0.0,0,0.17555555555555555,0,broker,21056.0,1089.0,259.0,0.0,0.0
local,4,4,0.0,0.0,12,60.0,fifo,False,False,local,58.5,29.5,29.0,0.9830508474576272,1.0,0.49124999999999996,493.0683760683761,15.716949152542375,24.3,15.619327731092438,15.816239316239317,1.0,1.0,14.053030303030301,22,0.0,0.0,0,0.30722222222222223,0,local,,,,,
central,4,4,0.0,0.0,12,60.0,fifo,False,False,local,58.5,29.5,29.0,0.9830508474576272,1.0,0.49201388888888886,493.0683760683761,2.6982978723404267,14.3,2.2677966101694924,3.1324786324786333,1.0,1.0,13.325757575757574,22,0.0,0.0,0,0.18180555555555555,0,central,20706.0,0.0,282.0,0.0,0.0
broker,4,4,0.0,0.0,12,60.0,fifo,False,False,local,58.5,29.5,29.0,0.9830508474576272,1.0,0.49201388888888886,493.0683760683761,1.5876595744680861,9.3,1.3355932203389842,1.8418803418803429,1.0,1.0,13.371212121212121,22,1.0,0.0,0,0.17541666666666667,0,broker (ideal link),20497.0,0.0,258.0,0.0,0.0
broker,4,4,1.0,0.05,12,60.0,fifo,False,False,local,58.5,29.5,29.0,0.9830508474576272,1.0,0.49201388888888886,493.0683760683761,2.5195744680851075,13.3,2.259322033898306,2.7820512820512833,1.0,1.0,12.78030303030303,22,1.0,0.0,0,0.18597222222222223,0,broker,21098.0,1048.0,258.0,0.0,0.0
local,5,4,0.0,0.0,12,60.0,fifo,False,False,local,59.5,30.5,29.0,0.9508196721311475,1.0,0.5024305555555555,485.8655462184874,15.956302521008404,25.3,15.389256198347109,16.542735042735043,1.0,1.0,13.166666666666666,24,0.0,0.0,0,0.31083333333333335,0,local,,,,,
central,5,4,0.0,0.0,12,60.0,fifo,False,False,local,59.5,30.5,29.0,0.9508196721311475,1.0,0.5027777777777778,485.8655462184874,2.977310924369749,18.449999999999978,2.462295081967214,3.5189655172413805,1.0,1.0338983050847457,12.874999999999998,24,0.0,0.0,0,0.18777777777777777,0,central,21061.0,0.0,289.0,0.0,0.0
broker,5,4,0.0,0.0,12,60.0,fifo,False,False,local,59.5,30.5,29.0,0.9508196721311475,1.0,0.5027777777777778,485.8655462184874,1.4100840336134464,9.3,1.019672131147542,1.8206896551724148,1.0,1.0,12.875,24,1.0,0.0,0,0.17652777777777778,0,broker (ideal link),20694.0,0.0,262.0,0.0,0.0
broker,5,4,1.0,0.05,12,60.0,fifo,False,False,local,59.5,30.5,29.0,0.9508196721311475,1.0,0.5029166666666667,485.8655462184874,2.376470588235295,14.129999999999997,1.8721311475409848,2.906896551724139,1.0,1.0,12.375,24,2.0,0.0,0,0.18694444444444444,0,broker,21300.0,1045.0,262.0,0.0,0.0
local,6,4,0.0,0.0,12,60.0,fifo,False,False,local,59.5,30.0,29.5,0.9833333333333333,1.0,0.5040972222222222,484.02521008403363,15.743881856540085,25.3,15.725000000000001,15.763247863247864,1.0,1.0,14.143939393939393,22,0.0,0.0,0,0.3084722222222222,0,local,,,,,
central,6,4,0.0,0.0,12,60.0,fifo,False,False,local,59.5,30.0,29.5,0.9833333333333333,1.0,0.5040972222222222,484.02521008403363,1.7945147679324904,13.3,1.5857142857142867,2.005084745762713,1.0,1.0,11.78030303030303,22,0.0,0.0,0,0.17902777777777779,0,central,20836.0,0.0,289.0,0.0,0.0
broker,6,4,0.0,0.0,12,60.0,fifo,False,False,local,59.5,30.0,29.5,0.9833333333333333,1.0,0.5040972222222222,484.02521008403363,1.3303797468354441,11.139999999999999,1.1823529411764717,1.4796610169491535,1.0,1.0,12.098484848484848,22,2.5,0.0,0,0.17430555555555555,0,broker (ideal link),20767.0,0.0,263.0,0.0,0.0
broker,6,4,1.0,0.05,12,60.0,fifo,False,False,local,59.5,30.0,29.5,0.9833333333333333,1.0,0.5040972222222222,484.02521008403363,2.0772151898734186,14.3,1.9470588235294128,2.2084745762711875,1.0,1.0,12.416666666666666,22,2.0,0.0,0,0.17958333333333334,0,broker,21301.0,1072.0,263.0,0.0,0.0
local,7,4,0.0,0.0,12,60.0,fifo,False,False,local,59.0,29.5,29.5,1.0,1.0,0.48777777777777775,488.3613445378151,15.670338983050849,24.3,15.77627118644068,15.564406779661018,1.0,1.0,13.112318840579709,23,0.0,0.0,0,0.30777777777777776,0,local,,,,,
central,7,4,0.0,0.0,12,60.0,fifo,False,False,local,58.5,29.5,29.0,0.9830508474576272,1.0,0.4884722222222222,488.3613445378151,2.2677966101694924,14.3,1.911864406779662,2.6237288135593233,1.0,1.0,11.677536231884057,23,0.0,0.0,0,0.18069444444444444,0,central,20658.0,0.0,284.0,0.0,0.0
broker,7,4,0.0,0.0,12,60.0,fifo,False,False,local,58.5,29.5,29.0,0.9830508474576272,1.0,0.4884722222222222,488.3613445378151,1.4330508474576282,8.400000000000002,1.2254237288135603,1.640677966101696,1.0,1.0,11.590579710144926,23,2.0,0.0,0,0.17430555555555555,0,broker (ideal link),20498.0,0.0,258.0,0.0,0.0
broker,7,4,1.0,0.05,12,60.0,fifo,False,False,local,58.5,29.5,29.0,0.9830508474576272,1.0,0.48833333333333334,488.3613445378151,2.2296610169491538,13.3,1.9457627118644079,2.5135593220338994,1.0,1.0,12.112318840579709,23,1.5,0.0,0,0.18291666666666667,0,broker,21012.0,1051.0,258.0,0.0,0.0
local,8,4,0.0,0.0,12,60.0,fifo,False,False,local,57.5,29.0,28.5,0.9827586206896551,1.0,0.48381944444444447,491.9316239316239,15.854893617021277,23.53999999999999,15.861016949152543,15.84871794871795,1.0,1.0,12.33974358974359,13,0.0,0.0,0,0.2997222222222222,0,local,,,,,
central,8,4,0.0,0.0,12,60.0,fifo,False,False,local,58.5,29.5,29.0,0.9830508474576272,1.0,0.4842361111111111,491.9316239316239,1.9213675213675225,12.519999999999994,1.7974358974358986,2.0452991452991465,1.0,1.0,11.647435897435896,13,0.0,0.0,0,0.17333333333333334,0,central,20659.0,0.0,275.0,0.0,0.0
broker,8,4,0.0,0.0,12,60.0,fifo,False,False,local,58.5,29.5,29.0,0.9830508474576272,1.0,0.4842361111111111,491.9316239316239,1.7888888888888899,12.100000000000001,1.5324786324786335,2.0452991452991465,1.0,1.0,11.724358974358973,13,0.5,0.0,0,0.17222222222222222,0,broker (ideal link),20648.0,0.0,258.0,0.0,0.0
broker,8,4,1.0,0.05,12,60.0,fifo,False,False,local,58.5,29.5,29.0,0.9830508474576272,1.0,0.4842361111111111,491.9316239316239,2.5923076923076933,16.649999999999995,2.3871794871794885,2.7974358974358986,1.0,1.0,12.262820512820513,13,0.0,0.0,0,0.17930555555555555,0,broker,21181.0,1021.0,258.0,0.0,0.0
local,9,4,0.0,0.0,12,60.0,fifo,False,False,local,60.5,31.5,29.0,0.9206349206349206,0.9990972222222223,0.5152083333333333,477.1652892561983,16.16694214876033,25.3,16.263492063492066,16.06206896551724,1.0,1.0,14.749999999999998,36,0.0,0.0,0,0.3225,0,local,,,,,
central,9,4,0.0,0.0,12,60.0,fifo,False,False,local,60.5,31.5,29.0,0.9206349206349206,1.0,0.5163194444444444,476.73553719008265,3.2374485596707827,15.999999999999979,1.9777777777777787,4.5940170940170955,1.0,1.0,13.11111111111111,36,0.0,0.0,0,0.19944444444444445,0,central,21306.0,0.0,306.0,0.0,0.0
broker,9,4,0.0,0.0,12,60.0,fifo,False,False,local,60.5,31.5,29.0,0.9206349206349206,1.0,0.5163194444444444,476.73553719008265,1.8053497942386842,12.019999999999984,1.6206349206349218,2.004273504273505,1.0,1.0,13.416666666666666,36,3.0,0.0,0,0.1909722222222222,0,broker (ideal link),21076.0,0.0,266.0,0.0,0.0
broker,9,4,1.0,0.05,12,60.0,fifo,False,False,local,60.5,31.5,29.0,0.9206349206349206,1.0,0.5161805555555556,476.73553719008265,2.5790123456790135,14.3,2.4063492063492076,2.7649572649572662,1.0,1.0,12.833333333333332,36,4.0,0.0,0,0.1976388888888889,0,broker,21621.0,1088.0,266.0,0.0,0.0
local,10,4,0.0,0.0,12,60.0,fifo,False,False,local,59.0,30.0,29.0,0.9666666666666667,1.0,0.4903472222222222,488.15384615384613,16.368354430379746,27.14,15.829411764705883,16.911864406779664,1.0,1.0,15.155797101449274,23,0.0,0.0,0,0.3090277777777778,0,local,,,,,
central,10,4,0.0,0.0,12,60.0,fifo,False,False,local,59.0,30.0,29.0,0.9666666666666667,1.0,0.4896527777777777,488.15384615384613,2.469620253164558,15.339999999999987,2.543697478991598,2.394915254237289,1.0,1.0,11.981884057971014,23,0.0,0.0,0,0.1827777777777778,0,central,20824.0,0.0,284.0,0.0,0.0
broker,10,4,0.0,0.0,12,60.0,fifo,False,False,local,59.0,30.0,29.0,0.9666666666666667,1.0,0.4896527777777777,488.15384615384613,1.5666666666666678,9.65999999999998,1.711764705882354,1.4203389830508486,1.0,1.0,12.547101449275361,23,0.5,0.0,0,0.17597222222222222,0,broker (ideal link),20617.0,0.0,260.0,0.0,0.0
broker,10,4,1.0,0.05,12,60.0,fifo,False,False,local,59.0,30.0,29.0,0.9666666666666667,1.0,0.4895833333333333,488.15384615384613,2.38945147679325,13.459999999999992,2.442857142857144,2.335593220338984,1.0,1.0,14.3731884057971,23,0.0,0.0,0,0.18541666666666667,0,broker,21212.0,1065.0,260.0,0.0,0.0
local,11,4,0.0,0.0,12,60.0,fifo,False,False,local,59.5,30.0,29.5,0.9833333333333333,1.0,0.505,482.76666666666665,15.618828451882846,23.399999999999995,14.941666666666668,16.30168067226891,1.0,1.1333333333333333,13.82843137254902,17,0.0,0.0,0,0.30819444444444444,0,local,,,,,
central,11,4,0.0,0.0,12,60.0,fifo,False,False,local,59.5,30.0,29.5,0.9833333333333333,1.0,0.5057638888888889,482.76666666666665,2.5025210084033622,14.129999999999997,2.200000000000001,2.810169491525425,1.0,1.1666666666666667,13.416666666666666,17,0.0,0.0,0,0.18166666666666667,0,central,20927.0,0.0,281.0,0.0,0.0
broker,11,4,0.0,0.0,12,60.0,fifo,False,False,local,59.5,30.0,29.5,0.9833333333333333,1.0,0.5057638888888889,482.76666666666665,1.611764705882354,9.3,1.1666666666666676,2.064406779661018,1.0,1.1666666666666667,13.769607843137255,17,1.5,0.0,0,0.17597222222222222,0,broker (ideal link),20757.0,0.0,262.0,0.0,0.0
broker,11,4,1.0,0.05,12,60.0,fifo,False,False,local,59.5,30.0,29.5,0.9833333333333333,1.0,0.5057638888888889,482.76666666666665,2.43529411764706,13.419999999999982,1.9250000000000012,2.9542372881355945,1.0,1.1666666666666667,13.299019607843137,17,1.5,0.0,0,0.18305555555555555,0,broker,21312.0,1063.0,262.0,0.0,0.0
local,12,4,0.0,0.0,12,60.0,fifo,False,False,local,60.5,30.0,30.5,0.9836065573770492,1.0,0.514375,471.77685950413223,15.869795918367348,24.3,15.855737704918035,15.883739837398375,1.0,1.0,13.892857142857142,21,0.0,0.0,0,0.3179166666666667,0,local,,,,,
central,12,4,0.0,0.0,12,60.0,fifo,False,False,local,61.0,30.0,31.0,0.967741935483871,1.0,0.5140972222222222,471.77685950413223,1.9786885245901649,11.27,2.003278688524591,1.9540983606557387,1.0166666666666666,1.0,11.70238095238095,21,0.0,0.0,0,0.18180555555555555,0,central,21145.0,0.0,294.0,0.0,0.0
broker,12,4,0.0,0.0,12,60.0,fifo,False,False,local,61.0,30.0,31.0,0.967741935483871,1.0,0.5140972222222222,471.77685950413223,1.3147540983606567,7.979999999999997,1.339344262295083,1.2901639344262306,1.0166666666666666,1.0,13.178571428571427,21,2.0,0.0,0,0.17777777777777778,0,broker (ideal link),21052.0,0.0,269.0,0.0,0.0
broker,12,4,1.0,0.05,12,60.0,fifo,False,False,local,61.0,30.0,31.0,0.967741935483871,1.0,0.5140972222222222,471.77685950413223,2.07704918032787,12.949999999999996,2.0852459016393454,2.0688524590163944,1.0166666666666666,1.0,12.797619047619047,21,2.5,0.0,0,0.18513888888888888,0,broker,21602.0,1051.0,269.0,0.0,0.0
local,13,4,0.0,0.0,12,60.0,fifo,False,False,local,62.0,30.5,31.5,0.9682539682539683,0.9970833333333333,0.5089583333333334,468.2520325203252,15.904048582995953,25.3,15.626229508196722,16.1752,1.0,1.064516129032258,13.553030303030303,22,0.0,0.0,0,0.32055555555555554,0,local,,,,,
central,13,4,0.0,0.0,12,60.0,fifo,False,False,local,61.5,30.0,31.5,0.9523809523809523,0.9986111111111111,0.5082638888888888,467.5365853658537,2.771255060728746,15.100000000000001,2.4900826446281004,3.0412698412698425,1.0,1.064516129032258,12.416666666666666,22,0.0,0.0,0,0.19180555555555556,0,central,21327.0,0.0,293.0,0.0,0.0
broker,13,4,0.0,0.0,12,60.0,fifo,False,False,local,61.5,30.0,31.5,0.9523809523809523,1.0,0.509375,466.8861788617886,1.4149797570850213,8.699999999999978,1.2008264462809928,1.6206349206349218,1.0,1.0634920634920635,13.916666666666666,22,3.0,0.0,0,0.18041666666666667,0,broker (ideal link),21019.0,0.0,270.0,0.0,0.0
broker,13,4,1.0,0.05,12,60.0,fifo,False,False,local,61.5,30.0,31.5,0.9523809523809523,1.0,0.5092361111111111,466.8861788617886,2.6336032388663977,14.3,2.4900826446281004,2.7714285714285727,1.0,1.0634920634920635,13.189393939393938,22,2.0,0.0,0,0.195,0,broker,21735.0,1110.0,270.0,0.0,0.0
local,14,4,0.0,0.0,12,60.0,fifo,False,False,local,58.0,29.5,28.5,0.9661016949152542,1.0,0.49527777777777776,492.1186440677966,15.775536480686696,23.619999999999983,15.462711864406781,16.096521739130434,1.0,1.0,16.068840579710145,23,0.0,0.0,0,0.3051388888888889,0,local,,,,,
central,14,4,0.0,0.0,12,60.0,fifo,False,False,local,58.5,29.5,29.0,0.9830508474576272,1.0,0.49618055555555557,492.1186440677966,2.611587982832619,18.97999999999995,2.0226890756302534,3.226315789473685,1.0,1.0,14.068840579710145,23,0.0,0.0,0,0.18125,0,central,20729.0,0.0,283.0,0.0,0.0
broker,14,4,0.0,0.0,12,60.0,fifo,False,False,local,58.5,29.5,29.0,0.9830508474576272,1.0,0.49618055555555557,492.1186440677966,1.7660944206008595,10.100000000000001,1.484873949579833,2.0596491228070186,1.0,1.0,14.547101449275361,23,2.5,0.0,0,0.1748611111111111,0,broker (ideal link),20580.0,0.0,257.0,0.0,0.0
broker,14,4,1.0,0.05,12,60.0,fifo,False,False,local,58.0,29.5,28.5,0.9661016949152542,1.0,0.49604166666666666,492.1186440677966,2.826180257510731,16.179999999999996,2.5521008403361356,3.112280701754387,1.0,1.0,14.329710144927535,23,1.0,0.0,0,0.18416666666666667,0,broker,21212.0,1089.0,257.0,0.0,0.0
local,15,4,0.0,0.0,12,60.0,fifo,False,False,local,60.0,29.5,30.5,0.9672131147540983,1.0,0.5129166666666667,480.93277310924367,15.974166666666667,25.3,15.91344537815126,16.03388429752066,1.0,1.0,14.061827956989246,31,0.0,0.0,0,0.31722222222222224,0,local,,,,,
central,15,4,0.0,0.0,12,60.0,fifo,False,False,local,60.5,30.0,30.5,0.9836065573770492,1.0,0.5115972222222223,480.93277310924367,3.095000000000001,15.100000000000001,3.106722689075631,3.0834710743801663,1.0,1.0166666666666666,12.61021505376344,31,0.0,0.0,0,0.1925,0,central,21071.0,0.0,298.0,0.0,0.0
broker,15,4,0.0,0.0,12,60.0,fifo,False,False,local,60.5,30.0,30.5,0.9836065573770492,1.0,0.5115972222222223,480.93277310924367,1.5658333333333343,9.399999999999967,1.8294117647058834,1.306611570247935,1.0,1.0,14.061827956989246,31,1.0,0.0,0,0.18375,0,broker (ideal link),20799.0,0.0,263.0,0.0,0.0
broker,15,4,1.0,0.05,12,60.0,fifo,False,False,local,60.5,30.0,30.5,0.9836065573770492,1.0,0.5115972222222223,480.93277310924367,2.5158333333333345,14.399999999999967,2.577310924369749,2.455371900826447,1.0,1.0,13.803763440860214,31,2.0,0.0,0,0.19430555555555556,0,broker,21394.0,1076.0,263.0,0.0,0.0
local,16,4,0.0,0.0,12,60.0,fifo,False,False,local,59.5,30.0,29.5,0.9833333333333333,0.999375,0.5058333333333334,484.1512605042017,15.594957983193279,22.599999999999955,15.4,15.793220338983051,1.0,1.0,13.734848484848484,22,0.0,0.0,0,0.31055555555555553,0,local,,,,,
central,16,4,0.0,0.0,12,60.0,fifo,False,False,local,59.5,29.5,30.0,0.9833333333333333,1.0,0.5059027777777778,483.8487394957983,2.5301255230125532,15.199999999999996,2.300000000000001,2.762184873949581,1.0,1.0,13.689393939393938,22,0.0,0.0,0,0.18194444444444444,0,central,20924.0,0.0,285.0,0.0,0.0
broker,16,4,0.0,0.0,12,60.0,fifo,False,False,local,59.5,29.5,30.0,0.9833333333333333,1.0,0.5059027777777778,483.8487394957983,1.5384937238493734,11.199999999999996,1.3583333333333345,1.7201680672268918,1.0,1.0,14.916666666666666,22,0.0,0.0,0,0.175,0,broker (ideal link),20733.0,0.0,261.0,0.0,0.0
broker,16,4,1.0,0.05,12,60.0,fifo,False,False,local,59.5,29.5,30.0,0.9833333333333333,1.0,0.5058333333333334,483.8487394957983,2.18702928870293,14.100000000000001,1.650000000000001,2.7285714285714295,1.0,1.0,15.28030303030303,22,0.0,0.0,0,0.18069444444444444,0,broker,21204.0,1090.0,261.0,0.0,0.0
local,17,4,0.0,0.0,12,60.0,fifo,False,False,local,60.0,30.0,30.0,1.0,1.0,0.502361111111111,485.66101694915255,15.79029535864979,24.45999999999999,15.89491525423729,15.68655462184874,1.0,1.0,17.073809523809523,35,0.0,0.0,0,0.3151388888888889,0,local,,,,,
central,17,4,0.0,0.0,12,60.0,fifo,False,False,local,60.0,30.0,30.0,1.0,1.0,0.5005555555555555,485.66101694915255,2.4815126050420178,14.100000000000001,2.674576271186442,2.291666666666668,1.0,1.0,13.959523809523809,35,0.0,0.0,0,0.19013888888888889,0,central,21011.0,0.0,299.0,0.0,0.0
broker,17,4,0.0,0.0,12,60.0,fifo,False,False,local,60.0,30.0,30.0,1.0,1.0,0.5005555555555555,485.66101694915255,1.3680672268907574,10.249999999999979,1.1830508474576282,1.5500000000000012,1.0,1.0,12.902380952380952,35,2.5,0.0,0,0.1827777777777778,0,broker (ideal link),20761.0,0.0,261.0,0.0,0.0
broker,17,4,1.0,0.05,12,60.0,fifo,False,False,local,60.0,30.0,30.0,1.0,1.0,0.5005555555555555,485.66101694915255,1.8806722689075641,13.129999999999997,1.6830508474576282,2.075000000000001,1.0,1.0,13.473809523809523,35,1.0,0.0,0,0.18652777777777776,0,broker,21188.0,1043.0,261.0,0.0,0.0
local,18,4,0.0,0.0,12,60.0,fifo,False,False,local,60.5,30.0,30.5,0.9836065573770492,1.0,0.5159722222222223,480.875,15.845,26.11,15.963865546218488,15.72809917355372,1.0,1.0,13.416666666666666,22,0.0,0.0,0,0.31222222222222223,0,local,,,,,
central,18,4,0.0,0.0,12,60.0,fifo,False,False,local,60.5,30.0,30.5,0.9836065573770492,1.0,0.5160416666666667,480.875,2.066804979253113,14.3,2.041666666666668,2.091735537190084,1.0169491525423728,1.0163934426229508,12.007575757575756,22,0.0,0.0,0,0.1815277777777778,0,central,20921.0,0.0,290.0,0.0,0.0
broker,18,4,0.0,0.0,12,60.0,fifo,False,False,local,60.5,30.0,30.5,0.9836065573770492,1.0,0.5145138888888889,480.875,1.2701244813278019,8.100000000000001,1.0833333333333344,1.4553719008264474,1.0,1.0,13.098484848484848,22,2.0,0.0,0,0.17555555555555555,0,broker (ideal link),20743.0,0.0,263.0,0.0,0.0
broker,18,4,1.0,0.05,12,60.0,fifo,False,False,local,60.5,30.0,30.5,0.9836065573770492,1.0,0.5147916666666668,480.875,1.932500000000001,11.339999999999987,1.896638655462186,1.9677685950413233,1.0,1.0,13.371212121212121,22,2.5,0.0,0,0.18347222222222223,0,broker,21267.0,1042.0,263.0,0.0,0.0
local,19,4,0.0,0.0,12,60.0,fifo,False,False,local,59.5,29.5,30.0,0.9833333333333333,1.0,0.49743055555555554,484.39495798319325,15.458995815899582,23.399999999999995,15.3,15.619327731092438,1.0,1.0,15.083333333333332,18,0.0,0.0,0,0.30791666666666667,0,local,,,,,
central,19,4,0.0,0.0,12,60.0,fifo,False,False,local,59.5,29.5,30.0,0.9833333333333333,1.0,0.4963888888888889,484.39495798319325,2.3669456066945616,14.3,2.1083333333333343,2.6277310924369757,1.0,1.0,13.249999999999998,18,0.0,0.0,0,0.18263888888888888,0,central,21093.0,0.0,284.0,0.0,0.0
broker,19,4,0.0,0.0,12,60.0,fifo,False,False,local,59.5,29.5,30.0,0.9833333333333333,1.0,0.4974305555555556,484.39495798319325,1.8564853556485366,12.219999999999995,1.7083333333333344,2.0058823529411773,1.0,1.0,13.583333333333332,18,1.0,0.0,0,0.17972222222222223,0,broker (ideal link),20941.0,0.0,263.0,0.0,0.0
broker,19,4,1.0,0.05,12,60.0,fifo,False,False,local,59.5,29.5,30.0,0.9833333333333333,1.0,0.4974305555555556,484.39495798319325,2.5426778242677837,14.49999999999999,2.166666666666668,2.9218487394957995,1.0,1.0,13.416666666666666,18,1.0,0.0,0,0.18555555555555556,0,broker,21525.0,1052.0,263.0,0.0,0.0
local,20,4,0.0,0.0,12,60.0,fifo,False,False,local,60.0,30.0,30.0,1.0,1.0,0.5065277777777777,483.09166666666664,15.787394957983194,24.449999999999978,15.636134453781514,15.938655462184874,1.0,1.0,13.559523809523808,21,0.0,0.0,0,0.3086111111111111,0,local,,,,,
central,20,4,0.0,0.0,12,60.0,fifo,False,False,local,60.0,30.0,30.0,1.0,1.0,0.5065277777777777,483.09166666666664,2.0740585774058586,13.3,1.8714285714285726,2.2750000000000012,1.0,1.0,11.916666666666666,20,0.0,0.0,0,0.18208333333333335,0,central,20927.0,0.0,287.0,0.0,0.0
broker,20,4,0.0,0.0,12,60.0,fifo,False,False,local,60.0,30.0,30.0,1.0,1.0,0.5058333333333334,483.09166666666664,1.6138075313807543,11.3,1.5352941176470598,1.6916666666666678,1.0,1.0,12.616666666666665,20,2.0,0.0,0,0.17791666666666667,0,broker (ideal link),20681.0,0.0,261.0,0.0,0.0
broker,20,4,1.0,0.05,12,60.0,fifo,False,False,local,60.0,30.0,30.0,1.0,1.0,0.5058333333333334,483.09166666666664,2.5552301255230137,14.120000000000001,2.7201680672268918,2.391666666666668,1.0,1.0,13.566666666666666,20,1.5,0.0,0,0.18680555555555556,0,broker,21277.0,1028.0,261.0,0.0,0.0
local,1,4,0.0,0.0,24,60.0,fifo,False,False,local,59.0,29.5,29.5,1.0,1.0,0.4984722222222222,486.26271186440675,16.031645569620252,26.3,15.94873949579832,16.115254237288138,1.0,1.0,14.612745098039214,51,0.0,0.0,0,0.3258333333333333,0,local,,,,,
central,1,4,0.0,0.0,24,60.0,fifo,False,False,local,58.5,29.5,29.0,0.9830508474576272,1.0,0.4994444444444444,486.26271186440675,3.7438818565400855,19.3,3.8186440677966114,3.669747899159665,1.0,1.0,13.906862745098039,51,0.0,0.0,0,0.20875,0,central,21250.0,0.0,316.0,0.0,0.0
broker,1,4,0.0,0.0,24,60.0,fifo,False,False,local,58.5,29.5,29.0,0.9830508474576272,1.0,0.4988194444444444,486.26271186440675,1.6763713080168787,9.459999999999992,2.047457627118645,1.308403361344539,1.0,1.0,13.789215686274508,51,4.0,0.0,0,0.19375,0,broker (ideal link),20847.0,0.0,261.0,0.0,0.0
broker,1,4,1.0,0.05,24,60.0,fifo,False,False,local,58.5,29.5,29.0,0.9830508474576272,1.0,0.4992361111111111,486.26271186440675,2.368354430379748,14.139999999999999,2.7254237288135603,2.0142857142857156,1.0,1.0,13.259803921568626,51,5.0,0.0,0,0.19916666666666666,0,broker,21424.0,1118.0,261.0,0.0,0.0
local,2,4,0.0,0.0,24,60.0,fifo,False,False,local,60.0,30.0,30.0,1.0,1.0,0.5019444444444445,477.0495867768595,16.468595041322317,27.24999999999999,16.975,15.970491803278689,1.0,1.0,15.281073446327682,59,0.0,0.0,0,0.3347222222222222,0,local,,,,,
central,2,4,0.0,0.0,24,60.0,fifo,False,False,local,60.5,30.0,30.5,0.9836065573770492,1.0,0.5025694444444444,477.0495867768595,3.660995850622408,20.3,2.9416666666666678,4.374380165289257,1.0,1.0,12.85734463276836,59,0.0,0.0,0,0.21458333333333332,0,central,21235.0,0.0,329.0,0.0,0.0
broker,2,4,0.0,0.0,24,60.0,fifo,False,False,local,60.5,30.0,30.5,0.9836065573770492,1.0,0.5035416666666667,477.0495867768595,1.7605809128630716,10.100000000000001,1.5833333333333344,1.9363636363636374,1.0,1.0,12.772598870056497,59,6.0,0.0,0,0.20083333333333334,0,broker (ideal link),20923.0,0.0,264.0,0.0,0.0
broker,2,4,1.0,0.05,24,60.0,fifo,False,False,local,60.5,30.0,30.5,0.9836065573770492,1.0,0.5035416666666667,477.0495867768595,2.4908713692946067,14.3,2.3083333333333345,2.671900826446282,1.0,1.0,13.535310734463275,59,4.5,0.0,0,0.20722222222222222,0,broker,21414.0,1045.0,264.0,0.0,0.0
local,3,4,0.0,0.0,24,60.0,fifo,False,False,local,58.5,29.0,29.5,0.9830508474576272,1.0,0.4957638888888889,490.85470085470087,15.671914893617023,24.3,15.763247863247864,15.58135593220339,1.0,1.0,15.266666666666666,40,0.0,0.0,0,0.3159722222222222,0,local,,,,,
central,3,4,0.0,0.0,24,60.0,fifo,False,False,local,59.0,29.5,29.5,1.0,1.0,0.49506944444444445,490.85470085470087,2.7333333333333343,18.99999999999999,2.541025641025642,2.925641025641027,1.0344827586206897,1.0,13.091666666666665,40,0.0,0.0,0,0.19194444444444445,0,central,20941.0,0.0,311.0,0.0,0.0
broker,3,4,0.0,0.0,24,60.0,fifo,False,False,local,59.0,29.5,29.5,1.0,1.0,0.49506944444444445,490.85470085470087,1.4683760683760694,9.3,1.4982905982905994,1.4384615384615396,1.0344827586206897,1.0,11.516666666666666,40,3.0,0.0,0,0.18388888888888888,0,broker (ideal link),20589.0,0.0,259.0,0.0,0.0
broker,3,4,1.0,0.05,24,60.0,fifo,False,False,local,59.0,29.5,29.5,1.0,1.0,0.49506944444444445,490.85470085470087,2.0623931623931635,11.3,1.917094017094018,2.2076923076923087,1.0344827586206897,1.0,11.491666666666665,40,3.0,0.0,0,0.18819444444444444,0,broker,21061.0,1089.0,259.0,0.0,0.0
local,4,4,0.0,0.0,24,60.0,fifo,False,False,local,59.0,30.0,29.0,0.9666666666666667,1.0,0.4913888888888889,493.0683760683761,15.657627118644069,24.3,15.703361344537816,15.611111111111112,1.0,1.0,14.525362318840578,46,0.0,0.0,0,0.32055555555555554,0,local,,,,,
central,4,4,0.0,0.0,24,60.0,fifo,False,False,local,59.0,30.0,29.0,0.9666666666666667,1.0,0.4921527777777778,493.0683760683761,2.685531914893618,14.3,2.200000000000001,3.1752136752136764,1.0,1.0,11.916666666666666,46,0.0,0.0,0,0.1975,0,central,20720.0,0.0,308.0,0.0,0.0
broker,4,4,0.0,0.0,24,60.0,fifo,False,False,local,58.5,29.5,29.0,0.9830508474576272,1.0,0.49201388888888886,493.0683760683761,1.5961702127659585,9.3,1.3440677966101706,1.8504273504273514,1.0,1.0,11.981884057971014,46,1.5,0.0,0,0.18861111111111112,0,broker (ideal link),20519.0,0.0,258.0,0.0,0.0
broker,4,4,1.0,0.05,24,60.0,fifo,False,False,local,58.5,29.5,29.0,0.9830508474576272,1.0,0.49201388888888886,493.0683760683761,2.5706382978723417,13.3,2.310169491525425,2.8333333333333344,1.0,1.0,12.329710144927535,46,1.5,0.0,0,0.20041666666666666,0,broker,21150.0,1053.0,258.0,0.0,0.0
local,5,4,0.0,0.0,24,60.0,fifo,False,False,local,59.5,30.5,29.0,0.9508196721311475,1.0,0.5031944444444444,485.8655462184874,16.35546218487395,26.449999999999978,15.88512396694215,16.841880341880344,1.0,1.0,14.988095238095237,56,0.0,0.0,0,0.32861111111111113,0,local,,,,,
central,5,4,0.0,0.0,24,60.0,fifo,False,False,local,59.5,30.5,29.0,0.9508196721311475,1.0,0.5038194444444445,485.8655462184874,3.3135021097046424,20.3,3.058677685950414,3.5793103448275874,1.0,1.0,12.470238095238095,56,0.0,0.0,0,0.20625,0,central,21149.0,0.0,324.0,0.0,0.0
broker,5,4,0.0,0.0,24,60.0,fifo,False,False,local,59.5,30.5,29.0,0.9508196721311475,1.0,0.5027777777777778,485.8655462184874,1.389075630252102,8.279999999999974,1.0278688524590174,1.7689655172413803,1.0,1.0,12.50595238095238,56,4.5,0.0,0,0.19402777777777777,0,broker (ideal link),20688.0,0.0,262.0,0.0,0.0
broker,5,4,1.0,0.05,24,60.0,fifo,False,False,local,59.5,30.5,29.0,0.9508196721311475,1.0,0.5029166666666667,485.8655462184874,2.3092436974789927,14.129999999999997,1.7245901639344272,2.9241379310344837,1.0,1.0,12.720238095238095,56,4.5,0.0,0,0.20347222222222222,0,broker,21276.0,1044.0,262.0,0.0,0.0
local,6,4,0.0,0.0,24,60.0,fifo,False,False,local,59.5,30.0,29.5,0.9833333333333333,1.0,0.5040972222222222,484.02521008403363,16.013924050632912,26.3,15.950000000000001,16.07948717948718,1.0,1.0,14.37121212121212,44,0.0,0.0,0,0.32069444444444445,0,local,,,,,
central,6,4,0.0,0.0,24,60.0,fifo,False,False,local,59.5,30.0,29.5,0.9833333333333333,1.0,0.5040972222222222,484.02521008403363,2.7672268907563033,15.249999999999979,2.7666666666666675,2.7677966101694924,1.0,1.0,12.916666666666666,44,0.0,0.0,0,0.1973611111111111,0,central,21112.0,0.0,314.0,0.0,0.0
broker,6,4,0.0,0.0,24,60.0,fifo,False,False,local,59.5,30.0,29.5,0.9833333333333333,1.0,0.5040972222222222,484.02521008403363,1.3050632911392415,8.739999999999965,1.07310924369748,1.5389830508474587,1.0,1.0,13.734848484848484,44,2.0,0.0,0,0.18625,0,broker (ideal link),20799.0,0.0,263.0,0.0,0.0
broker,6,4,1.0,0.05,24,60.0,fifo,False,False,local,59.5,30.0,29.5,0.9833333333333333,1.0,0.5040972222222222,484.02521008403363,2.132067510548524,14.65999999999998,1.9554621848739506,2.310169491525425,1.0,1.0,13.621212121212121,44,1.5,0.0,0,0.19152777777777777,0,broker,21345.0,1074.0,263.0,0.0,0.0
local,7,4,0.0,0.0,24,60.0,fifo,False,False,local,59.0,29.5,29.5,1.0,1.0,0.4874305555555556,488.3613445378151,16.072881355932203,25.55,16.200000000000003,15.945762711864408,1.0,1.0,14.310283687943262,47,0.0,0.0,0,0.3211111111111111,0,local,,,,,
central,7,4,0.0,0.0,24,60.0,fifo,False,False,local,58.5,29.5,29.0,0.9830508474576272,1.0,0.4884722222222222,488.3613445378151,3.3101694915254245,20.3,3.0135593220338994,3.60677966101695,1.0,1.0,13.2677304964539,47,0.0,0.0,0,0.19875,0,central,20988.0,0.0,311.0,0.0,0.0
broker,7,4,0.0,0.0,24,60.0,fifo,False,False,local,58.5,29.5,29.0,0.9830508474576272,1.0,0.4884722222222222,488.3613445378151,1.5093220338983062,8.400000000000002,1.3355932203389842,1.6830508474576282,1.0,1.0,12.544326241134751,47,4.0,0.0,0,0.18847222222222224,0,broker (ideal link),20540.0,0.0,258.0,0.0,0.0
broker,7,4,1.0,0.05,24,60.0,fifo,False,False,local,58.5,29.5,29.0,0.9830508474576272,1.0,0.48833333333333334,488.3613445378151,2.2805084745762723,13.3,2.0305084745762723,2.5305084745762723,1.0,1.0,12.820921985815602,47,4.5,0.0,0,0.19652777777777777,0,broker,21060.0,1054.0,258.0,0.0,0.0
local,8,4,0.0,0.0,24,60.0,fifo,False,False,local,57.5,29.0,28.5,0.9827586206896551,1.0,0.48381944444444447,491.9316239316239,15.959829059829062,26.1,15.942735042735043,15.976923076923079,1.0,1.0,13.666666666666666,48,0.0,0.0,0,0.31916666666666665,0,local,,,,,
central,8,4,0.0,0.0,24,60.0,fifo,False,False,local,58.5,29.5,29.0,0.9830508474576272,1.0,0.4842361111111111,491.9316239316239,3.4170940170940183,20.1,3.1564102564102576,3.677777777777779,1.0,1.0,13.291666666666666,48,0.0,0.0,0,0.20180555555555554,0,central,20951.0,0.0,307.0,0.0,0.0
broker,8,4,0.0,0.0,24,60.0,fifo,False,False,local,58.5,29.5,29.0,0.9830508474576272,1.0,0.4842361111111111,491.9316239316239,1.9128205128205138,12.100000000000001,1.694871794871796,2.1307692307692316,1.0,1.0,13.687499999999998,48,5.0,0.0,0,0.1922222222222222,0,broker (ideal link),20703.0,0.0,258.0,0.0,0.0
broker,8,4,1.0,0.05,24,60.0,fifo,False,False,local,58.5,29.5,29.0,0.9830508474576272,1.0,0.4842361111111111,491.9316239316239,2.8273504273504284,16.17,2.464102564102565,3.1905982905982917,1.0,1.0,12.708333333333332,48,5.5,0.0,0,0.20041666666666666,0,broker,21282.0,1026.0,258.0,0.0,0.0
local,9,4,0.0,0.0,24,60.0,fifo,False,False,local,60.5,31.5,29.0,0.9206349206349206,0.9990972222222223,0.5154861111111111,477.1652892561983,16.48512396694215,27.24999999999999,16.303174603174604,16.682758620689658,1.0,1.0,14.704802259887005,59,0.0,0.0,0,0.3352777777777778,0,local,,,,,
central,9,4,0.0,0.0,24,60.0,fifo,False,False,local,60.5,31.5,29.0,0.9206349206349206,1.0,0.5163194444444444,476.73553719008265,3.9246913580246923,20.199999999999978,3.2634920634920643,4.636752136752138,1.0,1.0,13.077683615819208,59,0.0,0.0,0,0.21986111111111112,0,central,21485.0,0.0,332.0,0.0,0.0
broker,9,4,0.0,0.0,24,60.0,fifo,False,False,local,60.5,31.5,29.0,0.9206349206349206,1.0,0.5163194444444444,476.73553719008265,1.9823045267489723,13.3,1.5968253968253978,2.3974358974358987,1.0,1.0,13.399717514124292,59,6.0,0.0,0,0.20555555555555555,0,broker (ideal link),21141.0,0.0,266.0,0.0,0.0
broker,9,4,1.0,0.05,24,60.0,fifo,False,False,local,60.5,31.5,29.0,0.9206349206349206,1.0,0.5161805555555556,476.73553719008265,2.7106995884773673,14.199999999999978,2.3984126984126997,3.047008547008548,1.0,1.0,13.992937853107344,59,4.0,0.0,0,0.2125,0,broker,21648.0,1088.0,266.0,0.0,0.0
local,10,4,0.0,0.0,24,60.0,fifo,False,False,local,59.0,30.0,29.0,0.9666666666666667,1.0,0.4903472222222222,488.15384615384613,16.967510548523208,29.3,16.426050420168067,17.5135593220339,1.0,1.0,16.437943262411345,47,0.0,0.0,0,0.32180555555555557,0,local,,,,,
central,10,4,0.0,0.0,24,60.0,fifo,False,False,local,59.0,30.0,29.0,0.9666666666666667,1.0,0.4896527777777777,488.15384615384613,3.0054852320675116,16.14,2.8294117647058834,3.1830508474576282,1.0,1.0,14.246453900709218,47,0.0,0.0,0,0.19958333333333333,0,central,20858.0,0.0,310.0,0.0,0.0
broker,10,4,0.0,0.0,24,60.0,fifo,False,False,local,59.0,30.0,29.0,0.9666666666666667,1.0,0.4896527777777777,488.15384615384613,1.5244725738396636,9.65999999999998,1.6445378151260515,1.4033898305084755,1.0,1.0,14.289007092198581,47,2.5,0.0,0,0.18861111111111112,0,broker (ideal link),20597.0,0.0,260.0,0.0,0.0
broker,10,4,1.0,0.05,24,60.0,fifo,False,False,local,59.0,30.0,29.0,0.9666666666666667,1.0,0.4895833333333333,488.15384615384613,2.4063291139240515,14.3,2.442857142857144,2.36949152542373,1.0,1.0,14.671985815602836,47,3.5,0.0,0,0.19791666666666666,0,broker,21222.0,1065.0,260.0,0.0,0.0
local,11,4,0.0,0.0,24,60.0,fifo,False,False,local,59.5,30.0,29.5,0.9833333333333333,1.0,0.5052083333333334,482.76666666666665,15.694142259414226,24.3,14.983333333333334,16.4109243697479,1.0,1.1666666666666667,14.416666666666666,36,0.0,0.0,0,0.31875,0,local,,,,,
central,11,4,0.0,0.0,24,60.0,fifo,False,False,local,59.5,30.0,29.5,0.9833333333333333,1.0,0.5068055555555555,482.76666666666665,2.657983193277312,14.419999999999982,2.1833333333333345,3.140677966101696,1.0,1.1666666666666667,12.388888888888888,36,0.0,0.0,0,0.1938888888888889,0,central,20974.0,0.0,303.0,0.0,0.0
broker,11,4,0.0,0.0,24,60.0,fifo,False,False,local,59.5,30.0,29.5,0.9833333333333333,1.0,0.5057638888888889,482.76666666666665,1.569747899159665,9.3,1.1583333333333343,1.98813559322034,1.0,1.1666666666666667,12.527777777777777,36,4.0,0.0,0,0.18555555555555556,0,broker (ideal link),20740.0,0.0,262.0,0.0,0.0
broker,11,4,1.0,0.05,24,60.0,fifo,False,False,local,59.5,30.0,29.5,0.9833333333333333,1.0,0.5057638888888889,482.76666666666665,2.468907563025211,13.3,1.9416666666666678,3.005084745762713,1.0,1.1666666666666667,12.75,36,5.5,0.0,0,0.19458333333333333,0,broker,21327.0,1064.0,262.0,0.0,0.0
local,12,4,0.0,0.0,24,60.0,fifo,False,False,local,60.5,30.0,30.5,0.9836065573770492,1.0,0.514375,471.77685950413223,16.04122448979592,26.1,15.962295081967214,16.119512195121953,1.0,1.0,15.206140350877192,38,0.0,0.0,0,0.3273611111111111,0,local,,,,,
central,12,4,0.0,0.0,24,60.0,fifo,False,False,local,61.0,30.0,31.0,0.967741935483871,1.0,0.5140972222222222,471.77685950413223,2.359591836734695,14.259999999999998,2.5524590163934437,2.1682926829268303,1.0,1.0,13.021929824561402,38,0.0,0.0,0,0.19652777777777777,0,central,21238.0,0.0,314.0,0.0,0.0
broker,12,4,0.0,0.0,24,60.0,fifo,False,False,local,61.0,30.0,31.0,0.967741935483871,1.0,0.5140972222222222,471.77685950413223,1.3352459016393454,8.100000000000001,1.3721311475409848,1.298360655737706,1.0,1.0,12.627192982456139,38,5.0,0.0,0,0.18791666666666668,0,broker (ideal link),21073.0,0.0,269.0,0.0,0.0
broker,12,4,1.0,0.05,24,60.0,fifo,False,False,local,61.0,30.0,31.0,0.967741935483871,1.0,0.5140972222222222,471.77685950413223,2.040163934426231,11.979999999999997,2.0524590163934437,2.0278688524590174,1.0,1.0,12.99561403508772,38,5.0,0.0,0,0.19416666666666665,0,broker,21600.0,1051.0,269.0,0.0,0.0
local,13,4,0.0,0.0,24,60.0,fifo,False,False,local,62.0,30.5,31.5,0.9682539682539683,0.9970138888888889,0.5090277777777779,468.2845528455285,16.23603238866397,26.3,15.978688524590165,16.4872,1.0,1.1451612903225807,14.549999999999999,45,0.0,0.0,0,0.3333333333333333,0,local,,,,,
central,13,4,0.0,0.0,24,60.0,fifo,False,False,local,61.5,30.0,31.5,0.9523809523809523,1.0,0.509375,466.8861788617886,4.111336032388665,20.3,3.746280991735538,4.461904761904763,1.0,1.0317460317460319,13.149999999999999,45,0.0,0.0,0,0.2115277777777778,0,central,21633.0,0.0,317.0,0.0,0.0
broker,13,4,0.0,0.0,24,60.0,fifo,False,False,local,61.5,30.0,31.5,0.9523809523809523,1.0,0.509375,466.8861788617886,1.362348178137653,7.300000000000001,1.1181818181818193,1.5968253968253978,1.0,1.0634920634920635,14.194444444444443,45,2.0,0.0,0,0.19277777777777777,0,broker (ideal link),21007.0,0.0,270.0,0.0,0.0
broker,13,4,1.0,0.05,24,60.0,fifo,False,False,local,61.5,30.0,31.5,0.9523809523809523,1.0,0.5094444444444444,466.8861788617886,2.6214574898785434,14.3,2.3826446280991744,2.8507936507936518,1.0,1.0634920634920635,14.483333333333333,45,2.5,0.0,0,0.20805555555555555,0,broker,21740.0,1110.0,270.0,0.0,0.0
local,14,4,0.0,0.0,24,60.0,fifo,False,False,local,58.0,29.5,28.5,0.9661016949152542,1.0,0.49520833333333336,492.1186440677966,16.34206008583691,26.099999999999955,16.166101694915255,16.522608695652174,1.0,1.0,14.69927536231884,46,0.0,0.0,0,0.3179166666666667,0,local,,,,,
central,14,4,0.0,0.0,24,60.0,fifo,False,False,local,58.5,29.5,29.0,0.9830508474576272,1.0,0.49618055555555557,492.1186440677966,3.375536480686696,20.3,3.274789915966388,3.480701754385966,1.0,1.0,12.764492753623188,46,0.0,0.0,0,0.19930555555555557,0,central,20882.0,0.0,309.0,0.0,0.0
broker,14,4,0.0,0.0,24,60.0,fifo,False,False,local,58.5,29.5,29.0,0.9830508474576272,1.0,0.49618055555555557,492.1186440677966,1.813304721030044,10.100000000000001,1.5184873949579842,2.1210526315789484,1.0,1.0,13.46014492753623,46,2.5,0.0,0,0.18805555555555556,0,broker (ideal link),20589.0,0.0,257.0,0.0,0.0
broker,14,4,1.0,0.05,24,60.0,fifo,False,False,local,58.0,29.5,28.5,0.9661016949152542,1.0,0.49597222222222226,492.1186440677966,2.8562231759656664,16.3,2.577310924369749,3.1473684210526325,1.0,1.0,12.981884057971014,46,2.0,0.0,0,0.19722222222222222,0,broker,21214.0,1089.0,257.0,0.0,0.0
local,15,4,0.0,0.0,24,60.0,fifo,False,False,local,60.0,29.5,30.5,0.9672131147540983,1.0,0.5128472222222222,480.93277310924367,16.145,25.349999999999984,16.249579831932774,16.04214876033058,1.0,1.0,16.496031746031743,63,0.0,0.0,0,0.335,0,local,,,,,
central,15,4,0.0,0.0,24,60.0,fifo,False,False,local,60.5,30.0,30.5,0.9836065573770492,1.0,0.5115972222222223,480.93277310924367,3.270000000000001,20.3,3.274789915966388,3.265289256198348,1.0,1.0,13.146825396825395,63,0.0,0.0,0,0.21805555555555556,0,central,21146.0,0.0,332.0,0.0,0.0
broker,15,4,0.0,0.0,24,60.0,fifo,False,False,local,60.5,30.0,30.5,0.9836065573770492,1.0,0.5115972222222223,480.93277310924367,1.657500000000001,11.3,1.8630252100840348,1.4553719008264474,1.0,1.0,13.178571428571427,63,4.0,0.0,0,0.2036111111111111,0,broker (ideal link),20837.0,0.0,263.0,0.0,0.0
broker,15,4,1.0,0.05,24,60.0,fifo,False,False,local,60.5,30.0,30.5,0.9836065573770492,1.0,0.5115972222222223,480.93277310924367,2.4491666666666676,14.3,2.5268907563025222,2.372727272727274,1.0,1.0,13.353174603174603,63,4.0,0.0,0,0.21097222222222223,0,broker,21377.0,1076.0,263.0,0.0,0.0
local,16,4,0.0,0.0,24,60.0,fifo,False,False,local,59.5,30.0,29.5,0.9833333333333333,0.9980555555555555,0.504375,484.7542372881356,16.221008403361346,25.599999999999955,16.283333333333335,16.15762711864407,1.0,1.0,14.501773049645388,47,0.0,0.0,0,0.3244444444444444,0,local,,,,,
central,16,4,0.0,0.0,24,60.0,fifo,False,False,local,59.5,29.5,30.0,0.9833333333333333,1.0,0.5059027777777778,483.8487394957983,2.9150627615062774,18.3,3.0250000000000012,2.80420168067227,1.0,1.0,12.586879432624112,47,0.0,0.0,0,0.19833333333333333,0,central,21006.0,0.0,314.0,0.0,0.0
broker,16,4,0.0,0.0,24,60.0,fifo,False,False,local,59.5,29.5,30.0,0.9833333333333333,1.0,0.5059027777777778,483.8487394957983,1.6305439330543943,11.199999999999996,1.3916666666666677,1.8714285714285726,1.0,1.0,12.927304964539006,47,1.5,0.0,0,0.1897222222222222,0,broker (ideal link),20759.0,0.0,261.0,0.0,0.0
broker,16,4,1.0,0.05,24,60.0,fifo,False,False,local,59.5,29.5,30.0,0.9833333333333333,1.0,0.5058333333333334,483.8487394957983,2.375313807531382,14.47999999999999,2.0166666666666675,2.7369747899159673,1.0,1.0,12.544326241134751,47,2.0,0.0,0,0.19583333333333333,0,broker,21271.0,1094.0,261.0,0.0,0.0
local,17,4,0.0,0.0,24,60.0,fifo,False,False,local,60.0,30.0,30.0,1.0,1.0,0.502361111111111,485.66101694915255,15.929535864978904,25.3,16.089830508474577,15.770588235294118,1.0,1.0,14.435185185185183,54,0.0,0.0,0,0.32625,0,local,,,,,
central,17,4,0.0,0.0,24,60.0,fifo,False,False,local,60.0,30.0,30.0,1.0,1.0,0.5005555555555555,485.66101694915255,2.523529411764707,15.100000000000001,2.8864406779661027,2.166666666666668,1.0,1.0,12.731481481481481,54,0.0,0.0,0,0.20222222222222222,0,central,20861.0,0.0,321.0,0.0,0.0
broker,17,4,0.0,0.0,24,60.0,fifo,False,False,local,60.0,30.0,30.0,1.0,1.0,0.5005555555555555,485.66101694915255,1.3512605042016816,9.56999999999996,1.2423728813559334,1.4583333333333344,1.0,1.0,12.805555555555555,54,4.0,0.0,0,0.19291666666666665,0,broker (ideal link),20748.0,0.0,261.0,0.0,0.0
broker,17,4,1.0,0.05,24,60.0,fifo,False,False,local,60.0,30.0,30.0,1.0,1.0,0.5005555555555555,485.66101694915255,1.9142857142857153,13.3,1.7593220338983062,2.0666666666666678,1.0,1.0,12.805555555555555,54,4.0,0.0,0,0.1973611111111111,0,broker,21206.0,1044.0,261.0,0.0,0.0
local,18,4,0.0,0.0,24,60.0,fifo,False,False,local,60.5,30.0,30.5,0.9836065573770492,1.0,0.5157638888888889,480.875,16.074166666666667,26.3,16.333613445378152,15.819008264462811,1.0,1.0491803278688525,13.749999999999998,51,0.0,0.0,0,0.3283333333333333,0,local,,,,,
central,18,4,0.0,0.0,24,60.0,fifo,False,False,local,60.5,30.0,30.5,0.9836065573770492,1.0,0.5145138888888889,480.875,2.17883817427386,14.3,1.7833333333333343,2.57107438016529,1.0,1.0,12.357843137254902,51,0.0,0.0,0,0.19930555555555557,0,central,20903.0,0.0,321.0,0.0,0.0
broker,18,4,0.0,0.0,24,60.0,fifo,False,False,local,60.5,30.0,30.5,0.9836065573770492,1.0,0.5145138888888889,480.875,1.2659751037344409,7.300000000000001,1.0916666666666677,1.4388429752066125,1.0,1.0,12.357843137254902,51,3.5,0.0,0,0.19180555555555556,0,broker (ideal link),20729.0,0.0,263.0,0.0,0.0
broker,18,4,1.0,0.05,24,60.0,fifo,False,False,local,60.5,30.0,30.5,0.9836065573770492,1.0,0.5146527777777778,480.875,2.0366666666666675,12.149999999999984,2.0647058823529423,2.00909090909091,1.0,1.0,12.142156862745097,51,3.0,0.0,0,0.19958333333333333,0,broker,21294.0,1045.0,263.0,0.0,0.0
local,19,4,0.0,0.0,24,60.0,fifo,False,False,local,59.5,29.5,30.0,0.9833333333333333,1.0,0.49743055555555554,484.39495798319325,15.889958158995817,25.1,15.691666666666668,16.089915966386556,1.0,1.0,14.329710144927535,46,0.0,0.0,0,0.3234722222222222,0,local,,,,,
central,19,4,0.0,0.0,24,60.0,fifo,False,False,local,59.5,29.5,30.0,0.9833333333333333,1.0,0.4974305555555556,484.39495798319325,3.463179916317993,17.1,3.383333333333334,3.543697478991598,1.0,1.0,13.003623188405797,46,0.0,0.0,0,0.20597222222222222,0,central,21195.0,0.0,313.0,0.0,0.0
broker,19,4,0.0,0.0,24,60.0,fifo,False,False,local,59.5,29.5,30.0,0.9833333333333333,1.0,0.4974305555555556,484.39495798319325,1.9778242677824278,12.219999999999995,1.8833333333333344,2.07310924369748,1.0,1.0,13.329710144927535,46,4.0,0.0,0,0.1963888888888889,0,broker (ideal link),20997.0,0.0,263.0,0.0,0.0
broker,19,4,1.0,0.05,24,60.0,fifo,False,False,local,59.5,29.5,30.0,0.9833333333333333,1.0,0.4974305555555556,484.39495798319325,2.7142259414225953,16.3,2.5250000000000012,2.905042016806724,1.0,1.0,13.134057971014492,46,3.0,0.0,0,0.2026388888888889,0,broker,21573.0,1056.0,263.0,0.0,0.0
local,20,4,0.0,0.0,24,60.0,fifo,False,False,local,60.0,30.0,30.0,1.0,1.0,0.5065277777777777,483.09166666666664,16.022689075630254,25.3,15.812605042016807,16.2327731092437,1.0,1.0,13.984848484848484,44,0.0,0.0,0,0.3219444444444444,0,local,,,,,
central,20,4,0.0,0.0,24,60.0,fifo,False,False,local,60.0,30.0,30.0,1.0,1.0,0.5058333333333334,483.09166666666664,4.341841004184102,22.12,4.07310924369748,4.608333333333334,1.0,1.0,13.212121212121211,44,0.0,0.0,0,0.20666666666666667,0,central,21248.0,0.0,314.0,0.0,0.0
broker,20,4,0.0,0.0,24,60.0,fifo,False,False,local,60.0,30.0,30.0,1.0,1.0,0.5058333333333334,483.09166666666664,1.8439330543933066,11.3,2.0058823529411773,1.6833333333333345,1.0,1.0,14.12121212121212,44,3.5,0.0,0,0.1926388888888889,0,broker (ideal link),20759.0,0.0,261.0,0.0,0.0
broker,20,4,1.0,0.05,24,60.0,fifo,False,False,local,60.0,30.0,30.0,1.0,1.0,0.5058333333333334,483.09166666666664,2.7184100418410053,14.3,3.207563025210085,2.2333333333333343,1.0,1.0,14.575757575757574,44,3.0,0.0,0,0.20083333333333334,0,broker,21338.0,1030.0,261.0,0.0,0.0
local,1,4,0.0,0.0,48,60.0,fifo,False,False,local,59.0,29.5,29.5,1.0,1.0,0.4984722222222222,486.26271186440675,16.770042194092827,27.3,16.847899159663868,16.691525423728816,1.0,1.0,16.267133956386292,107,0.0,0.0,0,0.35694444444444445,0,local,,,,,
central,1,4,0.0,0.0,48,60.0,fifo,False,False,local,58.5,29.5,29.0,0.9830508474576272,1.0,0.4995833333333333,486.26271186440675,5.284033613445379,21.449999999999978,5.604201680672269,4.963865546218488,1.0,1.0,14.771806853582554,107,0.0,0.0,0,0.25055555555555553,0,central,21581.0,0.0,374.0,0.0,0.0
broker,1,4,0.0,0.0,48,60.0,fifo,False,False,local,58.5,29.5,29.0,0.9830508474576272,1.0,0.4992361111111111,486.26271186440675,1.7565400843881867,11.139999999999999,2.064406779661018,1.4512605042016817,1.0,1.0,14.080218068535824,107,6.5,0.0,0,0.2259722222222222,0,broker (ideal link),20922.0,0.0,261.0,0.0,0.0
broker,1,4,1.0,0.05,48,60.0,fifo,False,False,local,58.5,29.5,29.0,0.9830508474576272,1.0,0.4992361111111111,486.26271186440675,2.478059071729959,14.699999999999978,2.9711864406779673,1.989075630252102,1.0,1.0,13.865264797507788,107,7.0,0.0,0,0.2301388888888889,0,broker,21481.0,1119.0,261.0,0.0,0.0
local,2,4,0.0,0.0,48,60.0,fifo,False,False,local,60.0,30.0,30.0,1.0,1.0,0.5015972222222222,477.0495867768595,16.976859504132232,30.199999999999978,17.775000000000002,16.191803278688525,1.0,1.0,17.260416666666664,96,0.0,0.0,0,0.355,0,local,,,,,
central,2,4,0.0,0.0,48,60.0,fifo,False,False,local,60.5,30.0,30.5,0.9836065573770492,1.0,0.5035416666666667,477.0495867768595,5.04688796680498,21.3,4.991666666666668,5.101652892561985,1.0,1.0,15.396048109965635,97,0.0,0.0,0,0.24375,0,central,21557.0,0.0,374.0,0.0,0.0
broker,2,4,0.0,0.0,48,60.0,fifo,False,False,local,60.5,30.0,30.5,0.9836065573770492,1.0,0.5035416666666667,477.0495867768595,1.6692946058091298,10.100000000000001,1.725000000000001,1.6140495867768605,1.0,1.0,14.468213058419243,97,6.0,0.0,0,0.22083333333333333,0,broker (ideal link),20910.0,0.0,264.0,0.0,0.0
broker,2,4,1.0,0.05,48,60.0,fifo,False,False,local,60.5,30.0,30.5,0.9836065573770492,1.0,0.5035416666666667,477.0495867768595,2.46182572614108,14.3,2.391666666666668,2.5314049586776872,1.0,1.0,15.20017182130584,97,5.0,0.0,0,0.2275,0,broker,21448.0,1045.0,264.0,0.0,0.0
local,3,4,0.0,0.0,48,60.0,fifo,False,False,local,58.5,29.0,29.5,0.9830508474576272,1.0,0.49569444444444444,490.85470085470087,16.144255319148936,26.159999999999997,16.293162393162394,15.996610169491527,1.0,1.0,16.000936329588015,89,0.0,0.0,0,0.34319444444444447,0,local,,,,,
central,3,4,0.0,0.0,48,60.0,fifo,False,False,local,59.0,29.5,29.5,1.0,1.0,0.49506944444444445,490.85470085470087,3.771794871794873,20.3,3.7803418803418816,3.7632478632478645,1.0344827586206897,1.0,14.057116104868912,89,0.0,0.0,0,0.22833333333333333,0,central,20943.0,0.0,363.0,0.0,0.0
broker,3,4,0.0,0.0,48,60.0,fifo,False,False,local,59.0,29.5,29.5,1.0,1.0,0.49506944444444445,490.85470085470087,1.6350427350427361,9.3,1.6094017094017106,1.6606837606837617,1.0344827586206897,1.0,14.371722846441946,89,9.5,0.0,0,0.2127777777777778,0,broker (ideal link),20661.0,0.0,259.0,0.0,0.0
broker,3,4,1.0,0.05,48,60.0,fifo,False,False,local,59.0,29.5,29.5,1.0,1.0,0.49506944444444445,490.85470085470087,2.335897435897437,13.3,2.1393162393162406,2.5324786324786337,1.0344827586206897,1.0,14.270599250936328,89,9.0,0.0,0,0.21819444444444444,0,broker,21165.0,1094.0,259.0,0.0,0.0
local,4,4,0.0,0.0,48,60.0,fifo,False,False,local,58.5,29.5,29.0,0.9830508474576272,1.0,0.49124999999999996,493.0683760683761,16.445762711864408,27.3,16.291596638655463,16.602564102564102,1.0,1.0,15.53030303030303,88,0.0,0.0,0,0.3438888888888889,0,local,,,,,
central,4,4,0.0,0.0,48,60.0,fifo,False,False,local,58.5,29.5,29.0,0.9830508474576272,1.0,0.49201388888888886,493.0683760683761,4.92808510638298,21.3,3.9796610169491538,5.884615384615385,1.0,1.0,14.064393939393938,88,0.0,0.0,0,0.23444444444444446,0,central,21273.0,0.0,353.0,0.0,0.0
broker,4,4,0.0,0.0,48,60.0,fifo,False,False,local,58.5,29.5,29.0,0.9830508474576272,1.0,0.49201388888888886,493.0683760683761,1.787659574468086,9.539999999999987,1.5220338983050858,2.0555555555555567,1.0,1.0,13.74621212121212,88,2.5,0.0,0,0.21305555555555555,0,broker (ideal link),20599.0,0.0,258.0,0.0,0.0
broker,4,4,1.0,0.05,48,60.0,fifo,False,False,local,58.5,29.5,29.0,0.9830508474576272,1.0,0.49201388888888886,493.0683760683761,2.651489361702129,13.539999999999987,2.437288135593221,2.8675213675213684,1.0,1.0,14.041666666666666,88,4.5,0.0,0,0.22333333333333333,0,broker,21177.0,1053.0,258.0,0.0,0.0
local,5,4,0.0,0.0,48,60.0,fifo,False,False,local,59.5,30.5,29.0,0.9508196721311475,1.0,0.5024305555555555,485.8655462184874,16.674789915966386,28.3,16.174380165289257,17.192307692307693,1.0,1.0,14.749999999999998,93,0.0,0.0,0,0.3491666666666667,0,local,,,,,
central,5,4,0.0,0.0,48,60.0,fifo,False,False,local,59.5,30.5,29.0,0.9508196721311475,1.0,0.5027777777777778,485.8655462184874,5.271428571428572,22.599999999999955,4.88032786885246,5.682758620689656,1.0,1.0,13.642473118279568,93,0.0,0.0,0,0.23902777777777778,0,central,21553.0,0.0,366.0,0.0,0.0
broker,5,4,0.0,0.0,48,60.0,fifo,False,False,local,59.5,30.5,29.0,0.9508196721311475,1.0,0.5027777777777778,485.8655462184874,1.5067226890756313,8.279999999999974,1.1180327868852469,1.9155172413793113,1.0,1.0,13.911290322580644,93,6.0,0.0,0,0.21541666666666667,0,broker (ideal link),20745.0,0.0,262.0,0.0,0.0
broker,5,4,1.0,0.05,48,60.0,fifo,False,False,local,59.5,30.5,29.0,0.9508196721311475,1.0,0.5029166666666667,485.8655462184874,2.5445378151260516,14.3,1.9131147540983617,3.2086206896551737,1.0,1.0,13.68548387096774,93,6.0,0.0,0,0.22611111111111112,0,broker,21372.0,1047.0,262.0,0.0,0.0
local,6,4,0.0,0.0,48,60.0,fifo,False,False,local,59.5,30.0,29.5,0.9833333333333333,1.0,0.5040972222222222,484.02521008403363,16.621518987341773,27.3,16.583333333333336,16.66068376068376,1.0,1.0,16.368473895582326,83,0.0,0.0,0,0.3423611111111111,0,local,,,,,
central,6,4,0.0,0.0,48,60.0,fifo,False,False,local,59.5,30.0,29.5,0.9833333333333333,1.0,0.5040972222222222,484.02521008403363,4.296624472573841,20.49999999999999,3.8546218487394968,4.742372881355934,1.0,1.0,13.380522088353413,83,0.0,0.0,0,0.22916666666666666,0,central,21466.0,0.0,358.0,0.0,0.0
broker,6,4,0.0,0.0,48,60.0,fifo,False,False,local,59.5,30.0,29.5,0.9833333333333333,1.0,0.5040972222222222,484.02521008403363,1.3936708860759504,8.100000000000001,1.1403361344537826,1.6491525423728823,1.0,1.0,14.127510040160642,83,4.0,0.0,0,0.20916666666666667,0,broker (ideal link),20796.0,0.0,263.0,0.0,0.0
broker,6,4,1.0,0.05,48,60.0,fifo,False,False,local,59.5,30.0,29.5,0.9833333333333333,1.0,0.5040972222222222,484.02521008403363,2.178481012658229,14.459999999999992,2.07310924369748,2.2847457627118652,1.0,1.0,14.970883534136545,83,5.0,0.0,0,0.21388888888888888,0,broker,21352.0,1074.0,263.0,0.0,0.0
local,7,4,0.0,0.0,48,60.0,fifo,False,False,local,59.0,29.5,29.5,1.0,1.0,0.48736111111111113,488.3613445378151,16.971186440677968,27.55,17.259322033898307,16.68305084745763,1.0,1.0,16.9280303030303,88,0.0,0.0,0,0.3438888888888889,0,local,,,,,
central,7,4,0.0,0.0,48,60.0,fifo,False,False,local,58.5,29.5,29.0,0.9830508474576272,1.0,0.4884722222222222,488.3613445378151,4.941525423728814,21.55,4.827118644067798,5.0559322033898315,1.0,1.0,15.689393939393938,88,0.0,0.0,0,0.23319444444444445,0,central,21262.0,0.0,349.0,0.0,0.0
broker,7,4,0.0,0.0,48,60.0,fifo,False,False,local,58.5,29.5,29.0,0.9830508474576272,1.0,0.4884722222222222,488.3613445378151,1.623728813559323,8.400000000000002,1.3949152542372891,1.852542372881357,1.0,1.0,14.939393939393938,88,4.0,0.0,0,0.21208333333333335,0,broker (ideal link),20571.0,0.0,258.0,0.0,0.0
broker,7,4,1.0,0.05,48,60.0,fifo,False,False,local,58.5,29.5,29.0,0.9830508474576272,1.0,0.4882638888888889,488.3613445378151,2.509322033898306,13.3,2.2254237288135603,2.793220338983052,1.0,1.0,14.632575757575756,88,6.5,0.0,0,0.22138888888888889,0,broker,21131.0,1059.0,258.0,0.0,0.0
local,8,4,0.0,0.0,48,60.0,fifo,False,False,local,57.5,29.0,28.5,0.9827586206896551,1.0,0.4832638888888889,491.9316239316239,16.895726495726496,30.3,16.97692307692308,16.814529914529917,1.0,1.0,15.974358974358973,104,0.0,0.0,0,0.3502777777777778,0,local,,,,,
central,8,4,0.0,0.0,48,60.0,fifo,False,False,local,58.0,29.0,29.0,1.0,1.0,0.48409722222222223,491.9316239316239,5.985470085470086,23.17,5.865811965811967,6.105128205128206,1.0,1.0,14.272435897435896,104,0.0,0.0,0,0.2501388888888889,0,central,21522.0,0.0,366.0,0.0,0.0
broker,8,4,0.0,0.0,48,60.0,fifo,False,False,local,58.0,29.0,29.0,1.0,1.0,0.48409722222222223,491.9316239316239,2.1264957264957274,13.649999999999995,1.9085470085470095,2.3444444444444454,1.0,1.0,13.791666666666666,104,8.5,0.0,0,0.22486111111111112,0,broker (ideal link),20798.0,0.0,258.0,0.0,0.0
broker,8,4,1.0,0.05,48,60.0,fifo,False,False,local,58.0,29.0,29.0,1.0,1.0,0.4840277777777778,491.9316239316239,2.9512820512820523,17.3,2.6863247863247874,3.2162393162393172,1.0,1.0,14.493589743589743,104,7.0,0.0,0,0.23152777777777778,0,broker,21318.0,1027.0,258.0,0.0,0.0
local,9,4,0.0,0.0,48,60.0,fifo,False,False,local,60.5,31.5,29.0,0.9206349206349206,0.9990972222222223,0.5152083333333333,477.1652892561983,16.82809917355372,29.05999999999999,16.636507936507936,17.036206896551725,1.0,1.0,15.618686868686867,99,0.0,0.0,0,0.3575,0,local,,,,,
central,9,4,0.0,0.0,48,60.0,fifo,False,False,local,60.5,31.5,29.0,0.9206349206349206,1.0,0.5163194444444444,476.73553719008265,5.089300411522634,20.3,5.1603174603174615,5.012820512820514,1.0,1.0,13.517676767676766,99,0.0,0.0,0,0.2511111111111111,0,central,21712.0,0.0,381.0,0.0,0.0
broker,9,4,0.0,0.0,48,60.0,fifo,False,False,local,60.5,31.5,29.0,0.9206349206349206,1.0,0.5163194444444444,476.73553719008265,1.9905349794238694,12.019999999999984,1.8428571428571439,2.149572649572651,1.0,1.0,13.659090909090908,99,4.0,0.0,0,0.22708333333333333,0,broker (ideal link),21139.0,0.0,266.0,0.0,0.0
broker,9,4,1.0,0.05,48,60.0,fifo,False,False,local,60.5,31.5,29.0,0.9206349206349206,1.0,0.5160416666666667,476.73553719008265,2.8053497942386842,14.3,2.7555555555555564,2.85897435897436,1.0,1.0,14.123737373737372,99,5.0,0.0,0,0.23472222222222222,0,broker,21710.0,1092.0,266.0,0.0,0.0
local,10,4,0.0,0.0,48,60.0,fifo,False,False,local,59.0,30.0,29.0,0.9666666666666667,1.0,0.4903472222222222,488.15384615384613,17.423206751054853,28.45999999999999,16.972268907563027,17.877966101694916,1.0,1.0,16.232758620689655,87,0.0,0.0,0,0.34458333333333335,0,local,,,,,
central,10,4,0.0,0.0,48,60.0,fifo,False,False,local,59.0,30.0,29.0,0.9666666666666667,1.0,0.4897916666666666,488.15384615384613,3.9042194092827014,20.3,4.3420168067226905,3.462711864406781,1.0,1.2881355932203389,13.61206896551724,87,0.0,0.0,0,0.22777777777777777,0,central,21125.0,0.0,356.0,0.0,0.0
broker,10,4,0.0,0.0,48,60.0,fifo,False,False,local,59.0,30.0,29.0,0.9666666666666667,1.0,0.4895833333333333,488.15384615384613,1.6932489451476804,11.3,1.8126050420168078,1.5728813559322044,1.0,1.0,13.46264367816092,87,3.5,0.0,0,0.2123611111111111,0,broker (ideal link),20662.0,0.0,260.0,0.0,0.0
broker,10,4,1.0,0.05,48,60.0,fifo,False,False,local,59.0,30.0,29.0,0.9666666666666667,1.0,0.4895833333333333,488.15384615384613,2.516033755274263,14.139999999999999,2.5941176470588245,2.437288135593221,1.0,1.0,14.094827586206895,87,4.0,0.0,0,0.22166666666666668,0,broker,21253.0,1070.0,260.0,0.0,0.0
local,11,4,0.0,0.0,48,60.0,fifo,False,False,local,59.5,30.0,29.5,0.9833333333333333,1.0,0.5051388888888889,482.76666666666665,16.11673640167364,23.399999999999995,15.4,16.83949579831933,1.0,1.15,14.753745318352058,89,0.0,0.0,0,0.3481944444444444,0,local,,,,,
central,11,4,0.0,0.0,48,60.0,fifo,False,False,local,59.5,30.0,29.5,0.9833333333333333,1.0,0.506736111111111,482.76666666666665,4.526778242677826,20.399999999999995,4.116666666666668,4.940336134453783,1.0,1.1666666666666667,12.944756554307116,89,0.0,0.0,0,0.23805555555555555,0,central,21337.0,0.0,360.0,0.0,0.0
broker,11,4,0.0,0.0,48,60.0,fifo,False,False,local,59.5,30.0,29.5,0.9833333333333333,1.0,0.5057638888888889,482.76666666666665,1.8050420168067238,9.3,1.4333333333333345,2.1830508474576282,1.0,1.1666666666666667,12.854868913857677,89,7.5,0.0,0,0.21736111111111112,0,broker (ideal link),20840.0,0.0,262.0,0.0,0.0
broker,11,4,1.0,0.05,48,60.0,fifo,False,False,local,59.5,30.0,29.5,0.9833333333333333,1.0,0.5057638888888889,482.76666666666665,2.5151260504201693,13.419999999999982,2.133333333333334,2.9033898305084755,1.0,1.1666666666666667,13.20318352059925,89,6.5,0.0,0,0.22361111111111112,0,broker,21350.0,1066.0,262.0,0.0,0.0
local,12,4,0.0,0.0,48,60.0,fifo,False,False,local,60.5,30.0,30.5,0.9836065573770492,1.0,0.514375,471.77685950413223,16.40857142857143,25.939999999999987,16.52786885245902,16.290243902439027,1.0,1.0,14.591924398625428,97,0.0,0.0,0,0.3601388888888889,0,local,,,,,
central,12,4,0.0,0.0,48,60.0,fifo,False,False,local,61.0,30.0,31.0,0.967741935483871,1.0,0.5140972222222222,471.77685950413223,5.74326530612245,24.259999999999998,5.249180327868854,6.233333333333334,1.0,1.0,13.983676975945016,97,0.0,0.0,0,0.25180555555555556,0,central,21949.0,0.0,376.0,0.0,0.0
broker,12,4,0.0,0.0,48,60.0,fifo,False,False,local,61.0,30.0,31.0,0.967741935483871,1.0,0.5140972222222222,471.77685950413223,1.6221311475409848,10.829999999999991,1.5278688524590174,1.716393442622952,1.0,1.0,13.27233676975945,97,11.0,0.0,0,0.2225,0,broker (ideal link),21183.0,0.0,269.0,0.0,0.0
broker,12,4,1.0,0.05,48,60.0,fifo,False,False,local,61.0,30.0,31.0,0.967741935483871,1.0,0.5140972222222222,471.77685950413223,2.4459016393442634,14.100000000000001,2.5688524590163944,2.322950819672132,1.0,1.0,13.664089347079036,97,8.0,0.0,0,0.23069444444444445,0,broker,21766.0,1059.0,269.0,0.0,0.0
local,13,4,0.0,0.0,48,60.0,fifo,False,False,local,62.0,30.5,31.5,0.9682539682539683,0.9961805555555556,0.5089583333333334,468.6747967479675,16.67327935222672,26.3,16.314754098360655,17.023200000000003,1.0,1.435483870967742,15.462962962962962,108,0.0,0.0,0,0.36833333333333335,0,local,,,,,
central,13,4,0.0,0.0,48,60.0,fifo,False,False,local,61.5,30.0,31.5,0.9523809523809523,0.9966666666666666,0.5076388888888889,468.4471544715447,7.1918699186991875,33.3,6.0603305785123975,8.2872,1.0,1.532258064516129,16.185185185185183,108,0.0,0.0,0,0.2684722222222222,0,central,22422.0,0.0,384.0,0.0,0.0
broker,13,4,0.0,0.0,48,60.0,fifo,False,False,local,61.5,30.0,31.5,0.9523809523809523,1.0,0.509375,466.8861788617886,1.5890688259109322,9.3,1.3991735537190093,1.7714285714285725,1.0,1.0634920634920635,14.851851851851851,108,6.5,0.0,0,0.2298611111111111,0,broker (ideal link),21091.0,0.0,270.0,0.0,0.0
broker,13,4,1.0,0.05,48,60.0,fifo,False,False,local,61.5,30.0,31.5,0.9523809523809523,1.0,0.5094444444444444,466.8861788617886,2.6862348178137663,14.859999999999992,2.481818181818183,2.8825396825396834,1.0,1.0634920634920635,15.888888888888888,108,7.5,0.0,0,0.24333333333333335,0,broker,21777.0,1111.0,270.0,0.0,0.0
local,14,4,0.0,0.0,48,60.0,fifo,False,False,local,58.0,29.5,28.5,0.9661016949152542,1.0,0.49520833333333336,492.1186440677966,16.91794871794872,27.1,16.716949152542373,17.122413793103448,1.0,1.0,15.238888888888887,90,0.0,0.0,0,0.3423611111111111,0,local,,,,,
central,14,4,0.0,0.0,48,60.0,fifo,False,False,local,58.5,29.5,29.0,0.9830508474576272,1.0,0.49618055555555557,492.1186440677966,5.2378723404255325,23.159999999999997,4.80420168067227,5.682758620689656,1.0,1.0,13.127777777777776,90,0.0,0.0,0,0.2351388888888889,0,central,21350.0,0.0,354.0,0.0,0.0
broker,14,4,0.0,0.0,48,60.0,fifo,False,False,local,58.5,29.5,29.0,0.9830508474576272,1.0,0.49618055555555557,492.1186440677966,1.9635193133047222,10.100000000000001,1.8126050420168078,2.1210526315789484,1.0,1.0,13.883333333333333,90,7.0,0.0,0,0.2136111111111111,0,broker (ideal link),20659.0,0.0,257.0,0.0,0.0
broker,14,4,1.0,0.05,48,60.0,fifo,False,False,local,58.0,29.5,28.5,0.9661016949152542,1.0,0.49604166666666666,492.1186440677966,3.066523605150216,17.619999999999983,2.896638655462186,3.243859649122808,1.0,1.0,14.249999999999998,90,5.0,0.0,0,0.2225,0,broker,21285.0,1094.0,257.0,0.0,0.0
local,15,4,0.0,0.0,48,60.0,fifo,False,False,local,60.0,29.5,30.5,0.9672131147540983,1.0,0.5127777777777778,480.93277310924367,17.032500000000002,28.3,17.165546218487396,16.901652892561984,1.0,1.0,17.360666666666667,125,0.0,0.0,0,0.36944444444444446,0,local,,,,,
central,15,4,0.0,0.0,48,60.0,fifo,False,False,local,60.5,30.0,30.5,0.9836065573770492,1.0,0.5127083333333333,480.93277310924367,6.449166666666668,24.349999999999984,6.426050420168068,6.471900826446282,1.0,1.0333333333333334,16.832666666666665,125,0.0,0.0,0,0.26958333333333334,0,central,21959.0,0.0,396.0,0.0,0.0
broker,15,4,0.0,0.0,48,60.0,fifo,False,False,local,60.5,30.0,30.5,0.9836065573770492,1.0,0.5115972222222223,480.93277310924367,1.6450000000000011,9.399999999999967,1.9302521008403373,1.3644628099173564,1.0,1.0,15.920666666666666,125,9.0,0.0,0,0.23694444444444446,0,broker (ideal link),20855.0,0.0,263.0,0.0,0.0
broker,15,4,1.0,0.05,48,60.0,fifo,False,False,local,60.5,30.0,30.5,0.9836065573770492,1.0,0.5115972222222223,480.93277310924367,2.757500000000001,16.3,2.9302521008403373,2.587603305785125,1.0,1.0,16.424666666666667,125,7.0,0.0,0,0.2477777777777778,0,broker,21512.0,1080.0,263.0,0.0,0.0
local,16,4,0.0,0.0,48,60.0,fifo,False,False,local,59.5,30.0,29.5,0.9833333333333333,0.9988194444444445,0.5053472222222222,484.3813559322034,16.384873949579834,27.419999999999984,16.241666666666667,16.530508474576273,1.0,1.0,16.868279569892472,93,0.0,0.0,0,0.35,0,local,,,,,
central,16,4,0.0,0.0,48,60.0,fifo,False,False,local,59.5,29.5,30.0,0.9833333333333333,1.0,0.5059027777777778,483.8487394957983,5.429707112970712,23.49999999999999,4.858333333333334,6.005882352941177,1.0,1.0,16.309139784946236,93,0.0,0.0,0,0.24222222222222223,0,central,21666.0,0.0,361.0,0.0,0.0
broker,16,4,0.0,0.0,48,60.0,fifo,False,False,local,59.5,29.5,30.0,0.9833333333333333,1.0,0.5059027777777778,483.8487394957983,1.781171548117156,12.219999999999995,1.5666666666666678,1.9974789915966398,1.0,1.0,14.620967741935482,93,6.5,0.0,0,0.21666666666666667,0,broker (ideal link),20838.0,0.0,261.0,0.0,0.0
broker,16,4,1.0,0.05,48,60.0,fifo,False,False,local,59.5,29.5,30.0,0.9833333333333333,1.0,0.5058333333333334,483.8487394957983,2.404602510460252,14.100000000000001,2.2083333333333344,2.6025210084033623,1.0,1.0,15.857526881720428,93,4.5,0.0,0,0.22236111111111112,0,broker,21304.0,1097.0,261.0,0.0,0.0
local,17,4,0.0,0.0,48,60.0,fifo,False,False,local,60.0,30.0,30.0,1.0,1.0,0.501875,485.66101694915255,16.20801687763713,25.49999999999999,16.08135593220339,16.333613445378152,1.0,1.0,14.993986254295532,97,0.0,0.0,0,0.3501388888888889,0,local,,,,,
central,17,4,0.0,0.0,48,60.0,fifo,False,False,local,60.0,30.0,30.0,1.0,1.0,0.5020138888888889,485.66101694915255,4.174789915966388,20.419999999999984,3.9457627118644076,4.400000000000001,1.11864406779661,1.0,14.447594501718212,97,0.0,0.0,0,0.2401388888888889,0,central,21325.0,0.0,376.0,0.0,0.0
broker,17,4,0.0,0.0,48,60.0,fifo,False,False,local,60.0,30.0,30.0,1.0,1.0,0.5005555555555555,485.66101694915255,1.5067226890756313,11.129999999999997,1.3440677966101706,1.6666666666666676,1.0,1.0,13.509450171821305,97,6.5,0.0,0,0.21847222222222223,0,broker (ideal link),20816.0,0.0,261.0,0.0,0.0
broker,17,4,1.0,0.05,48,60.0,fifo,False,False,local,60.0,30.0,30.0,1.0,1.0,0.5005555555555555,485.66101694915255,1.9941176470588247,13.129999999999997,1.8016949152542383,2.1833333333333345,1.0,1.0,14.158934707903779,97,6.5,0.0,0,0.2225,0,broker,21274.0,1045.0,261.0,0.0,0.0
local,18,4,0.0,0.0,48,60.0,fifo,False,False,local,60.5,30.0,30.5,0.9836065573770492,1.0,0.5157638888888889,480.875,17.199166666666667,30.349999999999984,17.409243697478992,16.992561983471074,1.0677966101694916,1.0655737704918034,15.746453900709218,94,0.0,0.0,0,0.3522222222222222,0,local,,,,,
central,18,4,0.0,0.0,48,60.0,fifo,False,False,local,60.5,30.0,30.5,0.9836065573770492,1.0,0.5145138888888889,480.875,5.319917012448133,21.3,5.250000000000001,5.389256198347108,1.0,1.0,14.203900709219857,94,0.0,0.0,0,0.24458333333333335,0,central,21583.0,0.0,366.0,0.0,0.0
broker,18,4,0.0,0.0,48,60.0,fifo,False,False,local,60.5,30.0,30.5,0.9836065573770492,1.0,0.5145138888888889,480.875,1.4319502074688808,10.100000000000001,1.250000000000001,1.612396694214877,1.0,1.0,13.937943262411347,94,6.0,0.0,0,0.21694444444444444,0,broker (ideal link),20836.0,0.0,263.0,0.0,0.0
broker,18,4,1.0,0.05,48,60.0,fifo,False,False,local,60.5,30.0,30.5,0.9836065573770492,1.0,0.5146527777777778,480.875,2.1991666666666676,13.339999999999987,2.241176470588236,2.1578512396694225,1.0,1.0,14.214539007092197,94,6.5,0.0,0,0.22555555555555556,0,broker,21408.0,1053.0,263.0,0.0,0.0
local,19,4,0.0,0.0,48,60.0,fifo,False,False,local,59.5,29.5,30.0,0.9833333333333333,1.0,0.49743055555555554,484.39495798319325,16.584518828451884,27.12,16.85,16.316806722689076,1.0,1.0,15.608585858585856,99,0.0,0.0,0,0.35291666666666666,0,local,,,,,
central,19,4,0.0,0.0,48,60.0,fifo,False,False,local,59.5,29.5,30.0,0.9833333333333333,1.0,0.4974305555555556,484.39495798319325,4.843933054393307,21.12,4.383333333333335,5.3084033613445385,1.0,1.0,14.72979797979798,99,0.0,0.0,0,0.24638888888888888,0,central,21503.0,0.0,374.0,0.0,0.0
broker,19,4,0.0,0.0,48,60.0,fifo,False,False,local,59.5,29.5,30.0,0.9833333333333333,1.0,0.4974305555555556,484.39495798319325,2.0447698744769887,13.3,1.9416666666666678,2.1487394957983206,1.0,1.0,13.99242424242424,99,7.0,0.0,0,0.22611111111111112,0,broker (ideal link),21033.0,0.0,263.0,0.0,0.0
broker,19,4,1.0,0.05,48,60.0,fifo,False,False,local,59.5,29.5,30.0,0.9833333333333333,1.0,0.4974305555555556,484.39495798319325,2.6598326359832645,15.100000000000001,2.425000000000001,2.896638655462186,1.0,1.0,14.426767676767676,99,6.5,0.0,0,0.23166666666666666,0,broker,21560.0,1054.0,263.0,0.0,0.0
local,20,4,0.0,0.0,48,60.0,fifo,False,False,local,60.0,30.0,30.0,1.0,1.0,0.5065277777777777,483.09166666666664,16.556302521008405,28.3,16.552100840336134,16.560504201680672,1.0,1.0,15.83080808080808,99,0.0,0.0,0,0.3525,0,local,,,,,
central,20,4,0.0,0.0,48,60.0,fifo,False,False,local,60.0,30.0,30.0,1.0,1.0,0.5058333333333334,483.09166666666664,5.20376569037657,24.79999999999996,5.140336134453783,5.2666666666666675,1.0,1.0,14.760101010101009,99,0.0,0.0,0,0.2425,0,central,21496.0,0.0,367.0,0.0,0.0
broker,20,4,0.0,0.0,48,60.0,fifo,False,False,local,60.0,30.0,30.0,1.0,1.0,0.5058333333333334,483.09166666666664,1.7644351464435157,10.219999999999995,1.6781512605042028,1.850000000000001,1.0,1.0,14.659090909090908,99,7.5,0.0,0,0.22277777777777777,0,broker (ideal link),20733.0,0.0,261.0,0.0,0.0
broker,20,4,1.0,0.05,48,60.0,fifo,False,False,local,60.0,30.0,30.0,1.0,1.0,0.5058333333333334,483.09166666666664,2.9192468619246874,15.199999999999996,3.34201680672269,2.500000000000001,1.0,1.0,14.325757575757574,99,5.5,0.0,0,0.23291666666666666,0,broker,21421.0,1038.0,261.0,0.0,0.0
