tag,seed,t_bin,loads,delay_mean_s
no outage,1,0.0,0,
no outage,1,120.0,0,0.10000000000000142
no outage,1,240.0,2,2.950000000000001
no outage,1,360.0,2,6.700000000000001
no outage,1,480.0,2,5.700000000000001
no outage,1,600.0,2,1.450000000000001
no outage,1,720.0,2,4.450000000000001
no outage,1,840.0,2,3.780000000000001
no outage,1,960.0,3,8.700000000000001
no outage,1,1080.0,2,0.20000000000000107
no outage,1,1200.0,2,0.23333333333333428
no outage,1,1320.0,1,6.580000000000001
no outage,1,1440.0,3,2.200000000000001
no outage,1,1560.0,2,0.20000000000000107
no outage,1,1680.0,2,3.700000000000001
no outage,1,1800.0,3,0.45000000000000107
no outage,1,1920.0,1,6.200000000000001
no outage,1,2040.0,2,2.700000000000001
no outage,1,2160.0,2,0.20000000000000107
no outage,1,2280.0,3,0.36666666666666775
no outage,1,2400.0,2,0.45000000000000107
no outage,1,2520.0,2,0.23333333333333428
no outage,1,2640.0,2,2.950000000000001
no outage,1,2760.0,2,0.16666666666666785
no outage,1,2880.0,1,0.20000000000000107
no outage,1,3000.0,2,0.9000000000000009
no outage,1,3120.0,1,2.950000000000001
no outage,1,3240.0,2,2.700000000000001
no outage,1,3360.0,2,0.45000000000000107
no outage,1,3480.0,2,0.9500000000000011
no outage,1,3600.0,2,0.20000000000000107
no outage,1,3720.0,2,1.950000000000001
no outage,1,3840.0,2,0.16666666666666785
no outage,1,3960.0,2,8.420000000000002
no outage,1,4080.0,2,0.20000000000000107
no outage,1,4200.0,2,1.950000000000001
no outage,1,4320.0,2,10.166666666666668
no outage,1,4440.0,2,0.16666666666666785
no outage,1,4560.0,2,5.820000000000001
no outage,1,4680.0,2,0.20000000000000107
no outage,1,4800.0,2,1.2333333333333343
no outage,1,4920.0,1,3.4000000000000012
no outage,1,5040.0,3,1.0000000000000009
no outage,1,5160.0,2,2.1500000000000012
no outage,1,5280.0,2,0.2500000000000009
no outage,1,5400.0,2,9.833333333333334
no outage,1,5520.0,1,1.020000000000001
no outage,1,5640.0,2,0.16666666666666785
no outage,1,5760.0,2,0.20000000000000107
no outage,1,5880.0,2,0.20000000000000107
no outage,1,6000.0,2,1.450000000000001
no outage,1,6120.0,2,0.20000000000000107
no outage,1,6240.0,2,0.20000000000000107
no outage,1,6360.0,2,1.5333333333333343
no outage,1,6480.0,3,4.500000000000001
no outage,1,6600.0,2,10.5
no outage,1,6720.0,2,4.450000000000001
no outage,1,6840.0,2,0.16666666666666785
no outage,1,6960.0,2,1.820000000000001
no outage,1,7080.0,1,2.700000000000001
no outage,1,7200.0,2,0.7000000000000011
no outage,1,7320.0,2,2.166666666666668
no outage,1,7440.0,2,0.620000000000001
no outage,1,7560.0,2,2.450000000000001
no outage,1,7680.0,2,0.20000000000000107
no outage,1,7800.0,2,1.450000000000001
no outage,1,7920.0,2,4.380000000000001
"outage, fallback to local rules",1,0.0,0,
"outage, fallback to local rules",1,120.0,0,0.10000000000000142
"outage, fallback to local rules",1,240.0,2,2.950000000000001
"outage, fallback to local rules",1,360.0,2,6.700000000000001
"outage, fallback to local rules",1,480.0,2,5.700000000000001
"outage, fallback to local rules",1,600.0,2,1.450000000000001
"outage, fallback to local rules",1,720.0,2,4.450000000000001
"outage, fallback to local rules",1,840.0,2,3.780000000000001
"outage, fallback to local rules",1,960.0,3,8.700000000000001
"outage, fallback to local rules",1,1080.0,2,0.20000000000000107
"outage, fallback to local rules",1,1200.0,2,0.23333333333333428
"outage, fallback to local rules",1,1320.0,1,6.580000000000001
"outage, fallback to local rules",1,1440.0,3,2.200000000000001
"outage, fallback to local rules",1,1560.0,2,0.20000000000000107
"outage, fallback to local rules",1,1680.0,2,3.700000000000001
"outage, fallback to local rules",1,1800.0,3,0.45000000000000107
"outage, fallback to local rules",1,1920.0,1,6.200000000000001
"outage, fallback to local rules",1,2040.0,2,2.700000000000001
"outage, fallback to local rules",1,2160.0,2,0.20000000000000107
"outage, fallback to local rules",1,2280.0,3,0.36666666666666775
"outage, fallback to local rules",1,2400.0,2,0.45000000000000107
"outage, fallback to local rules",1,2520.0,2,0.23333333333333428
"outage, fallback to local rules",1,2640.0,2,3.8333333333333344
"outage, fallback to local rules",1,2760.0,1,14.950000000000001
"outage, fallback to local rules",1,2880.0,2,18.233333333333334
"outage, fallback to local rules",1,3000.0,2,14.200000000000001
"outage, fallback to local rules",1,3120.0,1,14.450000000000001
"outage, fallback to local rules",1,3240.0,2,15.700000000000001
"outage, fallback to local rules",1,3360.0,2,2.950000000000001
"outage, fallback to local rules",1,3480.0,2,0.20000000000000107
"outage, fallback to local rules",1,3600.0,2,0.20000000000000107
"outage, fallback to local rules",1,3720.0,2,1.950000000000001
"outage, fallback to local rules",1,3840.0,2,0.16666666666666785
"outage, fallback to local rules",1,3960.0,2,8.420000000000002
"outage, fallback to local rules",1,4080.0,2,0.20000000000000107
"outage, fallback to local rules",1,4200.0,2,1.450000000000001
"outage, fallback to local rules",1,4320.0,2,10.166666666666668
"outage, fallback to local rules",1,4440.0,2,0.16666666666666785
"outage, fallback to local rules",1,4560.0,2,5.820000000000001
"outage, fallback to local rules",1,4680.0,2,0.20000000000000107
"outage, fallback to local rules",1,4800.0,2,0.9000000000000009
"outage, fallback to local rules",1,4920.0,1,3.4000000000000012
"outage, fallback to local rules",1,5040.0,3,1.0000000000000009
"outage, fallback to local rules",1,5160.0,2,2.1500000000000012
"outage, fallback to local rules",1,5280.0,2,0.2500000000000009
"outage, fallback to local rules",1,5400.0,2,9.833333333333334
"outage, fallback to local rules",1,5520.0,1,1.020000000000001
"outage, fallback to local rules",1,5640.0,2,0.16666666666666785
"outage, fallback to local rules",1,5760.0,2,0.20000000000000107
"outage, fallback to local rules",1,5880.0,2,0.20000000000000107
"outage, fallback to local rules",1,6000.0,2,0.9500000000000011
"outage, fallback to local rules",1,6120.0,2,0.20000000000000107
"outage, fallback to local rules",1,6240.0,2,0.20000000000000107
"outage, fallback to local rules",1,6360.0,2,1.5333333333333343
"outage, fallback to local rules",1,6480.0,3,4.500000000000001
"outage, fallback to local rules",1,6600.0,2,11.0
"outage, fallback to local rules",1,6720.0,2,4.200000000000001
"outage, fallback to local rules",1,6840.0,2,0.16666666666666785
"outage, fallback to local rules",1,6960.0,2,2.220000000000001
"outage, fallback to local rules",1,7080.0,1,2.700000000000001
"outage, fallback to local rules",1,7200.0,2,0.7000000000000011
"outage, fallback to local rules",1,7320.0,2,2.166666666666668
"outage, fallback to local rules",1,7440.0,2,0.420000000000001
"outage, fallback to local rules",1,7560.0,2,2.950000000000001
"outage, fallback to local rules",1,7680.0,2,0.20000000000000107
"outage, fallback to local rules",1,7800.0,2,1.450000000000001
"outage, fallback to local rules",1,7920.0,2,4.380000000000001
"outage, fail-safe stop",1,0.0,0,
"outage, fail-safe stop",1,120.0,0,0.10000000000000142
"outage, fail-safe stop",1,240.0,2,2.950000000000001
"outage, fail-safe stop",1,360.0,2,6.700000000000001
"outage, fail-safe stop",1,480.0,2,5.700000000000001
"outage, fail-safe stop",1,600.0,2,1.450000000000001
"outage, fail-safe stop",1,720.0,2,4.450000000000001
"outage, fail-safe stop",1,840.0,2,3.780000000000001
"outage, fail-safe stop",1,960.0,3,8.700000000000001
"outage, fail-safe stop",1,1080.0,2,0.20000000000000107
"outage, fail-safe stop",1,1200.0,2,0.23333333333333428
"outage, fail-safe stop",1,1320.0,1,6.580000000000001
"outage, fail-safe stop",1,1440.0,3,2.200000000000001
"outage, fail-safe stop",1,1560.0,2,0.20000000000000107
"outage, fail-safe stop",1,1680.0,2,3.700000000000001
"outage, fail-safe stop",1,1800.0,3,0.45000000000000107
"outage, fail-safe stop",1,1920.0,1,6.200000000000001
"outage, fail-safe stop",1,2040.0,2,2.700000000000001
"outage, fail-safe stop",1,2160.0,2,0.20000000000000107
"outage, fail-safe stop",1,2280.0,3,0.36666666666666775
"outage, fail-safe stop",1,2400.0,2,0.45000000000000107
"outage, fail-safe stop",1,2520.0,2,0.23333333333333428
"outage, fail-safe stop",1,2640.0,2,0.20000000000000107
"outage, fail-safe stop",1,2760.0,0,
"outage, fail-safe stop",1,2880.0,0,
"outage, fail-safe stop",1,3000.0,0,
"outage, fail-safe stop",1,3120.0,0,
"outage, fail-safe stop",1,3240.0,0,612.1
"outage, fail-safe stop",1,3360.0,1,534.0142857142857
"outage, fail-safe stop",1,3480.0,4,0.3000000000000007
"outage, fail-safe stop",1,3600.0,1,0.20000000000000107
"outage, fail-safe stop",1,3720.0,2,0.16666666666666785
"outage, fail-safe stop",1,3840.0,2,0.20000000000000107
"outage, fail-safe stop",1,3960.0,2,5.566666666666667
"outage, fail-safe stop",1,4080.0,1,0.9500000000000011
"outage, fail-safe stop",1,4200.0,2,1.950000000000001
"outage, fail-safe stop",1,4320.0,2,0.3800000000000011
"outage, fail-safe stop",1,4440.0,3,0.45000000000000107
"outage, fail-safe stop",1,4560.0,2,2.2333333333333343
"outage, fail-safe stop",1,4680.0,2,0.20000000000000107
"outage, fail-safe stop",1,4800.0,1,1.200000000000001
"outage, fail-safe stop",1,4920.0,2,0.16666666666666785
"outage, fail-safe stop",1,5040.0,2,3.620000000000001
"outage, fail-safe stop",1,5160.0,2,0.20000000000000107
"outage, fail-safe stop",1,5280.0,2,0.7000000000000011
"outage, fail-safe stop",1,5400.0,2,4.500000000000001
"outage, fail-safe stop",1,5520.0,2,0.20000000000000107
"outage, fail-safe stop",1,5640.0,2,0.20000000000000107
"outage, fail-safe stop",1,5760.0,2,1.5666666666666675
"outage, fail-safe stop",1,5880.0,2,0.3800000000000011
"outage, fail-safe stop",1,6000.0,2,2.900000000000001
"outage, fail-safe stop",1,6120.0,2,0.20000000000000107
"outage, fail-safe stop",1,6240.0,2,0.20000000000000107
"outage, fail-safe stop",1,6360.0,2,0.15000000000000124
"outage, fail-safe stop",1,6480.0,2,2.000000000000001
"outage, fail-safe stop",1,6600.0,1,0.20000000000000107
"outage, fail-safe stop",1,6720.0,2,2.9800000000000013
"outage, fail-safe stop",1,6840.0,3,0.20000000000000107
"outage, fail-safe stop",1,6960.0,3,1.950000000000001
"outage, fail-safe stop",1,7080.0,1,0.5666666666666677
"outage, fail-safe stop",1,7200.0,1,3.450000000000001
"outage, fail-safe stop",1,7320.0,2,0.20000000000000107
"outage, fail-safe stop",1,7440.0,2,0.3800000000000011
"outage, fail-safe stop",1,7560.0,3,6.900000000000001
"outage, fail-safe stop",1,7680.0,1,3.450000000000001
"outage, fail-safe stop",1,7800.0,2,0.18000000000000113
"outage, fail-safe stop",1,7920.0,3,3.620000000000001
no outage,2,0.0,0,
no outage,2,120.0,0,0.10000000000000142
no outage,2,240.0,2,0.45000000000000107
no outage,2,360.0,2,0.23333333333333428
no outage,2,480.0,2,0.16666666666666785
no outage,2,600.0,2,1.980000000000001
no outage,2,720.0,2,1.900000000000001
no outage,2,840.0,2,0.3800000000000011
no outage,2,960.0,2,0.20000000000000107
no outage,2,1080.0,2,0.23333333333333428
no outage,2,1200.0,2,0.7800000000000011
no outage,2,1320.0,2,2.220000000000001
no outage,2,1440.0,2,4.450000000000001
no outage,2,1560.0,3,1.450000000000001
no outage,2,1680.0,1,3.700000000000001
no outage,2,1800.0,2,5.200000000000001
no outage,2,1920.0,2,4.166666666666668
no outage,2,2040.0,2,3.450000000000001
no outage,2,2160.0,2,1.0000000000000009
no outage,2,2280.0,2,0.16666666666666785
no outage,2,2400.0,2,3.700000000000001
no outage,2,2520.0,2,4.650000000000001
no outage,2,2640.0,2,0.220000000000001
no outage,2,2760.0,2,0.45000000000000107
no outage,2,2880.0,2,5.420000000000001
no outage,2,3000.0,2,1.200000000000001
no outage,2,3120.0,2,5.450000000000001
no outage,2,3240.0,2,0.7000000000000011
no outage,2,3360.0,2,3.200000000000001
no outage,2,3480.0,2,3.950000000000001
no outage,2,3600.0,2,5.980000000000001
no outage,2,3720.0,3,1.1666666666666679
no outage,2,3840.0,2,0.820000000000001
no outage,2,3960.0,2,0.20000000000000107
no outage,2,4080.0,2,4.450000000000001
no outage,2,4200.0,2,0.23333333333333428
no outage,2,4320.0,2,1.200000000000001
no outage,2,4440.0,1,1.200000000000001
no outage,2,4560.0,2,0.20000000000000107
no outage,2,4680.0,2,0.45000000000000107
no outage,2,4800.0,3,1.950000000000001
no outage,2,4920.0,1,2.950000000000001
no outage,2,5040.0,2,0.3800000000000011
no outage,2,5160.0,3,3.950000000000001
no outage,2,5280.0,2,1.020000000000001
no outage,2,5400.0,2,0.7000000000000011
no outage,2,5520.0,2,0.7000000000000011
no outage,2,5640.0,2,0.16666666666666785
no outage,2,5760.0,2,2.950000000000001
no outage,2,5880.0,2,1.3666666666666678
no outage,2,6000.0,3,5.950000000000001
no outage,2,6120.0,2,0.7000000000000011
no outage,2,6240.0,2,0.20000000000000107
no outage,2,6360.0,2,0.23333333333333428
no outage,2,6480.0,1,0.45000000000000107
no outage,2,6600.0,2,1.700000000000001
no outage,2,6720.0,2,7.200000000000001
no outage,2,6840.0,2,1.950000000000001
no outage,2,6960.0,2,0.20000000000000107
no outage,2,7080.0,2,2.450000000000001
no outage,2,7200.0,2,9.833333333333334
no outage,2,7320.0,2,11.700000000000001
no outage,2,7440.0,2,7.380000000000001
no outage,2,7560.0,2,2.820000000000001
no outage,2,7680.0,2,1.5666666666666675
no outage,2,7800.0,2,1.980000000000001
no outage,2,7920.0,3,1.020000000000001
"outage, fallback to local rules",2,0.0,0,
"outage, fallback to local rules",2,120.0,0,0.10000000000000142
"outage, fallback to local rules",2,240.0,2,0.45000000000000107
"outage, fallback to local rules",2,360.0,2,0.23333333333333428
"outage, fallback to local rules",2,480.0,2,0.16666666666666785
"outage, fallback to local rules",2,600.0,2,1.980000000000001
"outage, fallback to local rules",2,720.0,2,1.900000000000001
"outage, fallback to local rules",2,840.0,2,0.3800000000000011
"outage, fallback to local rules",2,960.0,2,0.20000000000000107
"outage, fallback to local rules",2,1080.0,2,0.23333333333333428
"outage, fallback to local rules",2,1200.0,2,0.7800000000000011
"outage, fallback to local rules",2,1320.0,2,2.220000000000001
"outage, fallback to local rules",2,1440.0,2,4.450000000000001
"outage, fallback to local rules",2,1560.0,3,1.450000000000001
"outage, fallback to local rules",2,1680.0,1,3.700000000000001
"outage, fallback to local rules",2,1800.0,2,5.200000000000001
"outage, fallback to local rules",2,1920.0,2,4.166666666666668
"outage, fallback to local rules",2,2040.0,2,3.450000000000001
"outage, fallback to local rules",2,2160.0,2,1.0000000000000009
"outage, fallback to local rules",2,2280.0,2,0.16666666666666785
"outage, fallback to local rules",2,2400.0,2,3.700000000000001
"outage, fallback to local rules",2,2520.0,2,4.650000000000001
"outage, fallback to local rules",2,2640.0,2,4.500000000000001
"outage, fallback to local rules",2,2760.0,2,14.580000000000002
"outage, fallback to local rules",2,2880.0,2,16.200000000000003
"outage, fallback to local rules",2,3000.0,2,14.200000000000001
"outage, fallback to local rules",2,3120.0,2,19.950000000000003
"outage, fallback to local rules",2,3240.0,2,11.950000000000001
"outage, fallback to local rules",2,3360.0,2,2.620000000000001
"outage, fallback to local rules",2,3480.0,2,4.200000000000001
"outage, fallback to local rules",2,3600.0,2,5.780000000000001
"outage, fallback to local rules",2,3720.0,3,1.1666666666666679
"outage, fallback to local rules",2,3840.0,2,0.820000000000001
"outage, fallback to local rules",2,3960.0,2,0.20000000000000107
"outage, fallback to local rules",2,4080.0,2,4.450000000000001
"outage, fallback to local rules",2,4200.0,2,0.23333333333333428
"outage, fallback to local rules",2,4320.0,2,1.200000000000001
"outage, fallback to local rules",2,4440.0,1,1.700000000000001
"outage, fallback to local rules",2,4560.0,2,0.20000000000000107
"outage, fallback to local rules",2,4680.0,2,0.45000000000000107
"outage, fallback to local rules",2,4800.0,3,1.950000000000001
"outage, fallback to local rules",2,4920.0,1,2.950000000000001
"outage, fallback to local rules",2,5040.0,2,0.3800000000000011
"outage, fallback to local rules",2,5160.0,3,3.700000000000001
"outage, fallback to local rules",2,5280.0,2,0.820000000000001
"outage, fallback to local rules",2,5400.0,2,0.7000000000000011
"outage, fallback to local rules",2,5520.0,2,0.9500000000000011
"outage, fallback to local rules",2,5640.0,2,0.16666666666666785
"outage, fallback to local rules",2,5760.0,2,1.950000000000001
"outage, fallback to local rules",2,5880.0,2,0.36666666666666775
"outage, fallback to local rules",2,6000.0,3,3.450000000000001
"outage, fallback to local rules",2,6120.0,2,0.7000000000000011
"outage, fallback to local rules",2,6240.0,2,0.20000000000000107
"outage, fallback to local rules",2,6360.0,2,0.23333333333333428
"outage, fallback to local rules",2,6480.0,1,0.45000000000000107
"outage, fallback to local rules",2,6600.0,2,1.200000000000001
"outage, fallback to local rules",2,6720.0,2,8.700000000000001
"outage, fallback to local rules",2,6840.0,2,2.450000000000001
"outage, fallback to local rules",2,6960.0,2,0.20000000000000107
"outage, fallback to local rules",2,7080.0,2,2.450000000000001
"outage, fallback to local rules",2,7200.0,2,9.833333333333334
"outage, fallback to local rules",2,7320.0,2,11.700000000000001
"outage, fallback to local rules",2,7440.0,2,7.380000000000001
"outage, fallback to local rules",2,7560.0,2,2.820000000000001
"outage, fallback to local rules",2,7680.0,2,1.2333333333333343
"outage, fallback to local rules",2,7800.0,2,2.180000000000001
"outage, fallback to local rules",2,7920.0,3,1.020000000000001
"outage, fail-safe stop",2,0.0,0,
"outage, fail-safe stop",2,120.0,0,0.10000000000000142
"outage, fail-safe stop",2,240.0,2,0.45000000000000107
"outage, fail-safe stop",2,360.0,2,0.23333333333333428
"outage, fail-safe stop",2,480.0,2,0.16666666666666785
"outage, fail-safe stop",2,600.0,2,1.980000000000001
"outage, fail-safe stop",2,720.0,2,1.900000000000001
"outage, fail-safe stop",2,840.0,2,0.3800000000000011
"outage, fail-safe stop",2,960.0,2,0.20000000000000107
"outage, fail-safe stop",2,1080.0,2,0.23333333333333428
"outage, fail-safe stop",2,1200.0,2,0.7800000000000011
"outage, fail-safe stop",2,1320.0,2,2.220000000000001
"outage, fail-safe stop",2,1440.0,2,4.450000000000001
"outage, fail-safe stop",2,1560.0,3,1.450000000000001
"outage, fail-safe stop",2,1680.0,1,3.700000000000001
"outage, fail-safe stop",2,1800.0,2,5.200000000000001
"outage, fail-safe stop",2,1920.0,2,4.166666666666668
"outage, fail-safe stop",2,2040.0,2,3.450000000000001
"outage, fail-safe stop",2,2160.0,2,1.0000000000000009
"outage, fail-safe stop",2,2280.0,2,0.16666666666666785
"outage, fail-safe stop",2,2400.0,2,3.700000000000001
"outage, fail-safe stop",2,2520.0,2,4.650000000000001
"outage, fail-safe stop",2,2640.0,2,0.23333333333333428
"outage, fail-safe stop",2,2760.0,1,
"outage, fail-safe stop",2,2880.0,0,
"outage, fail-safe stop",2,3000.0,0,
"outage, fail-safe stop",2,3120.0,0,
"outage, fail-safe stop",2,3240.0,0,558.1
"outage, fail-safe stop",2,3360.0,1,581.3285714285714
"outage, fail-safe stop",2,3480.0,3,2.3000000000000007
"outage, fail-safe stop",2,3600.0,1,0.20000000000000107
"outage, fail-safe stop",2,3720.0,2,1.450000000000001
"outage, fail-safe stop",2,3840.0,2,3.200000000000001
"outage, fail-safe stop",2,3960.0,2,2.950000000000001
"outage, fail-safe stop",2,4080.0,3,0.20000000000000107
"outage, fail-safe stop",2,4200.0,2,0.7800000000000011
"outage, fail-safe stop",2,4320.0,2,1.450000000000001
"outage, fail-safe stop",2,4440.0,2,0.220000000000001
"outage, fail-safe stop",2,4560.0,2,5.450000000000001
"outage, fail-safe stop",2,4680.0,2,0.16666666666666785
"outage, fail-safe stop",2,4800.0,2,1.020000000000001
"outage, fail-safe stop",2,4920.0,2,0.16666666666666785
"outage, fail-safe stop",2,5040.0,2,1.200000000000001
"outage, fail-safe stop",2,5160.0,2,0.20000000000000107
"outage, fail-safe stop",2,5280.0,2,0.20000000000000107
"outage, fail-safe stop",2,5400.0,2,0.23333333333333428
"outage, fail-safe stop",2,5520.0,1,2.950000000000001
"outage, fail-safe stop",2,5640.0,3,1.7800000000000011
"outage, fail-safe stop",2,5760.0,2,4.700000000000001
"outage, fail-safe stop",2,5880.0,2,0.420000000000001
"outage, fail-safe stop",2,6000.0,2,3.450000000000001
"outage, fail-safe stop",2,6120.0,2,0.7000000000000011
"outage, fail-safe stop",2,6240.0,2,0.20000000000000107
"outage, fail-safe stop",2,6360.0,2,0.20000000000000107
"outage, fail-safe stop",2,6480.0,2,2.780000000000001
"outage, fail-safe stop",2,6600.0,3,13.45
"outage, fail-safe stop",2,6720.0,2,1.700000000000001
"outage, fail-safe stop",2,6840.0,2,3.700000000000001
"outage, fail-safe stop",2,6960.0,2,0.7000000000000011
"outage, fail-safe stop",2,7080.0,2,6.566666666666667
"outage, fail-safe stop",2,7200.0,2,1.450000000000001
"outage, fail-safe stop",2,7320.0,1,0.20000000000000107
"outage, fail-safe stop",2,7440.0,2,5.200000000000001
"outage, fail-safe stop",2,7560.0,2,0.20000000000000107
"outage, fail-safe stop",2,7680.0,2,0.45000000000000107
"outage, fail-safe stop",2,7800.0,2,2.950000000000001
"outage, fail-safe stop",2,7920.0,2,5.950000000000001
no outage,3,0.0,0,
no outage,3,120.0,0,0.10000000000000142
no outage,3,240.0,2,1.950000000000001
no outage,3,360.0,2,0.8333333333333345
no outage,3,480.0,3,3.020000000000001
no outage,3,600.0,2,0.16666666666666785
no outage,3,720.0,1,2.020000000000001
no outage,3,840.0,2,0.15000000000000124
no outage,3,960.0,3,0.5000000000000009
no outage,3,1080.0,1,0.7000000000000011
no outage,3,1200.0,2,1.7800000000000011
no outage,3,1320.0,2,0.20000000000000107
no outage,3,1440.0,2,1.5666666666666675
no outage,3,1560.0,1,3.200000000000001
no outage,3,1680.0,2,11.700000000000001
no outage,3,1800.0,2,0.20000000000000107
no outage,3,1920.0,2,0.20000000000000107
no outage,3,2040.0,2,0.20000000000000107
no outage,3,2160.0,2,12.45
no outage,3,2280.0,2,3.450000000000001
no outage,3,2400.0,2,0.9500000000000011
no outage,3,2520.0,2,0.45000000000000107
no outage,3,2640.0,2,0.20000000000000107
no outage,3,2760.0,2,2.450000000000001
no outage,3,2880.0,2,0.20000000000000107
no outage,3,3000.0,2,0.20000000000000107
no outage,3,3120.0,2,0.16666666666666785
no outage,3,3240.0,2,1.700000000000001
no outage,3,3360.0,2,0.7000000000000011
no outage,3,3480.0,2,0.20000000000000107
no outage,3,3600.0,2,2.820000000000001
no outage,3,3720.0,2,1.700000000000001
no outage,3,3840.0,2,1.200000000000001
no outage,3,3960.0,2,1.700000000000001
no outage,3,4080.0,2,0.16666666666666785
no outage,3,4200.0,2,3.420000000000001
no outage,3,4320.0,2,2.8333333333333344
no outage,3,4440.0,2,0.20000000000000107
no outage,3,4560.0,2,5.7
no outage,3,4680.0,2,0.45000000000000107
no outage,3,4800.0,2,0.820000000000001
no outage,3,4920.0,2,2.8333333333333344
no outage,3,5040.0,2,1.200000000000001
no outage,3,5160.0,1,11.950000000000001
no outage,3,5280.0,2,6.900000000000001
no outage,3,5400.0,2,1.5800000000000012
no outage,3,5520.0,2,1.2333333333333343
no outage,3,5640.0,2,0.18000000000000113
no outage,3,5760.0,2,1.200000000000001
no outage,3,5880.0,2,1.620000000000001
no outage,3,6000.0,2,0.23333333333333428
no outage,3,6120.0,1,3.5000000000000013
no outage,3,6240.0,2,0.20000000000000107
no outage,3,6360.0,2,0.20000000000000107
no outage,3,6480.0,2,1.450000000000001
no outage,3,6600.0,3,1.3800000000000012
no outage,3,6720.0,2,0.20000000000000107
no outage,3,6840.0,1,4.950000000000001
no outage,3,6960.0,3,3.3800000000000012
no outage,3,7080.0,2,0.23333333333333428
no outage,3,7200.0,2,2.3800000000000012
no outage,3,7320.0,2,0.220000000000001
no outage,3,7440.0,2,1.900000000000001
no outage,3,7560.0,1,0.15000000000000124
no outage,3,7680.0,3,4.250000000000001
no outage,3,7800.0,2,1.450000000000001
no outage,3,7920.0,3,0.16666666666666785
"outage, fallback to local rules",3,0.0,0,
"outage, fallback to local rules",3,120.0,0,0.10000000000000142
"outage, fallback to local rules",3,240.0,2,1.950000000000001
"outage, fallback to local rules",3,360.0,2,0.8333333333333345
"outage, fallback to local rules",3,480.0,3,3.020000000000001
"outage, fallback to local rules",3,600.0,2,0.16666666666666785
"outage, fallback to local rules",3,720.0,1,2.020000000000001
"outage, fallback to local rules",3,840.0,2,0.15000000000000124
"outage, fallback to local rules",3,960.0,3,0.5000000000000009
"outage, fallback to local rules",3,1080.0,1,0.7000000000000011
"outage, fallback to local rules",3,1200.0,2,1.7800000000000011
"outage, fallback to local rules",3,1320.0,2,0.20000000000000107
"outage, fallback to local rules",3,1440.0,2,1.5666666666666675
"outage, fallback to local rules",3,1560.0,1,3.200000000000001
"outage, fallback to local rules",3,1680.0,2,11.700000000000001
"outage, fallback to local rules",3,1800.0,2,0.20000000000000107
"outage, fallback to local rules",3,1920.0,2,0.20000000000000107
"outage, fallback to local rules",3,2040.0,2,0.20000000000000107
"outage, fallback to local rules",3,2160.0,2,12.45
"outage, fallback to local rules",3,2280.0,2,3.450000000000001
"outage, fallback to local rules",3,2400.0,2,0.9500000000000011
"outage, fallback to local rules",3,2520.0,2,0.45000000000000107
"outage, fallback to local rules",3,2640.0,2,5.833333333333335
"outage, fallback to local rules",3,2760.0,2,15.620000000000001
"outage, fallback to local rules",3,2880.0,2,13.166666666666666
"outage, fallback to local rules",3,3000.0,2,14.200000000000001
"outage, fallback to local rules",3,3120.0,2,14.200000000000001
"outage, fallback to local rules",3,3240.0,2,11.450000000000001
"outage, fallback to local rules",3,3360.0,2,3.700000000000001
"outage, fallback to local rules",3,3480.0,2,0.45000000000000107
"outage, fallback to local rules",3,3600.0,2,2.820000000000001
"outage, fallback to local rules",3,3720.0,2,1.700000000000001
"outage, fallback to local rules",3,3840.0,2,1.200000000000001
"outage, fallback to local rules",3,3960.0,2,1.200000000000001
"outage, fallback to local rules",3,4080.0,2,0.16666666666666785
"outage, fallback to local rules",3,4200.0,2,3.420000000000001
"outage, fallback to local rules",3,4320.0,2,2.8333333333333344
"outage, fallback to local rules",3,4440.0,2,0.20000000000000107
"outage, fallback to local rules",3,4560.0,2,5.7
"outage, fallback to local rules",3,4680.0,2,0.45000000000000107
"outage, fallback to local rules",3,4800.0,2,0.620000000000001
"outage, fallback to local rules",3,4920.0,2,2.8333333333333344
"outage, fallback to local rules",3,5040.0,2,1.700000000000001
"outage, fallback to local rules",3,5160.0,1,11.200000000000001
"outage, fallback to local rules",3,5280.0,2,6.566666666666667
"outage, fallback to local rules",3,5400.0,2,1.5800000000000012
"outage, fallback to local rules",3,5520.0,2,1.2333333333333343
"outage, fallback to local rules",3,5640.0,2,0.18000000000000113
"outage, fallback to local rules",3,5760.0,2,1.200000000000001
"outage, fallback to local rules",3,5880.0,2,1.620000000000001
"outage, fallback to local rules",3,6000.0,2,0.23333333333333428
"outage, fallback to local rules",3,6120.0,1,3.8333333333333344
"outage, fallback to local rules",3,6240.0,2,0.20000000000000107
"outage, fallback to local rules",3,6360.0,2,0.20000000000000107
"outage, fallback to local rules",3,6480.0,2,1.450000000000001
"outage, fallback to local rules",3,6600.0,3,1.3800000000000012
"outage, fallback to local rules",3,6720.0,2,0.20000000000000107
"outage, fallback to local rules",3,6840.0,1,4.700000000000001
"outage, fallback to local rules",3,6960.0,3,3.3800000000000012
"outage, fallback to local rules",3,7080.0,2,0.23333333333333428
"outage, fallback to local rules",3,7200.0,2,2.3800000000000012
"outage, fallback to local rules",3,7320.0,2,0.220000000000001
"outage, fallback to local rules",3,7440.0,2,1.900000000000001
"outage, fallback to local rules",3,7560.0,1,2.780000000000001
"outage, fallback to local rules",3,7680.0,3,0.9000000000000009
"outage, fallback to local rules",3,7800.0,2,1.200000000000001
"outage, fallback to local rules",3,7920.0,3,0.16666666666666785
"outage, fail-safe stop",3,0.0,0,
"outage, fail-safe stop",3,120.0,0,0.10000000000000142
"outage, fail-safe stop",3,240.0,2,1.950000000000001
"outage, fail-safe stop",3,360.0,2,0.8333333333333345
"outage, fail-safe stop",3,480.0,3,3.020000000000001
"outage, fail-safe stop",3,600.0,2,0.16666666666666785
"outage, fail-safe stop",3,720.0,1,2.020000000000001
"outage, fail-safe stop",3,840.0,2,0.15000000000000124
"outage, fail-safe stop",3,960.0,3,0.5000000000000009
"outage, fail-safe stop",3,1080.0,1,0.7000000000000011
"outage, fail-safe stop",3,1200.0,2,1.7800000000000011
"outage, fail-safe stop",3,1320.0,2,0.20000000000000107
"outage, fail-safe stop",3,1440.0,2,1.5666666666666675
"outage, fail-safe stop",3,1560.0,1,3.200000000000001
"outage, fail-safe stop",3,1680.0,2,11.700000000000001
"outage, fail-safe stop",3,1800.0,2,0.20000000000000107
"outage, fail-safe stop",3,1920.0,2,0.20000000000000107
"outage, fail-safe stop",3,2040.0,2,0.20000000000000107
"outage, fail-safe stop",3,2160.0,2,12.45
"outage, fail-safe stop",3,2280.0,2,3.450000000000001
"outage, fail-safe stop",3,2400.0,2,0.9500000000000011
"outage, fail-safe stop",3,2520.0,2,0.45000000000000107
"outage, fail-safe stop",3,2640.0,2,0.10000000000000142
"outage, fail-safe stop",3,2760.0,2,
"outage, fail-safe stop",3,2880.0,0,
"outage, fail-safe stop",3,3000.0,0,
"outage, fail-safe stop",3,3120.0,0,
"outage, fail-safe stop",3,3240.0,0,586.1
"outage, fail-safe stop",3,3360.0,1,579.7857142857143
"outage, fail-safe stop",3,3480.0,3,0.3000000000000007
"outage, fail-safe stop",3,3600.0,0,0.10000000000000142
"outage, fail-safe stop",3,3720.0,2,0.20000000000000107
"outage, fail-safe stop",3,3840.0,2,0.45000000000000107
"outage, fail-safe stop",3,3960.0,2,0.16666666666666785
"outage, fail-safe stop",3,4080.0,2,0.220000000000001
"outage, fail-safe stop",3,4200.0,2,14.450000000000001
"outage, fail-safe stop",3,4320.0,2,2.950000000000001
"outage, fail-safe stop",3,4440.0,2,3.950000000000001
"outage, fail-safe stop",3,4560.0,2,0.9500000000000011
"outage, fail-safe stop",3,4680.0,2,0.20000000000000107
"outage, fail-safe stop",3,4800.0,2,17.95
"outage, fail-safe stop",3,4920.0,2,11.833333333333334
"outage, fail-safe stop",3,5040.0,2,4.950000000000001
"outage, fail-safe stop",3,5160.0,2,3.200000000000001
"outage, fail-safe stop",3,5280.0,2,5.200000000000001
"outage, fail-safe stop",3,5400.0,2,4.420000000000001
"outage, fail-safe stop",3,5520.0,2,0.8333333333333345
"outage, fail-safe stop",3,5640.0,2,0.23333333333333428
"outage, fail-safe stop",3,5760.0,2,2.5666666666666678
"outage, fail-safe stop",3,5880.0,1,6.900000000000001
"outage, fail-safe stop",3,6000.0,2,0.20000000000000107
"outage, fail-safe stop",3,6120.0,2,2.950000000000001
"outage, fail-safe stop",3,6240.0,2,5.420000000000001
"outage, fail-safe stop",3,6360.0,2,0.7000000000000011
"outage, fail-safe stop",3,6480.0,2,2.450000000000001
"outage, fail-safe stop",3,6600.0,2,4.700000000000001
"outage, fail-safe stop",3,6720.0,2,0.16666666666666785
"outage, fail-safe stop",3,6840.0,2,0.23333333333333428
"outage, fail-safe stop",3,6960.0,2,1.450000000000001
"outage, fail-safe stop",3,7080.0,1,3.180000000000001
"outage, fail-safe stop",3,7200.0,3,0.16666666666666785
"outage, fail-safe stop",3,7320.0,2,2.5666666666666678
"outage, fail-safe stop",3,7440.0,1,14.200000000000001
"outage, fail-safe stop",3,7560.0,3,0.20000000000000107
"outage, fail-safe stop",3,7680.0,2,4.200000000000001
"outage, fail-safe stop",3,7800.0,2,0.20000000000000107
"outage, fail-safe stop",3,7920.0,3,1.820000000000001
no outage,4,0.0,0,
no outage,4,120.0,0,0.10000000000000142
no outage,4,240.0,2,0.45000000000000107
no outage,4,360.0,2,0.7000000000000011
no outage,4,480.0,2,2.950000000000001
no outage,4,600.0,2,0.23333333333333428
no outage,4,720.0,1,0.16666666666666785
no outage,4,840.0,2,1.950000000000001
no outage,4,960.0,2,0.20000000000000107
no outage,4,1080.0,2,1.700000000000001
no outage,4,1200.0,2,7.950000000000001
no outage,4,1320.0,2,2.950000000000001
no outage,4,1440.0,2,0.9500000000000011
no outage,4,1560.0,2,1.450000000000001
no outage,4,1680.0,2,4.200000000000001
no outage,4,1800.0,2,3.200000000000001
no outage,4,1920.0,2,3.450000000000001
no outage,4,2040.0,2,0.20000000000000107
no outage,4,2160.0,1,1.700000000000001
no outage,4,2280.0,3,1.950000000000001
no outage,4,2400.0,1,2.700000000000001
no outage,4,2520.0,2,2.450000000000001
no outage,4,2640.0,2,0.20000000000000107
no outage,4,2760.0,2,0.23333333333333428
no outage,4,2880.0,1,0.16666666666666785
no outage,4,3000.0,2,1.700000000000001
no outage,4,3120.0,2,0.20000000000000107
no outage,4,3240.0,2,2.950000000000001
no outage,4,3360.0,2,8.700000000000001
no outage,4,3480.0,2,0.45000000000000107
no outage,4,3600.0,2,5.600000000000001
no outage,4,3720.0,2,9.700000000000001
no outage,4,3840.0,2,1.5666666666666675
no outage,4,3960.0,1,2.700000000000001
no outage,4,4080.0,3,3.700000000000001
no outage,4,4200.0,2,6.220000000000001
no outage,4,4320.0,1,3.450000000000001
no outage,4,4440.0,3,1.4000000000000012
no outage,4,4560.0,2,3.700000000000001
no outage,4,4680.0,2,0.2500000000000009
no outage,4,4800.0,1,1.200000000000001
no outage,4,4920.0,2,0.45000000000000107
no outage,4,5040.0,2,0.9500000000000011
no outage,4,5160.0,2,3.450000000000001
no outage,4,5280.0,3,0.9500000000000011
no outage,4,5400.0,1,0.3800000000000011
no outage,4,5520.0,3,0.5666666666666677
no outage,4,5640.0,2,3.580000000000001
no outage,4,5760.0,2,3.700000000000001
no outage,4,5880.0,1,0.23333333333333428
no outage,4,6000.0,3,0.7000000000000011
no outage,4,6120.0,1,3.450000000000001
no outage,4,6240.0,2,3.700000000000001
no outage,4,6360.0,2,5.450000000000001
no outage,4,6480.0,2,2.950000000000001
no outage,4,6600.0,2,3.450000000000001
no outage,4,6720.0,2,0.45000000000000107
no outage,4,6840.0,2,8.700000000000001
no outage,4,6960.0,2,0.45000000000000107
no outage,4,7080.0,2,0.45000000000000107
no outage,4,7200.0,2,3.200000000000001
no outage,4,7320.0,2,5.950000000000001
no outage,4,7440.0,2,0.18000000000000113
no outage,4,7560.0,3,4.900000000000001
no outage,4,7680.0,1,0.20000000000000107
no outage,4,7800.0,3,0.18000000000000113
no outage,4,7920.0,3,1.3666666666666678
"outage, fallback to local rules",4,0.0,0,
"outage, fallback to local rules",4,120.0,0,0.10000000000000142
"outage, fallback to local rules",4,240.0,2,0.45000000000000107
"outage, fallback to local rules",4,360.0,2,0.7000000000000011
"outage, fallback to local rules",4,480.0,2,2.950000000000001
"outage, fallback to local rules",4,600.0,2,0.23333333333333428
"outage, fallback to local rules",4,720.0,1,0.16666666666666785
"outage, fallback to local rules",4,840.0,2,1.950000000000001
"outage, fallback to local rules",4,960.0,2,0.20000000000000107
"outage, fallback to local rules",4,1080.0,2,1.700000000000001
"outage, fallback to local rules",4,1200.0,2,7.950000000000001
"outage, fallback to local rules",4,1320.0,2,2.950000000000001
"outage, fallback to local rules",4,1440.0,2,0.9500000000000011
"outage, fallback to local rules",4,1560.0,2,1.450000000000001
"outage, fallback to local rules",4,1680.0,2,4.200000000000001
"outage, fallback to local rules",4,1800.0,2,3.200000000000001
"outage, fallback to local rules",4,1920.0,2,3.450000000000001
"outage, fallback to local rules",4,2040.0,2,0.20000000000000107
"outage, fallback to local rules",4,2160.0,1,1.700000000000001
"outage, fallback to local rules",4,2280.0,3,1.950000000000001
"outage, fallback to local rules",4,2400.0,1,2.700000000000001
"outage, fallback to local rules",4,2520.0,2,2.450000000000001
"outage, fallback to local rules",4,2640.0,2,7.200000000000001
"outage, fallback to local rules",4,2760.0,2,14.200000000000001
"outage, fallback to local rules",4,2880.0,1,16.700000000000003
"outage, fallback to local rules",4,3000.0,2,14.833333333333334
"outage, fallback to local rules",4,3120.0,2,14.200000000000001
"outage, fallback to local rules",4,3240.0,2,11.450000000000001
"outage, fallback to local rules",4,3360.0,2,6.420000000000002
"outage, fallback to local rules",4,3480.0,2,3.700000000000001
"outage, fallback to local rules",4,3600.0,2,5.600000000000001
"outage, fallback to local rules",4,3720.0,2,10.950000000000001
"outage, fallback to local rules",4,3840.0,2,1.5666666666666675
"outage, fallback to local rules",4,3960.0,1,2.450000000000001
"outage, fallback to local rules",4,4080.0,3,3.700000000000001
"outage, fallback to local rules",4,4200.0,2,5.620000000000001
"outage, fallback to local rules",4,4320.0,1,2.950000000000001
"outage, fallback to local rules",4,4440.0,3,1.4000000000000012
"outage, fallback to local rules",4,4560.0,2,3.700000000000001
"outage, fallback to local rules",4,4680.0,2,0.2500000000000009
"outage, fallback to local rules",4,4800.0,1,1.200000000000001
"outage, fallback to local rules",4,4920.0,2,0.45000000000000107
"outage, fallback to local rules",4,5040.0,2,1.200000000000001
"outage, fallback to local rules",4,5160.0,2,3.450000000000001
"outage, fallback to local rules",4,5280.0,3,0.9500000000000011
"outage, fallback to local rules",4,5400.0,1,0.3800000000000011
"outage, fallback to local rules",4,5520.0,3,0.5666666666666677
"outage, fallback to local rules",4,5640.0,2,3.580000000000001
"outage, fallback to local rules",4,5760.0,2,3.700000000000001
"outage, fallback to local rules",4,5880.0,1,0.23333333333333428
"outage, fallback to local rules",4,6000.0,3,0.7000000000000011
"outage, fallback to local rules",4,6120.0,1,3.450000000000001
"outage, fallback to local rules",4,6240.0,2,3.700000000000001
"outage, fallback to local rules",4,6360.0,2,6.200000000000001
"outage, fallback to local rules",4,6480.0,2,2.950000000000001
"outage, fallback to local rules",4,6600.0,2,3.450000000000001
"outage, fallback to local rules",4,6720.0,2,0.45000000000000107
"outage, fallback to local rules",4,6840.0,2,9.200000000000001
"outage, fallback to local rules",4,6960.0,2,0.45000000000000107
"outage, fallback to local rules",4,7080.0,2,0.45000000000000107
"outage, fallback to local rules",4,7200.0,2,2.950000000000001
"outage, fallback to local rules",4,7320.0,2,5.450000000000001
"outage, fallback to local rules",4,7440.0,2,0.18000000000000113
"outage, fallback to local rules",4,7560.0,3,4.900000000000001
"outage, fallback to local rules",4,7680.0,1,0.20000000000000107
"outage, fallback to local rules",4,7800.0,3,0.18000000000000113
"outage, fallback to local rules",4,7920.0,3,1.3666666666666678
"outage, fail-safe stop",4,0.0,0,
"outage, fail-safe stop",4,120.0,0,0.10000000000000142
"outage, fail-safe stop",4,240.0,2,0.45000000000000107
"outage, fail-safe stop",4,360.0,2,0.7000000000000011
"outage, fail-safe stop",4,480.0,2,2.950000000000001
"outage, fail-safe stop",4,600.0,2,0.23333333333333428
"outage, fail-safe stop",4,720.0,1,0.16666666666666785
"outage, fail-safe stop",4,840.0,2,1.950000000000001
"outage, fail-safe stop",4,960.0,2,0.20000000000000107
"outage, fail-safe stop",4,1080.0,2,1.700000000000001
"outage, fail-safe stop",4,1200.0,2,7.950000000000001
"outage, fail-safe stop",4,1320.0,2,2.950000000000001
"outage, fail-safe stop",4,1440.0,2,0.9500000000000011
"outage, fail-safe stop",4,1560.0,2,1.450000000000001
"outage, fail-safe stop",4,1680.0,2,4.200000000000001
"outage, fail-safe stop",4,1800.0,2,3.200000000000001
"outage, fail-safe stop",4,1920.0,2,3.450000000000001
"outage, fail-safe stop",4,2040.0,2,0.20000000000000107
"outage, fail-safe stop",4,2160.0,1,1.700000000000001
"outage, fail-safe stop",4,2280.0,3,1.950000000000001
"outage, fail-safe stop",4,2400.0,1,2.700000000000001
"outage, fail-safe stop",4,2520.0,2,2.450000000000001
"outage, fail-safe stop",4,2640.0,2,0.20000000000000107
"outage, fail-safe stop",4,2760.0,1,
"outage, fail-safe stop",4,2880.0,0,
"outage, fail-safe stop",4,3000.0,0,
"outage, fail-safe stop",4,3120.0,0,
"outage, fail-safe stop",4,3240.0,0,629.1
"outage, fail-safe stop",4,3360.0,1,509.5857142857143
"outage, fail-safe stop",4,3480.0,4,1.3000000000000007
"outage, fail-safe stop",4,3600.0,1,1.220000000000001
"outage, fail-safe stop",4,3720.0,2,2.200000000000001
"outage, fail-safe stop",4,3840.0,2,3.450000000000001
"outage, fail-safe stop",4,3960.0,2,0.20000000000000107
"outage, fail-safe stop",4,4080.0,2,4.500000000000001
"outage, fail-safe stop",4,4200.0,2,1.2333333333333343
"outage, fail-safe stop",4,4320.0,2,6.700000000000001
"outage, fail-safe stop",4,4440.0,1,8.180000000000001
"outage, fail-safe stop",4,4560.0,3,0.20000000000000107
"outage, fail-safe stop",4,4680.0,2,2.620000000000001
"outage, fail-safe stop",4,4800.0,2,0.16666666666666785
"outage, fail-safe stop",4,4920.0,2,7.980000000000001
"outage, fail-safe stop",4,5040.0,2,0.620000000000001
"outage, fail-safe stop",4,5160.0,2,0.23333333333333428
"outage, fail-safe stop",4,5280.0,1,4.950000000000001
"outage, fail-safe stop",4,5400.0,2,3.450000000000001
"outage, fail-safe stop",4,5520.0,2,0.7000000000000011
"outage, fail-safe stop",4,5640.0,3,0.18000000000000113
"outage, fail-safe stop",4,5760.0,2,0.20000000000000107
"outage, fail-safe stop",4,5880.0,2,0.45000000000000107
"outage, fail-safe stop",4,6000.0,2,0.220000000000001
"outage, fail-safe stop",4,6120.0,2,0.16666666666666785
"outage, fail-safe stop",4,6240.0,2,0.7000000000000011
"outage, fail-safe stop",4,6360.0,2,0.23333333333333428
"outage, fail-safe stop",4,6480.0,2,0.9500000000000011
"outage, fail-safe stop",4,6600.0,1,3.200000000000001
"outage, fail-safe stop",4,6720.0,2,3.700000000000001
"outage, fail-safe stop",4,6840.0,2,0.20000000000000107
"outage, fail-safe stop",4,6960.0,2,4.700000000000001
"outage, fail-safe stop",4,7080.0,2,7.450000000000001
"outage, fail-safe stop",4,7200.0,2,2.950000000000001
"outage, fail-safe stop",4,7320.0,2,7.200000000000001
"outage, fail-safe stop",4,7440.0,2,1.500000000000001
"outage, fail-safe stop",4,7560.0,2,0.620000000000001
"outage, fail-safe stop",4,7680.0,2,0.9500000000000011
"outage, fail-safe stop",4,7800.0,2,0.7800000000000011
"outage, fail-safe stop",4,7920.0,3,0.5333333333333344
no outage,5,0.0,0,
no outage,5,120.0,0,1.1000000000000014
no outage,5,240.0,2,0.9500000000000011
no outage,5,360.0,2,6.950000000000001
no outage,5,480.0,2,0.16666666666666785
no outage,5,600.0,2,0.220000000000001
no outage,5,720.0,2,0.7000000000000011
no outage,5,840.0,2,0.20000000000000107
no outage,5,960.0,2,2.200000000000001
no outage,5,1080.0,2,0.20000000000000107
no outage,5,1200.0,2,0.45000000000000107
no outage,5,1320.0,1,1.450000000000001
no outage,5,1440.0,2,0.20000000000000107
no outage,5,1560.0,2,0.20000000000000107
no outage,5,1680.0,3,0.45000000000000107
no outage,5,1800.0,2,2.950000000000001
no outage,5,1920.0,1,4.200000000000001
no outage,5,2040.0,2,3.200000000000001
no outage,5,2160.0,2,1.700000000000001
no outage,5,2280.0,2,2.700000000000001
no outage,5,2400.0,3,1.450000000000001
no outage,5,2520.0,1,0.20000000000000107
no outage,5,2640.0,2,5.450000000000001
no outage,5,2760.0,2,0.45000000000000107
no outage,5,2880.0,2,10.700000000000001
no outage,5,3000.0,2,1.5800000000000012
no outage,5,3120.0,3,1.200000000000001
no outage,5,3240.0,2,2.420000000000001
no outage,5,3360.0,2,4.833333333333335
no outage,5,3480.0,2,1.200000000000001
no outage,5,3600.0,2,2.950000000000001
no outage,5,3720.0,2,0.23333333333333428
no outage,5,3840.0,2,3.450000000000001
no outage,5,3960.0,1,5.700000000000001
no outage,5,4080.0,2,0.20000000000000107
no outage,5,4200.0,2,1.180000000000001
no outage,5,4320.0,3,0.7000000000000011
no outage,5,4440.0,2,0.45000000000000107
no outage,5,4560.0,2,1.950000000000001
no outage,5,4680.0,2,6.700000000000001
no outage,5,4800.0,2,0.20000000000000107
no outage,5,4920.0,2,0.23333333333333428
no outage,5,5040.0,1,0.20000000000000107
no outage,5,5160.0,2,1.700000000000001
no outage,5,5280.0,2,6.950000000000001
no outage,5,5400.0,2,1.450000000000001
no outage,5,5520.0,2,0.20000000000000107
no outage,5,5640.0,2,0.7800000000000011
no outage,5,5760.0,3,0.45000000000000107
no outage,5,5880.0,2,0.220000000000001
no outage,5,6000.0,2,5.200000000000001
no outage,5,6120.0,2,5.700000000000001
no outage,5,6240.0,2,0.20000000000000107
no outage,5,6360.0,2,6.450000000000001
no outage,5,6480.0,1,1.700000000000001
no outage,5,6600.0,2,0.20000000000000107
no outage,5,6720.0,2,4.450000000000001
no outage,5,6840.0,2,5.950000000000001
no outage,5,6960.0,2,6.200000000000001
no outage,5,7080.0,2,0.20000000000000107
no outage,5,7200.0,2,3.700000000000001
no outage,5,7320.0,2,5.500000000000001
no outage,5,7440.0,2,3.2333333333333343
no outage,5,7560.0,2,0.45000000000000107
no outage,5,7680.0,1,0.20000000000000107
no outage,5,7800.0,3,0.3800000000000011
no outage,5,7920.0,3,0.2142857142857153
"outage, fallback to local rules",5,0.0,0,
"outage, fallback to local rules",5,120.0,0,1.1000000000000014
"outage, fallback to local rules",5,240.0,2,0.9500000000000011
"outage, fallback to local rules",5,360.0,2,6.950000000000001
"outage, fallback to local rules",5,480.0,2,0.16666666666666785
"outage, fallback to local rules",5,600.0,2,0.220000000000001
"outage, fallback to local rules",5,720.0,2,0.7000000000000011
"outage, fallback to local rules",5,840.0,2,0.20000000000000107
"outage, fallback to local rules",5,960.0,2,2.200000000000001
"outage, fallback to local rules",5,1080.0,2,0.20000000000000107
"outage, fallback to local rules",5,1200.0,2,0.45000000000000107
"outage, fallback to local rules",5,1320.0,1,1.450000000000001
"outage, fallback to local rules",5,1440.0,2,0.20000000000000107
"outage, fallback to local rules",5,1560.0,2,0.20000000000000107
"outage, fallback to local rules",5,1680.0,3,0.45000000000000107
"outage, fallback to local rules",5,1800.0,2,2.950000000000001
"outage, fallback to local rules",5,1920.0,1,4.200000000000001
"outage, fallback to local rules",5,2040.0,2,3.200000000000001
"outage, fallback to local rules",5,2160.0,2,1.700000000000001
"outage, fallback to local rules",5,2280.0,2,2.700000000000001
"outage, fallback to local rules",5,2400.0,3,1.450000000000001
"outage, fallback to local rules",5,2520.0,1,0.20000000000000107
"outage, fallback to local rules",5,2640.0,2,9.700000000000001
"outage, fallback to local rules",5,2760.0,2,14.700000000000001
"outage, fallback to local rules",5,2880.0,2,18.950000000000003
"outage, fallback to local rules",5,3000.0,2,17.450000000000003
"outage, fallback to local rules",5,3120.0,2,16.98
"outage, fallback to local rules",5,3240.0,3,13.200000000000001
"outage, fallback to local rules",5,3360.0,2,0.20000000000000107
"outage, fallback to local rules",5,3480.0,2,1.200000000000001
"outage, fallback to local rules",5,3600.0,2,2.950000000000001
"outage, fallback to local rules",5,3720.0,2,0.23333333333333428
"outage, fallback to local rules",5,3840.0,2,3.450000000000001
"outage, fallback to local rules",5,3960.0,1,5.950000000000001
"outage, fallback to local rules",5,4080.0,2,0.20000000000000107
"outage, fallback to local rules",5,4200.0,2,1.180000000000001
"outage, fallback to local rules",5,4320.0,3,0.7000000000000011
"outage, fallback to local rules",5,4440.0,2,0.45000000000000107
"outage, fallback to local rules",5,4560.0,2,1.950000000000001
"outage, fallback to local rules",5,4680.0,2,6.700000000000001
"outage, fallback to local rules",5,4800.0,2,0.20000000000000107
"outage, fallback to local rules",5,4920.0,2,0.23333333333333428
"outage, fallback to local rules",5,5040.0,1,0.20000000000000107
"outage, fallback to local rules",5,5160.0,2,1.700000000000001
"outage, fallback to local rules",5,5280.0,2,8.450000000000001
"outage, fallback to local rules",5,5400.0,2,1.450000000000001
"outage, fallback to local rules",5,5520.0,2,0.20000000000000107
"outage, fallback to local rules",5,5640.0,2,0.3800000000000011
"outage, fallback to local rules",5,5760.0,3,0.7000000000000011
"outage, fallback to local rules",5,5880.0,2,0.220000000000001
"outage, fallback to local rules",5,6000.0,2,5.200000000000001
"outage, fallback to local rules",5,6120.0,2,5.700000000000001
"outage, fallback to local rules",5,6240.0,2,0.20000000000000107
"outage, fallback to local rules",5,6360.0,2,6.450000000000001
"outage, fallback to local rules",5,6480.0,1,1.700000000000001
"outage, fallback to local rules",5,6600.0,2,0.20000000000000107
"outage, fallback to local rules",5,6720.0,2,4.450000000000001
"outage, fallback to local rules",5,6840.0,2,5.700000000000001
"outage, fallback to local rules",5,6960.0,2,6.200000000000001
"outage, fallback to local rules",5,7080.0,2,0.45000000000000107
"outage, fallback to local rules",5,7200.0,2,3.700000000000001
"outage, fallback to local rules",5,7320.0,2,4.833333333333335
"outage, fallback to local rules",5,7440.0,2,2.2333333333333343
"outage, fallback to local rules",5,7560.0,2,0.45000000000000107
"outage, fallback to local rules",5,7680.0,1,0.20000000000000107
"outage, fallback to local rules",5,7800.0,3,0.3800000000000011
"outage, fallback to local rules",5,7920.0,3,0.2142857142857153
"outage, fail-safe stop",5,0.0,0,
"outage, fail-safe stop",5,120.0,0,1.1000000000000014
"outage, fail-safe stop",5,240.0,2,0.9500000000000011
"outage, fail-safe stop",5,360.0,2,6.950000000000001
"outage, fail-safe stop",5,480.0,2,0.16666666666666785
"outage, fail-safe stop",5,600.0,2,0.220000000000001
"outage, fail-safe stop",5,720.0,2,0.7000000000000011
"outage, fail-safe stop",5,840.0,2,0.20000000000000107
"outage, fail-safe stop",5,960.0,2,2.200000000000001
"outage, fail-safe stop",5,1080.0,2,0.20000000000000107
"outage, fail-safe stop",5,1200.0,2,0.45000000000000107
"outage, fail-safe stop",5,1320.0,1,1.450000000000001
"outage, fail-safe stop",5,1440.0,2,0.20000000000000107
"outage, fail-safe stop",5,1560.0,2,0.20000000000000107
"outage, fail-safe stop",5,1680.0,3,0.45000000000000107
"outage, fail-safe stop",5,1800.0,2,2.950000000000001
"outage, fail-safe stop",5,1920.0,1,4.200000000000001
"outage, fail-safe stop",5,2040.0,2,3.200000000000001
"outage, fail-safe stop",5,2160.0,2,1.700000000000001
"outage, fail-safe stop",5,2280.0,2,2.700000000000001
"outage, fail-safe stop",5,2400.0,3,1.450000000000001
"outage, fail-safe stop",5,2520.0,1,0.20000000000000107
"outage, fail-safe stop",5,2640.0,2,7.166666666666668
"outage, fail-safe stop",5,2760.0,2,
"outage, fail-safe stop",5,2880.0,0,
"outage, fail-safe stop",5,3000.0,0,
"outage, fail-safe stop",5,3120.0,0,
"outage, fail-safe stop",5,3240.0,0,590.1
"outage, fail-safe stop",5,3360.0,1,554.4714285714286
"outage, fail-safe stop",5,3480.0,3,0.2500000000000009
"outage, fail-safe stop",5,3600.0,2,4.450000000000001
"outage, fail-safe stop",5,3720.0,2,0.620000000000001
"outage, fail-safe stop",5,3840.0,2,0.16666666666666785
"outage, fail-safe stop",5,3960.0,2,0.16666666666666785
"outage, fail-safe stop",5,4080.0,2,6.950000000000001
"outage, fail-safe stop",5,4200.0,2,0.2500000000000009
"outage, fail-safe stop",5,4320.0,2,0.45000000000000107
"outage, fail-safe stop",5,4440.0,1,6.950000000000001
"outage, fail-safe stop",5,4560.0,2,1.700000000000001
"outage, fail-safe stop",5,4680.0,2,0.16666666666666785
"outage, fail-safe stop",5,4800.0,3,0.18000000000000113
"outage, fail-safe stop",5,4920.0,2,0.820000000000001
"outage, fail-safe stop",5,5040.0,2,0.23333333333333428
"outage, fail-safe stop",5,5160.0,1,6.400000000000001
"outage, fail-safe stop",5,5280.0,3,0.20000000000000107
"outage, fail-safe stop",5,5400.0,2,0.2500000000000009
"outage, fail-safe stop",5,5520.0,1,0.16666666666666785
"outage, fail-safe stop",5,5640.0,2,0.45000000000000107
"outage, fail-safe stop",5,5760.0,2,3.020000000000001
"outage, fail-safe stop",5,5880.0,2,1.450000000000001
"outage, fail-safe stop",5,6000.0,2,4.833333333333335
"outage, fail-safe stop",5,6120.0,2,0.20000000000000107
"outage, fail-safe stop",5,6240.0,3,3.200000000000001
"outage, fail-safe stop",5,6360.0,2,1.420000000000001
"outage, fail-safe stop",5,6480.0,2,1.200000000000001
"outage, fail-safe stop",5,6600.0,2,8.833333333333334
"outage, fail-safe stop",5,6720.0,2,11.233333333333334
"outage, fail-safe stop",5,6840.0,2,2.200000000000001
"outage, fail-safe stop",5,6960.0,1,2.200000000000001
"outage, fail-safe stop",5,7080.0,2,8.200000000000001
"outage, fail-safe stop",5,7200.0,2,0.20000000000000107
"outage, fail-safe stop",5,7320.0,2,1.200000000000001
"outage, fail-safe stop",5,7440.0,2,8.700000000000001
"outage, fail-safe stop",5,7560.0,2,0.8333333333333345
"outage, fail-safe stop",5,7680.0,2,2.200000000000001
"outage, fail-safe stop",5,7800.0,2,1.220000000000001
"outage, fail-safe stop",5,7920.0,3,0.20000000000000107
no outage,6,0.0,0,
no outage,6,120.0,0,0.10000000000000142
no outage,6,240.0,2,0.45000000000000107
no outage,6,360.0,2,11.200000000000001
no outage,6,480.0,2,1.200000000000001
no outage,6,600.0,2,1.950000000000001
no outage,6,720.0,3,0.7000000000000011
no outage,6,840.0,1,3.200000000000001
no outage,6,960.0,2,0.20000000000000107
no outage,6,1080.0,3,3.180000000000001
no outage,6,1200.0,2,0.20000000000000107
no outage,6,1320.0,2,0.45000000000000107
no outage,6,1440.0,2,0.20000000000000107
no outage,6,1560.0,2,0.45000000000000107
no outage,6,1680.0,2,5.566666666666667
no outage,6,1800.0,1,0.18000000000000113
no outage,6,1920.0,2,11.9
no outage,6,2040.0,3,1.3800000000000012
no outage,6,2160.0,2,3.950000000000001
no outage,6,2280.0,2,2.750000000000001
no outage,6,2400.0,2,2.5000000000000013
no outage,6,2520.0,2,0.45000000000000107
no outage,6,2640.0,1,1.450000000000001
no outage,6,2760.0,2,0.18000000000000113
no outage,6,2880.0,3,0.20000000000000107
no outage,6,3000.0,1,2.820000000000001
no outage,6,3120.0,3,0.9500000000000011
no outage,6,3240.0,1,2.9800000000000013
no outage,6,3360.0,3,2.450000000000001
no outage,6,3480.0,2,0.820000000000001
no outage,6,3600.0,2,0.16666666666666785
no outage,6,3720.0,2,0.20000000000000107
no outage,6,3840.0,2,0.20000000000000107
no outage,6,3960.0,2,0.20000000000000107
no outage,6,4080.0,1,0.23333333333333428
no outage,6,4200.0,3,4.200000000000001
no outage,6,4320.0,1,0.9500000000000011
no outage,6,4440.0,2,0.9500000000000011
no outage,6,4560.0,2,4.950000000000001
no outage,6,4680.0,2,1.450000000000001
no outage,6,4800.0,2,0.16666666666666785
no outage,6,4920.0,2,0.20000000000000107
no outage,6,5040.0,2,3.700000000000001
no outage,6,5160.0,2,0.23333333333333428
no outage,6,5280.0,2,0.9500000000000011
no outage,6,5400.0,2,0.16666666666666785
no outage,6,5520.0,0,0.20000000000000107
no outage,6,5640.0,4,1.020000000000001
no outage,6,5760.0,1,1.450000000000001
no outage,6,5880.0,2,7.700000000000001
no outage,6,6000.0,2,0.9500000000000011
no outage,6,6120.0,2,2.700000000000001
no outage,6,6240.0,2,0.20000000000000107
no outage,6,6360.0,2,0.45000000000000107
no outage,6,6480.0,3,0.20000000000000107
no outage,6,6600.0,2,3.200000000000001
no outage,6,6720.0,1,4.450000000000001
no outage,6,6840.0,2,2.950000000000001
no outage,6,6960.0,2,0.7000000000000011
no outage,6,7080.0,2,10.200000000000001
no outage,6,7200.0,2,18.2
no outage,6,7320.0,2,0.20000000000000107
no outage,6,7440.0,2,0.20000000000000107
no outage,6,7560.0,2,0.20000000000000107
no outage,6,7680.0,2,0.7000000000000011
no outage,6,7800.0,2,1.450000000000001
no outage,6,7920.0,4,0.20000000000000107
"outage, fallback to local rules",6,0.0,0,
"outage, fallback to local rules",6,120.0,0,0.10000000000000142
"outage, fallback to local rules",6,240.0,2,0.45000000000000107
"outage, fallback to local rules",6,360.0,2,11.200000000000001
"outage, fallback to local rules",6,480.0,2,1.200000000000001
"outage, fallback to local rules",6,600.0,2,1.950000000000001
"outage, fallback to local rules",6,720.0,3,0.7000000000000011
"outage, fallback to local rules",6,840.0,1,3.200000000000001
"outage, fallback to local rules",6,960.0,2,0.20000000000000107
"outage, fallback to local rules",6,1080.0,3,3.180000000000001
"outage, fallback to local rules",6,1200.0,2,0.20000000000000107
"outage, fallback to local rules",6,1320.0,2,0.45000000000000107
"outage, fallback to local rules",6,1440.0,2,0.20000000000000107
"outage, fallback to local rules",6,1560.0,2,0.45000000000000107
"outage, fallback to local rules",6,1680.0,2,5.566666666666667
"outage, fallback to local rules",6,1800.0,1,0.18000000000000113
"outage, fallback to local rules",6,1920.0,2,11.9
"outage, fallback to local rules",6,2040.0,3,1.3800000000000012
"outage, fallback to local rules",6,2160.0,2,3.950000000000001
"outage, fallback to local rules",6,2280.0,2,2.750000000000001
"outage, fallback to local rules",6,2400.0,2,2.5000000000000013
"outage, fallback to local rules",6,2520.0,2,0.45000000000000107
"outage, fallback to local rules",6,2640.0,1,1.450000000000001
"outage, fallback to local rules",6,2760.0,2,14.200000000000001
"outage, fallback to local rules",6,2880.0,3,18.5
"outage, fallback to local rules",6,3000.0,1,17.950000000000003
"outage, fallback to local rules",6,3120.0,2,16.700000000000003
"outage, fallback to local rules",6,3240.0,2,14.820000000000002
"outage, fallback to local rules",6,3360.0,2,3.9800000000000013
"outage, fallback to local rules",6,3480.0,3,0.820000000000001
"outage, fallback to local rules",6,3600.0,2,0.16666666666666785
"outage, fallback to local rules",6,3720.0,2,0.20000000000000107
"outage, fallback to local rules",6,3840.0,2,0.20000000000000107
"outage, fallback to local rules",6,3960.0,2,0.20000000000000107
"outage, fallback to local rules",6,4080.0,1,0.23333333333333428
"outage, fallback to local rules",6,4200.0,3,4.200000000000001
"outage, fallback to local rules",6,4320.0,1,0.9500000000000011
"outage, fallback to local rules",6,4440.0,2,0.7000000000000011
"outage, fallback to local rules",6,4560.0,2,4.950000000000001
"outage, fallback to local rules",6,4680.0,2,1.450000000000001
"outage, fallback to local rules",6,4800.0,2,0.16666666666666785
"outage, fallback to local rules",6,4920.0,2,0.20000000000000107
"outage, fallback to local rules",6,5040.0,2,3.700000000000001
"outage, fallback to local rules",6,5160.0,2,0.23333333333333428
"outage, fallback to local rules",6,5280.0,2,0.9500000000000011
"outage, fallback to local rules",6,5400.0,2,0.16666666666666785
"outage, fallback to local rules",6,5520.0,0,0.20000000000000107
"outage, fallback to local rules",6,5640.0,4,1.020000000000001
"outage, fallback to local rules",6,5760.0,1,1.200000000000001
"outage, fallback to local rules",6,5880.0,2,7.700000000000001
"outage, fallback to local rules",6,6000.0,2,1.200000000000001
"outage, fallback to local rules",6,6120.0,2,2.700000000000001
"outage, fallback to local rules",6,6240.0,2,0.20000000000000107
"outage, fallback to local rules",6,6360.0,2,0.45000000000000107
"outage, fallback to local rules",6,6480.0,3,0.20000000000000107
"outage, fallback to local rules",6,6600.0,2,3.200000000000001
"outage, fallback to local rules",6,6720.0,1,4.450000000000001
"outage, fallback to local rules",6,6840.0,2,2.950000000000001
"outage, fallback to local rules",6,6960.0,2,0.7000000000000011
"outage, fallback to local rules",6,7080.0,2,9.450000000000001
"outage, fallback to local rules",6,7200.0,2,18.2
"outage, fallback to local rules",6,7320.0,2,0.20000000000000107
"outage, fallback to local rules",6,7440.0,2,0.20000000000000107
"outage, fallback to local rules",6,7560.0,2,0.20000000000000107
"outage, fallback to local rules",6,7680.0,2,0.45000000000000107
"outage, fallback to local rules",6,7800.0,2,1.450000000000001
"outage, fallback to local rules",6,7920.0,4,0.20000000000000107
"outage, fail-safe stop",6,0.0,0,
"outage, fail-safe stop",6,120.0,0,0.10000000000000142
"outage, fail-safe stop",6,240.0,2,0.45000000000000107
"outage, fail-safe stop",6,360.0,2,11.200000000000001
"outage, fail-safe stop",6,480.0,2,1.200000000000001
"outage, fail-safe stop",6,600.0,2,1.950000000000001
"outage, fail-safe stop",6,720.0,3,0.7000000000000011
"outage, fail-safe stop",6,840.0,1,3.200000000000001
"outage, fail-safe stop",6,960.0,2,0.20000000000000107
"outage, fail-safe stop",6,1080.0,3,3.180000000000001
"outage, fail-safe stop",6,1200.0,2,0.20000000000000107
"outage, fail-safe stop",6,1320.0,2,0.45000000000000107
"outage, fail-safe stop",6,1440.0,2,0.20000000000000107
"outage, fail-safe stop",6,1560.0,2,0.45000000000000107
"outage, fail-safe stop",6,1680.0,2,5.566666666666667
"outage, fail-safe stop",6,1800.0,1,0.18000000000000113
"outage, fail-safe stop",6,1920.0,2,11.9
"outage, fail-safe stop",6,2040.0,3,1.3800000000000012
"outage, fail-safe stop",6,2160.0,2,3.950000000000001
"outage, fail-safe stop",6,2280.0,2,2.750000000000001
"outage, fail-safe stop",6,2400.0,2,2.5000000000000013
"outage, fail-safe stop",6,2520.0,2,0.45000000000000107
"outage, fail-safe stop",6,2640.0,1,1.450000000000001
"outage, fail-safe stop",6,2760.0,2,
"outage, fail-safe stop",6,2880.0,0,
"outage, fail-safe stop",6,3000.0,0,
"outage, fail-safe stop",6,3120.0,0,
"outage, fail-safe stop",6,3240.0,0,582.1
"outage, fail-safe stop",6,3360.0,1,489.3
"outage, fail-safe stop",6,3480.0,3,0.3000000000000007
"outage, fail-safe stop",6,3600.0,2,4.420000000000001
"outage, fail-safe stop",6,3720.0,2,1.450000000000001
"outage, fail-safe stop",6,3840.0,2,1.3800000000000012
"outage, fail-safe stop",6,3960.0,3,0.9500000000000011
"outage, fail-safe stop",6,4080.0,2,0.20000000000000107
"outage, fail-safe stop",6,4200.0,2,0.23333333333333428
"outage, fail-safe stop",6,4320.0,2,0.45000000000000107
"outage, fail-safe stop",6,4440.0,2,1.200000000000001
"outage, fail-safe stop",6,4560.0,1,2.450000000000001
"outage, fail-safe stop",6,4680.0,2,8.450000000000001
"outage, fail-safe stop",6,4800.0,2,2.700000000000001
"outage, fail-safe stop",6,4920.0,2,0.20000000000000107
"outage, fail-safe stop",6,5040.0,2,2.700000000000001
"outage, fail-safe stop",6,5160.0,2,5.833333333333335
"outage, fail-safe stop",6,5280.0,2,0.20000000000000107
"outage, fail-safe stop",6,5400.0,2,0.23333333333333428
"outage, fail-safe stop",6,5520.0,1,3.700000000000001
"outage, fail-safe stop",6,5640.0,2,0.20000000000000107
"outage, fail-safe stop",6,5760.0,2,2.450000000000001
"outage, fail-safe stop",6,5880.0,2,0.20000000000000107
"outage, fail-safe stop",6,6000.0,1,5.200000000000001
"outage, fail-safe stop",6,6120.0,4,0.18000000000000113
"outage, fail-safe stop",6,6240.0,1,5.420000000000001
"outage, fail-safe stop",6,6360.0,2,5.500000000000001
"outage, fail-safe stop",6,6480.0,2,0.220000000000001
"outage, fail-safe stop",6,6600.0,2,2.450000000000001
"outage, fail-safe stop",6,6720.0,2,0.7000000000000011
"outage, fail-safe stop",6,6840.0,2,0.20000000000000107
"outage, fail-safe stop",6,6960.0,2,0.45000000000000107
"outage, fail-safe stop",6,7080.0,3,10.200000000000001
"outage, fail-safe stop",6,7200.0,1,0.45000000000000107
"outage, fail-safe stop",6,7320.0,2,2.950000000000001
"outage, fail-safe stop",6,7440.0,3,6.200000000000001
"outage, fail-safe stop",6,7560.0,1,1.700000000000001
"outage, fail-safe stop",6,7680.0,2,6.700000000000001
"outage, fail-safe stop",6,7800.0,2,0.16666666666666785
"outage, fail-safe stop",6,7920.0,3,0.9500000000000011
no outage,7,0.0,0,
no outage,7,120.0,0,0.10000000000000142
no outage,7,240.0,2,4.700000000000001
no outage,7,360.0,2,0.45000000000000107
no outage,7,480.0,2,0.16666666666666785
no outage,7,600.0,2,0.23333333333333428
no outage,7,720.0,2,0.20000000000000107
no outage,7,840.0,1,0.20000000000000107
no outage,7,960.0,2,0.20000000000000107
no outage,7,1080.0,2,2.1500000000000012
no outage,7,1200.0,3,8.700000000000001
no outage,7,1320.0,2,0.820000000000001
no outage,7,1440.0,2,0.420000000000001
no outage,7,1560.0,2,5.700000000000001
no outage,7,1680.0,2,0.16666666666666785
no outage,7,1800.0,2,2.2333333333333343
no outage,7,1920.0,1,9.580000000000002
no outage,7,2040.0,3,1.1666666666666679
no outage,7,2160.0,2,7.233333333333334
no outage,7,2280.0,2,4.620000000000001
no outage,7,2400.0,2,0.18000000000000113
no outage,7,2520.0,2,0.23333333333333428
no outage,7,2640.0,2,0.9800000000000011
no outage,7,2760.0,2,5.450000000000001
no outage,7,2880.0,2,0.620000000000001
no outage,7,3000.0,2,1.200000000000001
no outage,7,3120.0,2,0.16666666666666785
no outage,7,3240.0,2,0.23333333333333428
no outage,7,3360.0,1,1.450000000000001
no outage,7,3480.0,2,0.45000000000000107
no outage,7,3600.0,2,0.9500000000000011
no outage,7,3720.0,2,0.20000000000000107
no outage,7,3840.0,2,3.166666666666668
no outage,7,3960.0,2,7.200000000000001
no outage,7,4080.0,2,1.700000000000001
no outage,7,4200.0,2,4.450000000000001
no outage,7,4320.0,2,0.20000000000000107
no outage,7,4440.0,2,0.23333333333333428
no outage,7,4560.0,2,7.150000000000001
no outage,7,4680.0,2,0.20000000000000107
no outage,7,4800.0,2,0.2500000000000009
no outage,7,4920.0,1,0.7000000000000011
no outage,7,5040.0,2,0.20000000000000107
no outage,7,5160.0,1,0.20000000000000107
no outage,7,5280.0,3,2.180000000000001
no outage,7,5400.0,2,0.7000000000000011
no outage,7,5520.0,2,0.23333333333333428
no outage,7,5640.0,2,5.833333333333335
no outage,7,5760.0,1,3.420000000000001
no outage,7,5880.0,3,0.16666666666666785
no outage,7,6000.0,1,0.220000000000001
no outage,7,6120.0,2,0.18000000000000113
no outage,7,6240.0,3,0.16666666666666785
no outage,7,6360.0,2,3.220000000000001
no outage,7,6480.0,2,2.5000000000000013
no outage,7,6600.0,2,0.45000000000000107
no outage,7,6720.0,2,6.620000000000002
no outage,7,6840.0,2,4.450000000000001
no outage,7,6960.0,2,0.7000000000000011
no outage,7,7080.0,2,0.7000000000000011
no outage,7,7200.0,2,2.200000000000001
no outage,7,7320.0,2,1.200000000000001
no outage,7,7440.0,2,0.23333333333333428
no outage,7,7560.0,1,2.6500000000000012
no outage,7,7680.0,3,0.45000000000000107
no outage,7,7800.0,2,3.950000000000001
no outage,7,7920.0,2,4.400000000000001
"outage, fallback to local rules",7,0.0,0,
"outage, fallback to local rules",7,120.0,0,0.10000000000000142
"outage, fallback to local rules",7,240.0,2,4.700000000000001
"outage, fallback to local rules",7,360.0,2,0.45000000000000107
"outage, fallback to local rules",7,480.0,2,0.16666666666666785
"outage, fallback to local rules",7,600.0,2,0.23333333333333428
"outage, fallback to local rules",7,720.0,2,0.20000000000000107
"outage, fallback to local rules",7,840.0,1,0.20000000000000107
"outage, fallback to local rules",7,960.0,2,0.20000000000000107
"outage, fallback to local rules",7,1080.0,2,2.1500000000000012
"outage, fallback to local rules",7,1200.0,3,8.700000000000001
"outage, fallback to local rules",7,1320.0,2,0.820000000000001
"outage, fallback to local rules",7,1440.0,2,0.420000000000001
"outage, fallback to local rules",7,1560.0,2,5.700000000000001
"outage, fallback to local rules",7,1680.0,2,0.16666666666666785
"outage, fallback to local rules",7,1800.0,2,2.2333333333333343
"outage, fallback to local rules",7,1920.0,1,9.580000000000002
"outage, fallback to local rules",7,2040.0,3,1.1666666666666679
"outage, fallback to local rules",7,2160.0,2,7.233333333333334
"outage, fallback to local rules",7,2280.0,2,4.620000000000001
"outage, fallback to local rules",7,2400.0,2,0.18000000000000113
"outage, fallback to local rules",7,2520.0,2,0.23333333333333428
"outage, fallback to local rules",7,2640.0,2,5.980000000000001
"outage, fallback to local rules",7,2760.0,2,17.700000000000003
"outage, fallback to local rules",7,2880.0,2,14.833333333333334
"outage, fallback to local rules",7,3000.0,2,16.0
"outage, fallback to local rules",7,3120.0,1,19.950000000000003
"outage, fallback to local rules",7,3240.0,3,14.200000000000001
"outage, fallback to local rules",7,3360.0,1,1.950000000000001
"outage, fallback to local rules",7,3480.0,2,1.700000000000001
"outage, fallback to local rules",7,3600.0,2,1.450000000000001
"outage, fallback to local rules",7,3720.0,2,0.20000000000000107
"outage, fallback to local rules",7,3840.0,2,3.166666666666668
"outage, fallback to local rules",7,3960.0,2,7.200000000000001
"outage, fallback to local rules",7,4080.0,2,2.200000000000001
"outage, fallback to local rules",7,4200.0,2,4.450000000000001
"outage, fallback to local rules",7,4320.0,2,0.20000000000000107
"outage, fallback to local rules",7,4440.0,2,0.23333333333333428
"outage, fallback to local rules",7,4560.0,2,5.900000000000001
"outage, fallback to local rules",7,4680.0,2,0.20000000000000107
"outage, fallback to local rules",7,4800.0,2,0.2500000000000009
"outage, fallback to local rules",7,4920.0,1,0.7000000000000011
"outage, fallback to local rules",7,5040.0,2,0.20000000000000107
"outage, fallback to local rules",7,5160.0,1,0.20000000000000107
"outage, fallback to local rules",7,5280.0,3,2.180000000000001
"outage, fallback to local rules",7,5400.0,2,0.7000000000000011
"outage, fallback to local rules",7,5520.0,2,0.23333333333333428
"outage, fallback to local rules",7,5640.0,2,7.700000000000001
"outage, fallback to local rules",7,5760.0,1,0.45000000000000107
"outage, fallback to local rules",7,5880.0,3,0.16666666666666785
"outage, fallback to local rules",7,6000.0,1,0.220000000000001
"outage, fallback to local rules",7,6120.0,2,0.18000000000000113
"outage, fallback to local rules",7,6240.0,3,0.16666666666666785
"outage, fallback to local rules",7,6360.0,2,3.620000000000001
"outage, fallback to local rules",7,6480.0,2,2.5000000000000013
"outage, fallback to local rules",7,6600.0,2,0.45000000000000107
"outage, fallback to local rules",7,6720.0,2,6.620000000000002
"outage, fallback to local rules",7,6840.0,2,4.450000000000001
"outage, fallback to local rules",7,6960.0,2,0.45000000000000107
"outage, fallback to local rules",7,7080.0,2,0.7000000000000011
"outage, fallback to local rules",7,7200.0,2,2.200000000000001
"outage, fallback to local rules",7,7320.0,2,1.200000000000001
"outage, fallback to local rules",7,7440.0,2,0.23333333333333428
"outage, fallback to local rules",7,7560.0,1,2.6500000000000012
"outage, fallback to local rules",7,7680.0,3,0.45000000000000107
"outage, fallback to local rules",7,7800.0,2,3.950000000000001
"outage, fallback to local rules",7,7920.0,2,4.400000000000001
"outage, fail-safe stop",7,0.0,0,
"outage, fail-safe stop",7,120.0,0,0.10000000000000142
"outage, fail-safe stop",7,240.0,2,4.700000000000001
"outage, fail-safe stop",7,360.0,2,0.45000000000000107
"outage, fail-safe stop",7,480.0,2,0.16666666666666785
"outage, fail-safe stop",7,600.0,2,0.23333333333333428
"outage, fail-safe stop",7,720.0,2,0.20000000000000107
"outage, fail-safe stop",7,840.0,1,0.20000000000000107
"outage, fail-safe stop",7,960.0,2,0.20000000000000107
"outage, fail-safe stop",7,1080.0,2,2.1500000000000012
"outage, fail-safe stop",7,1200.0,3,8.700000000000001
"outage, fail-safe stop",7,1320.0,2,0.820000000000001
"outage, fail-safe stop",7,1440.0,2,0.420000000000001
"outage, fail-safe stop",7,1560.0,2,5.700000000000001
"outage, fail-safe stop",7,1680.0,2,0.16666666666666785
"outage, fail-safe stop",7,1800.0,2,2.2333333333333343
"outage, fail-safe stop",7,1920.0,1,9.580000000000002
"outage, fail-safe stop",7,2040.0,3,1.1666666666666679
"outage, fail-safe stop",7,2160.0,2,7.233333333333334
"outage, fail-safe stop",7,2280.0,2,4.620000000000001
"outage, fail-safe stop",7,2400.0,2,0.18000000000000113
"outage, fail-safe stop",7,2520.0,2,0.23333333333333428
"outage, fail-safe stop",7,2640.0,2,0.5000000000000012
"outage, fail-safe stop",7,2760.0,1,
"outage, fail-safe stop",7,2880.0,0,
"outage, fail-safe stop",7,3000.0,0,
"outage, fail-safe stop",7,3120.0,0,
"outage, fail-safe stop",7,3240.0,0,617.1
"outage, fail-safe stop",7,3360.0,1,564.6142857142858
"outage, fail-safe stop",7,3480.0,4,0.3000000000000007
"outage, fail-safe stop",7,3600.0,0,4.500000000000001
"outage, fail-safe stop",7,3720.0,2,0.20000000000000107
"outage, fail-safe stop",7,3840.0,3,0.16666666666666785
"outage, fail-safe stop",7,3960.0,2,4.700000000000001
"outage, fail-safe stop",7,4080.0,0,7.900000000000001
"outage, fail-safe stop",7,4200.0,2,2.700000000000001
"outage, fail-safe stop",7,4320.0,2,1.450000000000001
"outage, fail-safe stop",7,4440.0,2,7.950000000000001
"outage, fail-safe stop",7,4560.0,2,0.20000000000000107
"outage, fail-safe stop",7,4680.0,2,3.200000000000001
"outage, fail-safe stop",7,4800.0,2,2.950000000000001
"outage, fail-safe stop",7,4920.0,2,0.45000000000000107
"outage, fail-safe stop",7,5040.0,2,9.950000000000001
"outage, fail-safe stop",7,5160.0,2,4.500000000000001
"outage, fail-safe stop",7,5280.0,2,0.220000000000001
"outage, fail-safe stop",7,5400.0,2,0.23333333333333428
"outage, fail-safe stop",7,5520.0,1,0.8333333333333345
"outage, fail-safe stop",7,5640.0,2,0.23333333333333428
"outage, fail-safe stop",7,5760.0,1,0.15000000000000124
"outage, fail-safe stop",7,5880.0,3,4.200000000000001
"outage, fail-safe stop",7,6000.0,2,0.620000000000001
"outage, fail-safe stop",7,6120.0,2,0.16666666666666785
"outage, fail-safe stop",7,6240.0,2,8.5
"outage, fail-safe stop",7,6360.0,1,0.15000000000000124
"outage, fail-safe stop",7,6480.0,3,0.20000000000000107
"outage, fail-safe stop",7,6600.0,2,0.20000000000000107
"outage, fail-safe stop",7,6720.0,2,0.20000000000000107
"outage, fail-safe stop",7,6840.0,2,2.220000000000001
"outage, fail-safe stop",7,6960.0,2,0.8333333333333345
"outage, fail-safe stop",7,7080.0,2,3.700000000000001
"outage, fail-safe stop",7,7200.0,2,1.620000000000001
"outage, fail-safe stop",7,7320.0,2,10.200000000000001
"outage, fail-safe stop",7,7440.0,2,3.450000000000001
"outage, fail-safe stop",7,7560.0,2,0.9500000000000011
"outage, fail-safe stop",7,7680.0,2,0.20000000000000107
"outage, fail-safe stop",7,7800.0,2,3.700000000000001
"outage, fail-safe stop",7,7920.0,4,0.3800000000000011
no outage,8,0.0,0,
no outage,8,120.0,0,0.10000000000000142
no outage,8,240.0,2,2.950000000000001
no outage,8,360.0,2,2.700000000000001
no outage,8,480.0,2,1.450000000000001
no outage,8,600.0,2,0.20000000000000107
no outage,8,720.0,3,0.20000000000000107
no outage,8,840.0,2,4.450000000000001
no outage,8,960.0,1,1.1666666666666679
no outage,8,1080.0,2,3.820000000000001
no outage,8,1200.0,2,0.9500000000000011
no outage,8,1320.0,2,2.450000000000001
no outage,8,1440.0,2,1.450000000000001
no outage,8,1560.0,2,0.20000000000000107
no outage,8,1680.0,2,2.950000000000001
no outage,8,1800.0,2,0.16666666666666785
no outage,8,1920.0,2,3.020000000000001
no outage,8,2040.0,2,0.20000000000000107
no outage,8,2160.0,2,2.950000000000001
no outage,8,2280.0,2,2.950000000000001
no outage,8,2400.0,2,0.23333333333333428
no outage,8,2520.0,2,0.15000000000000124
no outage,8,2640.0,2,0.620000000000001
no outage,8,2760.0,2,5.950000000000001
no outage,8,2880.0,2,0.16666666666666785
no outage,8,3000.0,2,0.5000000000000012
no outage,8,3120.0,2,10.566666666666668
no outage,8,3240.0,1,2.820000000000001
no outage,8,3360.0,2,6.700000000000001
no outage,8,3480.0,2,0.20000000000000107
no outage,8,3600.0,2,4.450000000000001
no outage,8,3720.0,2,3.700000000000001
no outage,8,3840.0,2,4.450000000000001
no outage,8,3960.0,2,0.7000000000000011
no outage,8,4080.0,2,0.16666666666666785
no outage,8,4200.0,2,4.700000000000001
no outage,8,4320.0,2,0.23333333333333428
no outage,8,4440.0,1,2.5000000000000013
no outage,8,4560.0,3,5.020000000000001
no outage,8,4680.0,1,0.15000000000000124
no outage,8,4800.0,3,0.620000000000001
no outage,8,4920.0,2,0.45000000000000107
no outage,8,5040.0,2,8.950000000000001
no outage,8,5160.0,2,12.700000000000001
no outage,8,5280.0,2,10.020000000000001
no outage,8,5400.0,1,1.950000000000001
no outage,8,5520.0,2,0.20000000000000107
no outage,8,5640.0,2,0.20000000000000107
no outage,8,5760.0,2,9.450000000000001
no outage,8,5880.0,2,3.2333333333333343
no outage,8,6000.0,1,0.16666666666666785
no outage,8,6120.0,2,1.5800000000000012
no outage,8,6240.0,3,0.20000000000000107
no outage,8,6360.0,2,0.7000000000000011
no outage,8,6480.0,2,0.20000000000000107
no outage,8,6600.0,2,3.700000000000001
no outage,8,6720.0,2,0.45000000000000107
no outage,8,6840.0,2,0.23333333333333428
no outage,8,6960.0,2,2.4000000000000012
no outage,8,7080.0,2,0.20000000000000107
no outage,8,7200.0,2,3.750000000000001
no outage,8,7320.0,2,0.20000000000000107
no outage,8,7440.0,1,0.45000000000000107
no outage,8,7560.0,3,4.700000000000001
no outage,8,7680.0,2,0.20000000000000107
no outage,8,7800.0,1,4.450000000000001
no outage,8,7920.0,4,2.5000000000000013
"outage, fallback to local rules",8,0.0,0,
"outage, fallback to local rules",8,120.0,0,0.10000000000000142
"outage, fallback to local rules",8,240.0,2,2.950000000000001
"outage, fallback to local rules",8,360.0,2,2.700000000000001
"outage, fallback to local rules",8,480.0,2,1.450000000000001
"outage, fallback to local rules",8,600.0,2,0.20000000000000107
"outage, fallback to local rules",8,720.0,3,0.20000000000000107
"outage, fallback to local rules",8,840.0,2,4.450000000000001
"outage, fallback to local rules",8,960.0,1,1.1666666666666679
"outage, fallback to local rules",8,1080.0,2,3.820000000000001
"outage, fallback to local rules",8,1200.0,2,0.9500000000000011
"outage, fallback to local rules",8,1320.0,2,2.450000000000001
"outage, fallback to local rules",8,1440.0,2,1.450000000000001
"outage, fallback to local rules",8,1560.0,2,0.20000000000000107
"outage, fallback to local rules",8,1680.0,2,2.950000000000001
"outage, fallback to local rules",8,1800.0,2,0.16666666666666785
"outage, fallback to local rules",8,1920.0,2,3.020000000000001
"outage, fallback to local rules",8,2040.0,2,0.20000000000000107
"outage, fallback to local rules",8,2160.0,2,2.950000000000001
"outage, fallback to local rules",8,2280.0,2,2.950000000000001
"outage, fallback to local rules",8,2400.0,2,0.23333333333333428
"outage, fallback to local rules",8,2520.0,2,0.15000000000000124
"outage, fallback to local rules",8,2640.0,2,2.950000000000001
"outage, fallback to local rules",8,2760.0,2,16.82
"outage, fallback to local rules",8,2880.0,2,11.100000000000001
"outage, fallback to local rules",8,3000.0,2,15.233333333333334
"outage, fallback to local rules",8,3120.0,2,14.950000000000001
"outage, fallback to local rules",8,3240.0,1,11.420000000000002
"outage, fallback to local rules",8,3360.0,2,6.700000000000001
"outage, fallback to local rules",8,3480.0,2,0.20000000000000107
"outage, fallback to local rules",8,3600.0,2,4.700000000000001
"outage, fallback to local rules",8,3720.0,2,3.700000000000001
"outage, fallback to local rules",8,3840.0,2,4.450000000000001
"outage, fallback to local rules",8,3960.0,2,0.7000000000000011
"outage, fallback to local rules",8,4080.0,2,0.16666666666666785
"outage, fallback to local rules",8,4200.0,2,4.700000000000001
"outage, fallback to local rules",8,4320.0,2,0.23333333333333428
"outage, fallback to local rules",8,4440.0,1,2.5000000000000013
"outage, fallback to local rules",8,4560.0,3,5.220000000000001
"outage, fallback to local rules",8,4680.0,1,0.15000000000000124
"outage, fallback to local rules",8,4800.0,3,0.820000000000001
"outage, fallback to local rules",8,4920.0,2,0.7000000000000011
"outage, fallback to local rules",8,5040.0,2,8.950000000000001
"outage, fallback to local rules",8,5160.0,2,12.700000000000001
"outage, fallback to local rules",8,5280.0,2,10.020000000000001
"outage, fallback to local rules",8,5400.0,1,1.950000000000001
"outage, fallback to local rules",8,5520.0,2,0.20000000000000107
"outage, fallback to local rules",8,5640.0,2,0.20000000000000107
"outage, fallback to local rules",8,5760.0,2,9.200000000000001
"outage, fallback to local rules",8,5880.0,2,3.2333333333333343
"outage, fallback to local rules",8,6000.0,1,0.16666666666666785
"outage, fallback to local rules",8,6120.0,2,1.5800000000000012
"outage, fallback to local rules",8,6240.0,3,0.20000000000000107
"outage, fallback to local rules",8,6360.0,2,0.7000000000000011
"outage, fallback to local rules",8,6480.0,2,0.20000000000000107
"outage, fallback to local rules",8,6600.0,2,3.700000000000001
"outage, fallback to local rules",8,6720.0,2,0.45000000000000107
"outage, fallback to local rules",8,6840.0,2,0.23333333333333428
"outage, fallback to local rules",8,6960.0,2,3.1500000000000012
"outage, fallback to local rules",8,7080.0,2,0.20000000000000107
"outage, fallback to local rules",8,7200.0,2,4.000000000000001
"outage, fallback to local rules",8,7320.0,2,0.20000000000000107
"outage, fallback to local rules",8,7440.0,1,0.45000000000000107
"outage, fallback to local rules",8,7560.0,3,4.450000000000001
"outage, fallback to local rules",8,7680.0,2,0.20000000000000107
"outage, fallback to local rules",8,7800.0,1,4.450000000000001
"outage, fallback to local rules",8,7920.0,4,2.5000000000000013
"outage, fail-safe stop",8,0.0,0,
"outage, fail-safe stop",8,120.0,0,0.10000000000000142
"outage, fail-safe stop",8,240.0,2,2.950000000000001
"outage, fail-safe stop",8,360.0,2,2.700000000000001
"outage, fail-safe stop",8,480.0,2,1.450000000000001
"outage, fail-safe stop",8,600.0,2,0.20000000000000107
"outage, fail-safe stop",8,720.0,3,0.20000000000000107
"outage, fail-safe stop",8,840.0,2,4.450000000000001
"outage, fail-safe stop",8,960.0,1,1.1666666666666679
"outage, fail-safe stop",8,1080.0,2,3.820000000000001
"outage, fail-safe stop",8,1200.0,2,0.9500000000000011
"outage, fail-safe stop",8,1320.0,2,2.450000000000001
"outage, fail-safe stop",8,1440.0,2,1.450000000000001
"outage, fail-safe stop",8,1560.0,2,0.20000000000000107
"outage, fail-safe stop",8,1680.0,2,2.950000000000001
"outage, fail-safe stop",8,1800.0,2,0.16666666666666785
"outage, fail-safe stop",8,1920.0,2,3.020000000000001
"outage, fail-safe stop",8,2040.0,2,0.20000000000000107
"outage, fail-safe stop",8,2160.0,2,2.950000000000001
"outage, fail-safe stop",8,2280.0,2,2.950000000000001
"outage, fail-safe stop",8,2400.0,2,0.23333333333333428
"outage, fail-safe stop",8,2520.0,2,0.15000000000000124
"outage, fail-safe stop",8,2640.0,2,0.23333333333333428
"outage, fail-safe stop",8,2760.0,1,
"outage, fail-safe stop",8,2880.0,0,
"outage, fail-safe stop",8,3000.0,0,
"outage, fail-safe stop",8,3120.0,0,
"outage, fail-safe stop",8,3240.0,0,520.1
"outage, fail-safe stop",8,3360.0,1,526.1571428571428
"outage, fail-safe stop",8,3480.0,3,0.3000000000000007
"outage, fail-safe stop",8,3600.0,2,1.950000000000001
"outage, fail-safe stop",8,3720.0,2,0.20000000000000107
"outage, fail-safe stop",8,3840.0,3,0.23333333333333428
"outage, fail-safe stop",8,3960.0,0,0.40000000000000124
"outage, fail-safe stop",8,4080.0,4,3.900000000000001
"outage, fail-safe stop",8,4200.0,0,0.9500000000000011
"outage, fail-safe stop",8,4320.0,4,0.20000000000000107
"outage, fail-safe stop",8,4440.0,0,6.700000000000001
"outage, fail-safe stop",8,4560.0,2,1.700000000000001
"outage, fail-safe stop",8,4680.0,2,0.20000000000000107
"outage, fail-safe stop",8,4800.0,2,0.9500000000000011
"outage, fail-safe stop",8,4920.0,2,1.450000000000001
"outage, fail-safe stop",8,5040.0,2,0.45000000000000107
"outage, fail-safe stop",8,5160.0,2,14.5
"outage, fail-safe stop",8,5280.0,2,2.220000000000001
"outage, fail-safe stop",8,5400.0,2,0.20000000000000107
"outage, fail-safe stop",8,5520.0,2,1.950000000000001
"outage, fail-safe stop",8,5640.0,2,1.200000000000001
"outage, fail-safe stop",8,5760.0,2,4.450000000000001
"outage, fail-safe stop",8,5880.0,2,0.23333333333333428
"outage, fail-safe stop",8,6000.0,2,2.5000000000000013
"outage, fail-safe stop",8,6120.0,1,0.9500000000000011
"outage, fail-safe stop",8,6240.0,3,3.950000000000001
"outage, fail-safe stop",8,6360.0,1,0.45000000000000107
"outage, fail-safe stop",8,6480.0,3,0.16666666666666785
"outage, fail-safe stop",8,6600.0,1,0.9500000000000011
"outage, fail-safe stop",8,6720.0,2,0.620000000000001
"outage, fail-safe stop",8,6840.0,2,0.20000000000000107
"outage, fail-safe stop",8,6960.0,2,0.20000000000000107
"outage, fail-safe stop",8,7080.0,2,6.200000000000001
"outage, fail-safe stop",8,7200.0,2,8.700000000000001
"outage, fail-safe stop",8,7320.0,2,1.700000000000001
"outage, fail-safe stop",8,7440.0,2,3.700000000000001
"outage, fail-safe stop",8,7560.0,2,2.950000000000001
"outage, fail-safe stop",8,7680.0,2,1.950000000000001
"outage, fail-safe stop",8,7800.0,2,3.700000000000001
"outage, fail-safe stop",8,7920.0,3,3.3666666666666676
no outage,9,0.0,0,
no outage,9,120.0,0,5.100000000000001
no outage,9,240.0,2,0.20000000000000107
no outage,9,360.0,2,0.20000000000000107
no outage,9,480.0,2,0.9500000000000011
no outage,9,600.0,3,0.20000000000000107
no outage,9,720.0,1,2.200000000000001
no outage,9,840.0,2,0.7000000000000011
no outage,9,960.0,2,0.20000000000000107
no outage,9,1080.0,3,0.20000000000000107
no outage,9,1200.0,2,0.20000000000000107
no outage,9,1320.0,2,0.20000000000000107
no outage,9,1440.0,1,0.20000000000000107
no outage,9,1560.0,2,0.20000000000000107
no outage,9,1680.0,2,0.45000000000000107
no outage,9,1800.0,2,5.700000000000001
no outage,9,1920.0,2,0.16666666666666785
no outage,9,2040.0,2,4.220000000000001
no outage,9,2160.0,2,1.7800000000000011
no outage,9,2280.0,3,0.23333333333333428
no outage,9,2400.0,2,6.950000000000001
no outage,9,2520.0,2,0.20000000000000107
no outage,9,2640.0,2,0.18000000000000113
no outage,9,2760.0,2,6.500000000000001
no outage,9,2880.0,2,5.200000000000001
no outage,9,3000.0,2,1.200000000000001
no outage,9,3120.0,2,5.020000000000001
no outage,9,3240.0,2,0.820000000000001
no outage,9,3360.0,2,0.5000000000000012
no outage,9,3480.0,2,0.20000000000000107
no outage,9,3600.0,2,1.950000000000001
no outage,9,3720.0,2,0.20000000000000107
no outage,9,3840.0,1,2.0333333333333345
no outage,9,3960.0,3,0.20000000000000107
no outage,9,4080.0,2,4.450000000000001
no outage,9,4200.0,3,0.23333333333333428
no outage,9,4320.0,0,12.98
no outage,9,4440.0,3,2.000000000000001
no outage,9,4560.0,2,3.8333333333333344
no outage,9,4680.0,1,1.950000000000001
no outage,9,4800.0,2,6.450000000000001
no outage,9,4920.0,2,3.450000000000001
no outage,9,5040.0,2,2.200000000000001
no outage,9,5160.0,2,1.950000000000001
no outage,9,5280.0,3,0.15000000000000124
no outage,9,5400.0,2,0.220000000000001
no outage,9,5520.0,2,0.16666666666666785
no outage,9,5640.0,2,2.420000000000001
no outage,9,5760.0,2,0.20000000000000107
no outage,9,5880.0,1,5.950000000000001
no outage,9,6000.0,3,3.620000000000001
no outage,9,6120.0,1,0.7800000000000011
no outage,9,6240.0,3,1.2333333333333343
no outage,9,6360.0,1,0.20000000000000107
no outage,9,6480.0,2,0.18000000000000113
no outage,9,6600.0,2,5.900000000000001
no outage,9,6720.0,4,0.20000000000000107
no outage,9,6840.0,0,5.980000000000001
no outage,9,6960.0,3,3.000000000000001
no outage,9,7080.0,2,1.4000000000000012
no outage,9,7200.0,2,2.950000000000001
no outage,9,7320.0,2,3.700000000000001
no outage,9,7440.0,3,4.566666666666667
no outage,9,7560.0,1,6.450000000000001
no outage,9,7680.0,2,7.200000000000001
no outage,9,7800.0,1,4.1800000000000015
no outage,9,7920.0,4,1.642857142857144
"outage, fallback to local rules",9,0.0,0,
"outage, fallback to local rules",9,120.0,0,5.100000000000001
"outage, fallback to local rules",9,240.0,2,0.20000000000000107
"outage, fallback to local rules",9,360.0,2,0.20000000000000107
"outage, fallback to local rules",9,480.0,2,0.9500000000000011
"outage, fallback to local rules",9,600.0,3,0.20000000000000107
"outage, fallback to local rules",9,720.0,1,2.200000000000001
"outage, fallback to local rules",9,840.0,2,0.7000000000000011
"outage, fallback to local rules",9,960.0,2,0.20000000000000107
"outage, fallback to local rules",9,1080.0,3,0.20000000000000107
"outage, fallback to local rules",9,1200.0,2,0.20000000000000107
"outage, fallback to local rules",9,1320.0,2,0.20000000000000107
"outage, fallback to local rules",9,1440.0,1,0.20000000000000107
"outage, fallback to local rules",9,1560.0,2,0.20000000000000107
"outage, fallback to local rules",9,1680.0,2,0.45000000000000107
"outage, fallback to local rules",9,1800.0,2,5.700000000000001
"outage, fallback to local rules",9,1920.0,2,0.16666666666666785
"outage, fallback to local rules",9,2040.0,2,4.220000000000001
"outage, fallback to local rules",9,2160.0,2,1.7800000000000011
"outage, fallback to local rules",9,2280.0,3,0.23333333333333428
"outage, fallback to local rules",9,2400.0,2,6.950000000000001
"outage, fallback to local rules",9,2520.0,2,0.20000000000000107
"outage, fallback to local rules",9,2640.0,2,2.950000000000001
"outage, fallback to local rules",9,2760.0,1,13.833333333333334
"outage, fallback to local rules",9,2880.0,3,15.580000000000002
"outage, fallback to local rules",9,3000.0,2,16.900000000000002
"outage, fallback to local rules",9,3120.0,2,14.98
"outage, fallback to local rules",9,3240.0,2,11.420000000000002
"outage, fallback to local rules",9,3360.0,2,1.450000000000001
"outage, fallback to local rules",9,3480.0,2,0.20000000000000107
"outage, fallback to local rules",9,3600.0,2,1.950000000000001
"outage, fallback to local rules",9,3720.0,2,0.20000000000000107
"outage, fallback to local rules",9,3840.0,1,2.0333333333333345
"outage, fallback to local rules",9,3960.0,3,0.20000000000000107
"outage, fallback to local rules",9,4080.0,2,4.450000000000001
"outage, fallback to local rules",9,4200.0,3,0.23333333333333428
"outage, fallback to local rules",9,4320.0,0,12.98
"outage, fallback to local rules",9,4440.0,3,2.000000000000001
"outage, fallback to local rules",9,4560.0,2,3.5000000000000013
"outage, fallback to local rules",9,4680.0,1,0.20000000000000107
"outage, fallback to local rules",9,4800.0,2,6.450000000000001
"outage, fallback to local rules",9,4920.0,2,2.950000000000001
"outage, fallback to local rules",9,5040.0,2,1.450000000000001
"outage, fallback to local rules",9,5160.0,2,2.950000000000001
"outage, fallback to local rules",9,5280.0,3,0.15000000000000124
"outage, fallback to local rules",9,5400.0,2,0.220000000000001
"outage, fallback to local rules",9,5520.0,2,0.16666666666666785
"outage, fallback to local rules",9,5640.0,2,2.420000000000001
"outage, fallback to local rules",9,5760.0,2,0.20000000000000107
"outage, fallback to local rules",9,5880.0,1,5.450000000000001
"outage, fallback to local rules",9,6000.0,3,3.620000000000001
"outage, fallback to local rules",9,6120.0,1,0.7800000000000011
"outage, fallback to local rules",9,6240.0,3,1.2333333333333343
"outage, fallback to local rules",9,6360.0,1,0.20000000000000107
"outage, fallback to local rules",9,6480.0,2,0.18000000000000113
"outage, fallback to local rules",9,6600.0,2,5.900000000000001
"outage, fallback to local rules",9,6720.0,4,0.20000000000000107
"outage, fallback to local rules",9,6840.0,0,6.380000000000001
"outage, fallback to local rules",9,6960.0,3,3.000000000000001
"outage, fallback to local rules",9,7080.0,2,1.4000000000000012
"outage, fallback to local rules",9,7200.0,2,2.950000000000001
"outage, fallback to local rules",9,7320.0,2,5.450000000000001
"outage, fallback to local rules",9,7440.0,3,4.900000000000001
"outage, fallback to local rules",9,7560.0,1,6.450000000000001
"outage, fallback to local rules",9,7680.0,2,7.200000000000001
"outage, fallback to local rules",9,7800.0,1,3.580000000000001
"outage, fallback to local rules",9,7920.0,4,1.7857142857142867
"outage, fail-safe stop",9,0.0,0,
"outage, fail-safe stop",9,120.0,0,5.100000000000001
"outage, fail-safe stop",9,240.0,2,0.20000000000000107
"outage, fail-safe stop",9,360.0,2,0.20000000000000107
"outage, fail-safe stop",9,480.0,2,0.9500000000000011
"outage, fail-safe stop",9,600.0,3,0.20000000000000107
"outage, fail-safe stop",9,720.0,1,2.200000000000001
"outage, fail-safe stop",9,840.0,2,0.7000000000000011
"outage, fail-safe stop",9,960.0,2,0.20000000000000107
"outage, fail-safe stop",9,1080.0,3,0.20000000000000107
"outage, fail-safe stop",9,1200.0,2,0.20000000000000107
"outage, fail-safe stop",9,1320.0,2,0.20000000000000107
"outage, fail-safe stop",9,1440.0,1,0.20000000000000107
"outage, fail-safe stop",9,1560.0,2,0.20000000000000107
"outage, fail-safe stop",9,1680.0,2,0.45000000000000107
"outage, fail-safe stop",9,1800.0,2,5.700000000000001
"outage, fail-safe stop",9,1920.0,2,0.16666666666666785
"outage, fail-safe stop",9,2040.0,2,4.220000000000001
"outage, fail-safe stop",9,2160.0,2,1.7800000000000011
"outage, fail-safe stop",9,2280.0,3,0.23333333333333428
"outage, fail-safe stop",9,2400.0,2,6.950000000000001
"outage, fail-safe stop",9,2520.0,2,0.20000000000000107
"outage, fail-safe stop",9,2640.0,2,0.23333333333333428
"outage, fail-safe stop",9,2760.0,0,
"outage, fail-safe stop",9,2880.0,0,
"outage, fail-safe stop",9,3000.0,0,
"outage, fail-safe stop",9,3120.0,0,
"outage, fail-safe stop",9,3240.0,0,604.1
"outage, fail-safe stop",9,3360.0,1,517.1285714285715
"outage, fail-safe stop",9,3480.0,4,0.3000000000000007
"outage, fail-safe stop",9,3600.0,2,1.0000000000000009
"outage, fail-safe stop",9,3720.0,1,2.950000000000001
"outage, fail-safe stop",9,3840.0,2,2.450000000000001
"outage, fail-safe stop",9,3960.0,2,0.7000000000000011
"outage, fail-safe stop",9,4080.0,2,1.950000000000001
"outage, fail-safe stop",9,4200.0,2,5.950000000000001
"outage, fail-safe stop",9,4320.0,2,4.380000000000001
"outage, fail-safe stop",9,4440.0,2,0.16666666666666785
"outage, fail-safe stop",9,4560.0,3,0.7333333333333343
"outage, fail-safe stop",9,4680.0,2,0.8333333333333345
"outage, fail-safe stop",9,4800.0,2,2.5000000000000013
"outage, fail-safe stop",9,4920.0,2,9.950000000000001
"outage, fail-safe stop",9,5040.0,2,8.220000000000002
"outage, fail-safe stop",9,5160.0,1,0.23333333333333428
"outage, fail-safe stop",9,5280.0,2,0.20000000000000107
"outage, fail-safe stop",9,5400.0,1,3.3800000000000012
"outage, fail-safe stop",9,5520.0,4,3.950000000000001
"outage, fail-safe stop",9,5640.0,1,5.900000000000001
"outage, fail-safe stop",9,5760.0,1,2.580000000000001
"outage, fail-safe stop",9,5880.0,3,0.220000000000001
"outage, fail-safe stop",9,6000.0,2,0.20000000000000107
"outage, fail-safe stop",9,6120.0,2,2.200000000000001
"outage, fail-safe stop",9,6240.0,2,3.200000000000001
"outage, fail-safe stop",9,6360.0,2,0.45000000000000107
"outage, fail-safe stop",9,6480.0,2,1.200000000000001
"outage, fail-safe stop",9,6600.0,3,4.200000000000001
"outage, fail-safe stop",9,6720.0,1,1.1666666666666679
"outage, fail-safe stop",9,6840.0,2,3.820000000000001
"outage, fail-safe stop",9,6960.0,2,0.16666666666666785
"outage, fail-safe stop",9,7080.0,2,0.220000000000001
"outage, fail-safe stop",9,7200.0,2,2.3800000000000012
"outage, fail-safe stop",9,7320.0,3,0.9500000000000011
"outage, fail-safe stop",9,7440.0,2,4.700000000000001
"outage, fail-safe stop",9,7560.0,2,1.450000000000001
"outage, fail-safe stop",9,7680.0,2,1.450000000000001
"outage, fail-safe stop",9,7800.0,2,0.23333333333333428
"outage, fail-safe stop",9,7920.0,3,0.8666666666666677
no outage,10,0.0,0,
no outage,10,120.0,0,0.10000000000000142
no outage,10,240.0,2,0.16666666666666785
no outage,10,360.0,2,4.166666666666668
no outage,10,480.0,2,0.9000000000000009
no outage,10,600.0,2,3.950000000000001
no outage,10,720.0,2,2.700000000000001
no outage,10,840.0,2,5.200000000000001
no outage,10,960.0,2,0.7000000000000011
no outage,10,1080.0,2,1.1666666666666679
no outage,10,1200.0,2,0.2500000000000009
no outage,10,1320.0,1,1.8333333333333346
no outage,10,1440.0,3,2.8333333333333344
no outage,10,1560.0,1,2.3800000000000012
no outage,10,1680.0,3,1.950000000000001
no outage,10,1800.0,2,1.020000000000001
no outage,10,1920.0,2,0.20000000000000107
no outage,10,2040.0,2,6.620000000000002
no outage,10,2160.0,2,2.200000000000001
no outage,10,2280.0,2,0.16666666666666785
no outage,10,2400.0,2,2.950000000000001
no outage,10,2520.0,2,0.20000000000000107
no outage,10,2640.0,2,0.20000000000000107
no outage,10,2760.0,2,0.20000000000000107
no outage,10,2880.0,2,1.700000000000001
no outage,10,3000.0,2,3.620000000000001
no outage,10,3120.0,2,3.950000000000001
no outage,10,3240.0,2,1.8333333333333346
no outage,10,3360.0,2,0.20000000000000107
no outage,10,3480.0,2,3.700000000000001
no outage,10,3600.0,2,0.220000000000001
no outage,10,3720.0,2,3.700000000000001
no outage,10,3840.0,2,0.16666666666666785
no outage,10,3960.0,2,4.566666666666667
no outage,10,4080.0,1,3.700000000000001
no outage,10,4200.0,2,0.20000000000000107
no outage,10,4320.0,2,0.45000000000000107
no outage,10,4440.0,3,0.18000000000000113
no outage,10,4560.0,2,3.200000000000001
no outage,10,4680.0,2,2.950000000000001
no outage,10,4800.0,2,0.5666666666666677
no outage,10,4920.0,2,6.450000000000001
no outage,10,5040.0,1,4.950000000000001
no outage,10,5160.0,2,7.950000000000001
no outage,10,5280.0,2,9.200000000000001
no outage,10,5400.0,2,1.950000000000001
no outage,10,5520.0,2,0.20000000000000107
no outage,10,5640.0,2,0.20000000000000107
no outage,10,5760.0,1,2.950000000000001
no outage,10,5880.0,2,0.20000000000000107
no outage,10,6000.0,2,0.20000000000000107
no outage,10,6120.0,2,0.20000000000000107
no outage,10,6240.0,3,4.450000000000001
no outage,10,6360.0,2,3.950000000000001
no outage,10,6480.0,1,1.200000000000001
no outage,10,6600.0,2,1.200000000000001
no outage,10,6720.0,2,16.95
no outage,10,6840.0,2,0.20000000000000107
no outage,10,6960.0,2,0.16666666666666785
no outage,10,7080.0,2,0.20000000000000107
no outage,10,7200.0,2,0.220000000000001
no outage,10,7320.0,2,1.950000000000001
no outage,10,7440.0,2,1.450000000000001
no outage,10,7560.0,2,0.20000000000000107
no outage,10,7680.0,2,9.833333333333334
no outage,10,7800.0,2,0.20000000000000107
no outage,10,7920.0,3,1.3666666666666678
"outage, fallback to local rules",10,0.0,0,
"outage, fallback to local rules",10,120.0,0,0.10000000000000142
"outage, fallback to local rules",10,240.0,2,0.16666666666666785
"outage, fallback to local rules",10,360.0,2,4.166666666666668
"outage, fallback to local rules",10,480.0,2,0.9000000000000009
"outage, fallback to local rules",10,600.0,2,3.950000000000001
"outage, fallback to local rules",10,720.0,2,2.700000000000001
"outage, fallback to local rules",10,840.0,2,5.200000000000001
"outage, fallback to local rules",10,960.0,2,0.7000000000000011
"outage, fallback to local rules",10,1080.0,2,1.1666666666666679
"outage, fallback to local rules",10,1200.0,2,0.2500000000000009
"outage, fallback to local rules",10,1320.0,1,1.8333333333333346
"outage, fallback to local rules",10,1440.0,3,2.8333333333333344
"outage, fallback to local rules",10,1560.0,1,2.3800000000000012
"outage, fallback to local rules",10,1680.0,3,1.950000000000001
"outage, fallback to local rules",10,1800.0,2,1.020000000000001
"outage, fallback to local rules",10,1920.0,2,0.20000000000000107
"outage, fallback to local rules",10,2040.0,2,6.620000000000002
"outage, fallback to local rules",10,2160.0,2,2.200000000000001
"outage, fallback to local rules",10,2280.0,2,0.16666666666666785
"outage, fallback to local rules",10,2400.0,2,2.950000000000001
"outage, fallback to local rules",10,2520.0,2,0.20000000000000107
"outage, fallback to local rules",10,2640.0,2,0.23333333333333428
"outage, fallback to local rules",10,2760.0,1,13.580000000000002
"outage, fallback to local rules",10,2880.0,3,19.950000000000003
"outage, fallback to local rules",10,3000.0,2,15.200000000000001
"outage, fallback to local rules",10,3120.0,2,16.450000000000003
"outage, fallback to local rules",10,3240.0,1,12.833333333333334
"outage, fallback to local rules",10,3360.0,3,5.220000000000001
"outage, fallback to local rules",10,3480.0,2,3.700000000000001
"outage, fallback to local rules",10,3600.0,2,0.220000000000001
"outage, fallback to local rules",10,3720.0,2,3.700000000000001
"outage, fallback to local rules",10,3840.0,2,0.16666666666666785
"outage, fallback to local rules",10,3960.0,2,4.566666666666667
"outage, fallback to local rules",10,4080.0,1,3.700000000000001
"outage, fallback to local rules",10,4200.0,2,0.20000000000000107
"outage, fallback to local rules",10,4320.0,2,0.45000000000000107
"outage, fallback to local rules",10,4440.0,3,0.18000000000000113
"outage, fallback to local rules",10,4560.0,2,3.700000000000001
"outage, fallback to local rules",10,4680.0,2,2.950000000000001
"outage, fallback to local rules",10,4800.0,2,0.5666666666666677
"outage, fallback to local rules",10,4920.0,2,5.700000000000001
"outage, fallback to local rules",10,5040.0,1,5.450000000000001
"outage, fallback to local rules",10,5160.0,2,9.950000000000001
"outage, fallback to local rules",10,5280.0,2,9.200000000000001
"outage, fallback to local rules",10,5400.0,2,1.950000000000001
"outage, fallback to local rules",10,5520.0,2,0.20000000000000107
"outage, fallback to local rules",10,5640.0,2,0.20000000000000107
"outage, fallback to local rules",10,5760.0,1,2.950000000000001
"outage, fallback to local rules",10,5880.0,2,0.20000000000000107
"outage, fallback to local rules",10,6000.0,2,0.20000000000000107
"outage, fallback to local rules",10,6120.0,2,0.20000000000000107
"outage, fallback to local rules",10,6240.0,3,4.450000000000001
"outage, fallback to local rules",10,6360.0,2,3.950000000000001
"outage, fallback to local rules",10,6480.0,1,1.200000000000001
"outage, fallback to local rules",10,6600.0,2,1.200000000000001
"outage, fallback to local rules",10,6720.0,2,16.95
"outage, fallback to local rules",10,6840.0,2,0.20000000000000107
"outage, fallback to local rules",10,6960.0,2,0.16666666666666785
"outage, fallback to local rules",10,7080.0,2,0.20000000000000107
"outage, fallback to local rules",10,7200.0,2,0.220000000000001
"outage, fallback to local rules",10,7320.0,2,1.950000000000001
"outage, fallback to local rules",10,7440.0,2,1.450000000000001
"outage, fallback to local rules",10,7560.0,2,0.20000000000000107
"outage, fallback to local rules",10,7680.0,2,9.833333333333334
"outage, fallback to local rules",10,7800.0,2,0.20000000000000107
"outage, fallback to local rules",10,7920.0,3,1.5333333333333343
"outage, fail-safe stop",10,0.0,0,
"outage, fail-safe stop",10,120.0,0,0.10000000000000142
"outage, fail-safe stop",10,240.0,2,0.16666666666666785
"outage, fail-safe stop",10,360.0,2,4.166666666666668
"outage, fail-safe stop",10,480.0,2,0.9000000000000009
"outage, fail-safe stop",10,600.0,2,3.950000000000001
"outage, fail-safe stop",10,720.0,2,2.700000000000001
"outage, fail-safe stop",10,840.0,2,5.200000000000001
"outage, fail-safe stop",10,960.0,2,0.7000000000000011
"outage, fail-safe stop",10,1080.0,2,1.1666666666666679
"outage, fail-safe stop",10,1200.0,2,0.2500000000000009
"outage, fail-safe stop",10,1320.0,1,1.8333333333333346
"outage, fail-safe stop",10,1440.0,3,2.8333333333333344
"outage, fail-safe stop",10,1560.0,1,2.3800000000000012
"outage, fail-safe stop",10,1680.0,3,1.950000000000001
"outage, fail-safe stop",10,1800.0,2,1.020000000000001
"outage, fail-safe stop",10,1920.0,2,0.20000000000000107
"outage, fail-safe stop",10,2040.0,2,6.620000000000002
"outage, fail-safe stop",10,2160.0,2,2.200000000000001
"outage, fail-safe stop",10,2280.0,2,0.16666666666666785
"outage, fail-safe stop",10,2400.0,2,2.950000000000001
"outage, fail-safe stop",10,2520.0,2,0.20000000000000107
"outage, fail-safe stop",10,2640.0,2,0.23333333333333428
"outage, fail-safe stop",10,2760.0,1,
"outage, fail-safe stop",10,2880.0,0,
"outage, fail-safe stop",10,3000.0,0,
"outage, fail-safe stop",10,3120.0,0,
"outage, fail-safe stop",10,3240.0,0,597.1
"outage, fail-safe stop",10,3360.0,1,528.4428571428572
"outage, fail-safe stop",10,3480.0,5,0.3000000000000007
"outage, fail-safe stop",10,3600.0,0,4.450000000000001
"outage, fail-safe stop",10,3720.0,2,0.7000000000000011
"outage, fail-safe stop",10,3840.0,2,1.8333333333333346
"outage, fail-safe stop",10,3960.0,2,4.500000000000001
"outage, fail-safe stop",10,4080.0,2,2.420000000000001
"outage, fail-safe stop",10,4200.0,2,9.220000000000002
"outage, fail-safe stop",10,4320.0,2,12.450000000000001
"outage, fail-safe stop",10,4440.0,2,2.200000000000001
"outage, fail-safe stop",10,4560.0,2,4.833333333333335
"outage, fail-safe stop",10,4680.0,2,0.16666666666666785
"outage, fail-safe stop",10,4800.0,2,3.750000000000001
"outage, fail-safe stop",10,4920.0,1,0.3800000000000011
"outage, fail-safe stop",10,5040.0,3,2.950000000000001
"outage, fail-safe stop",10,5160.0,2,0.20000000000000107
"outage, fail-safe stop",10,5280.0,2,0.420000000000001
"outage, fail-safe stop",10,5400.0,2,0.16666666666666785
"outage, fail-safe stop",10,5520.0,2,5.900000000000001
"outage, fail-safe stop",10,5640.0,2,0.7000000000000011
"outage, fail-safe stop",10,5760.0,1,1.200000000000001
"outage, fail-safe stop",10,5880.0,2,2.200000000000001
"outage, fail-safe stop",10,6000.0,2,0.23333333333333428
"outage, fail-safe stop",10,6120.0,2,1.8333333333333346
"outage, fail-safe stop",10,6240.0,1,2.200000000000001
"outage, fail-safe stop",10,6360.0,2,0.20000000000000107
"outage, fail-safe stop",10,6480.0,2,3.700000000000001
"outage, fail-safe stop",10,6600.0,2,2.700000000000001
"outage, fail-safe stop",10,6720.0,3,2.700000000000001
"outage, fail-safe stop",10,6840.0,2,1.950000000000001
"outage, fail-safe stop",10,6960.0,1,0.20000000000000107
"outage, fail-safe stop",10,7080.0,2,0.20000000000000107
"outage, fail-safe stop",10,7200.0,2,0.7000000000000011
"outage, fail-safe stop",10,7320.0,2,0.7000000000000011
"outage, fail-safe stop",10,7440.0,2,0.16666666666666785
"outage, fail-safe stop",10,7560.0,2,0.20000000000000107
"outage, fail-safe stop",10,7680.0,2,2.450000000000001
"outage, fail-safe stop",10,7800.0,2,1.820000000000001
"outage, fail-safe stop",10,7920.0,4,3.166666666666668
no outage,11,0.0,0,
no outage,11,120.0,0,0.10000000000000142
no outage,11,240.0,2,0.5800000000000012
no outage,11,360.0,3,0.45000000000000107
no outage,11,480.0,2,0.5666666666666677
no outage,11,600.0,1,0.5000000000000012
no outage,11,720.0,2,0.620000000000001
no outage,11,840.0,2,0.45000000000000107
no outage,11,960.0,2,0.7000000000000011
no outage,11,1080.0,2,0.20000000000000107
no outage,11,1200.0,2,1.950000000000001
no outage,11,1320.0,2,1.8333333333333346
no outage,11,1440.0,2,6.450000000000001
no outage,11,1560.0,2,2.700000000000001
no outage,11,1680.0,2,8.950000000000001
no outage,11,1800.0,2,4.450000000000001
no outage,11,1920.0,2,0.20000000000000107
no outage,11,2040.0,2,8.780000000000001
no outage,11,2160.0,2,0.20000000000000107
no outage,11,2280.0,2,2.620000000000001
no outage,11,2400.0,2,0.20000000000000107
no outage,11,2520.0,2,3.5666666666666678
no outage,11,2640.0,1,5.700000000000001
no outage,11,2760.0,2,0.3800000000000011
no outage,11,2880.0,3,2.8333333333333344
no outage,11,3000.0,2,1.0666666666666675
no outage,11,3120.0,2,1.200000000000001
no outage,11,3240.0,2,0.20000000000000107
no outage,11,3360.0,2,0.45000000000000107
no outage,11,3480.0,2,0.20000000000000107
no outage,11,3600.0,2,4.700000000000001
no outage,11,3720.0,1,4.450000000000001
no outage,11,3840.0,2,2.580000000000001
no outage,11,3960.0,3,0.9500000000000011
no outage,11,4080.0,2,0.20000000000000107
no outage,11,4200.0,2,6.200000000000001
no outage,11,4320.0,2,0.5666666666666677
no outage,11,4440.0,2,5.980000000000001
no outage,11,4560.0,3,0.20000000000000107
no outage,11,4680.0,2,8.38
no outage,11,4800.0,2,2.250000000000001
no outage,11,4920.0,1,0.16666666666666785
no outage,11,5040.0,2,4.200000000000001
no outage,11,5160.0,2,0.20000000000000107
no outage,11,5280.0,2,1.820000000000001
no outage,11,5400.0,3,0.16666666666666785
no outage,11,5520.0,1,2.820000000000001
no outage,11,5640.0,2,3.5000000000000013
no outage,11,5760.0,2,0.23333333333333428
no outage,11,5880.0,1,1.1500000000000012
no outage,11,6000.0,3,2.020000000000001
no outage,11,6120.0,1,2.5666666666666678
no outage,11,6240.0,3,0.5800000000000012
no outage,11,6360.0,2,4.020000000000001
no outage,11,6480.0,2,0.20000000000000107
no outage,11,6600.0,2,1.200000000000001
no outage,11,6720.0,2,0.20000000000000107
no outage,11,6840.0,2,0.20000000000000107
no outage,11,6960.0,2,0.16666666666666785
no outage,11,7080.0,2,0.9500000000000011
no outage,11,7200.0,2,2.700000000000001
no outage,11,7320.0,2,5.566666666666667
no outage,11,7440.0,1,2.200000000000001
no outage,11,7560.0,3,0.18000000000000113
no outage,11,7680.0,2,0.45000000000000107
no outage,11,7800.0,2,4.833333333333335
no outage,11,7920.0,2,2.5666666666666678
"outage, fallback to local rules",11,0.0,0,
"outage, fallback to local rules",11,120.0,0,0.10000000000000142
"outage, fallback to local rules",11,240.0,2,0.5800000000000012
"outage, fallback to local rules",11,360.0,3,0.45000000000000107
"outage, fallback to local rules",11,480.0,2,0.5666666666666677
"outage, fallback to local rules",11,600.0,1,0.5000000000000012
"outage, fallback to local rules",11,720.0,2,0.620000000000001
"outage, fallback to local rules",11,840.0,2,0.45000000000000107
"outage, fallback to local rules",11,960.0,2,0.7000000000000011
"outage, fallback to local rules",11,1080.0,2,0.20000000000000107
"outage, fallback to local rules",11,1200.0,2,1.950000000000001
"outage, fallback to local rules",11,1320.0,2,1.8333333333333346
"outage, fallback to local rules",11,1440.0,2,6.450000000000001
"outage, fallback to local rules",11,1560.0,2,2.700000000000001
"outage, fallback to local rules",11,1680.0,2,8.950000000000001
"outage, fallback to local rules",11,1800.0,2,4.450000000000001
"outage, fallback to local rules",11,1920.0,2,0.20000000000000107
"outage, fallback to local rules",11,2040.0,2,8.780000000000001
"outage, fallback to local rules",11,2160.0,2,0.20000000000000107
"outage, fallback to local rules",11,2280.0,2,2.620000000000001
"outage, fallback to local rules",11,2400.0,2,0.20000000000000107
"outage, fallback to local rules",11,2520.0,2,3.5666666666666678
"outage, fallback to local rules",11,2640.0,1,7.700000000000001
"outage, fallback to local rules",11,2760.0,2,12.650000000000002
"outage, fallback to local rules",11,2880.0,3,15.950000000000001
"outage, fallback to local rules",11,3000.0,2,20.220000000000002
"outage, fallback to local rules",11,3120.0,2,13.166666666666666
"outage, fallback to local rules",11,3240.0,2,14.233333333333334
"outage, fallback to local rules",11,3360.0,2,0.16666666666666785
"outage, fallback to local rules",11,3480.0,2,3.900000000000001
"outage, fallback to local rules",11,3600.0,2,5.450000000000001
"outage, fallback to local rules",11,3720.0,1,4.450000000000001
"outage, fallback to local rules",11,3840.0,2,2.580000000000001
"outage, fallback to local rules",11,3960.0,3,0.9500000000000011
"outage, fallback to local rules",11,4080.0,2,0.20000000000000107
"outage, fallback to local rules",11,4200.0,2,6.200000000000001
"outage, fallback to local rules",11,4320.0,2,0.5666666666666677
"outage, fallback to local rules",11,4440.0,2,5.1800000000000015
"outage, fallback to local rules",11,4560.0,3,0.20000000000000107
"outage, fallback to local rules",11,4680.0,2,7.980000000000001
"outage, fallback to local rules",11,4800.0,2,2.000000000000001
"outage, fallback to local rules",11,4920.0,1,0.16666666666666785
"outage, fallback to local rules",11,5040.0,2,4.200000000000001
"outage, fallback to local rules",11,5160.0,2,0.20000000000000107
"outage, fallback to local rules",11,5280.0,2,1.450000000000001
"outage, fallback to local rules",11,5400.0,3,1.200000000000001
"outage, fallback to local rules",11,5520.0,1,2.820000000000001
"outage, fallback to local rules",11,5640.0,2,3.5000000000000013
"outage, fallback to local rules",11,5760.0,2,0.23333333333333428
"outage, fallback to local rules",11,5880.0,1,1.1500000000000012
"outage, fallback to local rules",11,6000.0,3,2.020000000000001
"outage, fallback to local rules",11,6120.0,1,1.5666666666666675
"outage, fallback to local rules",11,6240.0,3,0.5800000000000012
"outage, fallback to local rules",11,6360.0,2,4.020000000000001
"outage, fallback to local rules",11,6480.0,2,0.20000000000000107
"outage, fallback to local rules",11,6600.0,2,1.200000000000001
"outage, fallback to local rules",11,6720.0,2,0.20000000000000107
"outage, fallback to local rules",11,6840.0,2,0.45000000000000107
"outage, fallback to local rules",11,6960.0,2,0.16666666666666785
"outage, fallback to local rules",11,7080.0,2,0.9500000000000011
"outage, fallback to local rules",11,7200.0,2,2.700000000000001
"outage, fallback to local rules",11,7320.0,2,5.566666666666667
"outage, fallback to local rules",11,7440.0,1,2.700000000000001
"outage, fallback to local rules",11,7560.0,3,0.18000000000000113
"outage, fallback to local rules",11,7680.0,2,0.45000000000000107
"outage, fallback to local rules",11,7800.0,2,4.833333333333335
"outage, fallback to local rules",11,7920.0,2,2.5666666666666678
"outage, fail-safe stop",11,0.0,0,
"outage, fail-safe stop",11,120.0,0,0.10000000000000142
"outage, fail-safe stop",11,240.0,2,0.5800000000000012
"outage, fail-safe stop",11,360.0,3,0.45000000000000107
"outage, fail-safe stop",11,480.0,2,0.5666666666666677
"outage, fail-safe stop",11,600.0,1,0.5000000000000012
"outage, fail-safe stop",11,720.0,2,0.620000000000001
"outage, fail-safe stop",11,840.0,2,0.45000000000000107
"outage, fail-safe stop",11,960.0,2,0.7000000000000011
"outage, fail-safe stop",11,1080.0,2,0.20000000000000107
"outage, fail-safe stop",11,1200.0,2,1.950000000000001
"outage, fail-safe stop",11,1320.0,2,1.8333333333333346
"outage, fail-safe stop",11,1440.0,2,6.450000000000001
"outage, fail-safe stop",11,1560.0,2,2.700000000000001
"outage, fail-safe stop",11,1680.0,2,8.950000000000001
"outage, fail-safe stop",11,1800.0,2,4.450000000000001
"outage, fail-safe stop",11,1920.0,2,0.20000000000000107
"outage, fail-safe stop",11,2040.0,2,8.780000000000001
"outage, fail-safe stop",11,2160.0,2,0.20000000000000107
"outage, fail-safe stop",11,2280.0,2,2.620000000000001
"outage, fail-safe stop",11,2400.0,2,0.20000000000000107
"outage, fail-safe stop",11,2520.0,2,3.5666666666666678
"outage, fail-safe stop",11,2640.0,1,4.500000000000001
"outage, fail-safe stop",11,2760.0,2,
"outage, fail-safe stop",11,2880.0,0,
"outage, fail-safe stop",11,3000.0,0,
"outage, fail-safe stop",11,3120.0,0,
"outage, fail-safe stop",11,3240.0,0,503.1
"outage, fail-safe stop",11,3360.0,1,558.7571428571429
"outage, fail-safe stop",11,3480.0,4,0.3000000000000007
"outage, fail-safe stop",11,3600.0,0,0.6500000000000012
"outage, fail-safe stop",11,3720.0,3,0.20000000000000107
"outage, fail-safe stop",11,3840.0,2,0.20000000000000107
"outage, fail-safe stop",11,3960.0,2,3.950000000000001
"outage, fail-safe stop",11,4080.0,2,1.8333333333333346
"outage, fail-safe stop",11,4200.0,2,5.566666666666667
"outage, fail-safe stop",11,4320.0,2,5.380000000000001
"outage, fail-safe stop",11,4440.0,2,2.200000000000001
"outage, fail-safe stop",11,4560.0,2,2.000000000000001
"outage, fail-safe stop",11,4680.0,2,7.1800000000000015
"outage, fail-safe stop",11,4800.0,2,3.5000000000000013
"outage, fail-safe stop",11,4920.0,2,1.220000000000001
"outage, fail-safe stop",11,5040.0,2,0.7000000000000011
"outage, fail-safe stop",11,5160.0,2,2.820000000000001
"outage, fail-safe stop",11,5280.0,2,1.1666666666666679
"outage, fail-safe stop",11,5400.0,2,2.020000000000001
"outage, fail-safe stop",11,5520.0,2,0.16666666666666785
"outage, fail-safe stop",11,5640.0,2,0.23333333333333428
"outage, fail-safe stop",11,5760.0,1,0.20000000000000107
"outage, fail-safe stop",11,5880.0,2,2.200000000000001
"outage, fail-safe stop",11,6000.0,3,0.20000000000000107
"outage, fail-safe stop",11,6120.0,2,3.450000000000001
"outage, fail-safe stop",11,6240.0,1,2.700000000000001
"outage, fail-safe stop",11,6360.0,2,1.950000000000001
"outage, fail-safe stop",11,6480.0,2,0.16666666666666785
"outage, fail-safe stop",11,6600.0,3,2.220000000000001
"outage, fail-safe stop",11,6720.0,1,0.20000000000000107
"outage, fail-safe stop",11,6840.0,2,2.700000000000001
"outage, fail-safe stop",11,6960.0,2,0.20000000000000107
"outage, fail-safe stop",11,7080.0,3,0.18000000000000113
"outage, fail-safe stop",11,7200.0,2,3.2333333333333343
"outage, fail-safe stop",11,7320.0,2,2.200000000000001
"outage, fail-safe stop",11,7440.0,2,0.20000000000000107
"outage, fail-safe stop",11,7560.0,1,0.20000000000000107
"outage, fail-safe stop",11,7680.0,2,0.20000000000000107
"outage, fail-safe stop",11,7800.0,2,10.200000000000001
"outage, fail-safe stop",11,7920.0,3,0.18000000000000113
no outage,12,0.0,0,
no outage,12,120.0,0,0.10000000000000142
no outage,12,240.0,3,1.200000000000001
no outage,12,360.0,1,12.700000000000001
no outage,12,480.0,2,0.20000000000000107
no outage,12,600.0,2,4.200000000000001
no outage,12,720.0,2,0.5800000000000012
no outage,12,840.0,3,5.200000000000001
no outage,12,960.0,2,0.9500000000000011
no outage,12,1080.0,2,1.950000000000001
no outage,12,1200.0,2,2.950000000000001
no outage,12,1320.0,2,0.45000000000000107
no outage,12,1440.0,2,0.9500000000000011
no outage,12,1560.0,2,5.566666666666667
no outage,12,1680.0,1,0.20000000000000107
no outage,12,1800.0,2,0.18000000000000113
no outage,12,1920.0,3,0.20000000000000107
no outage,12,2040.0,2,0.2500000000000009
no outage,12,2160.0,2,0.16666666666666785
no outage,12,2280.0,2,0.18000000000000113
no outage,12,2400.0,2,0.20000000000000107
no outage,12,2520.0,2,0.20000000000000107
no outage,12,2640.0,2,0.20000000000000107
no outage,12,2760.0,2,0.45000000000000107
no outage,12,2880.0,2,1.8666666666666678
no outage,12,3000.0,3,4.200000000000001
no outage,12,3120.0,2,10.833333333333334
no outage,12,3240.0,2,1.0666666666666675
no outage,12,3360.0,2,3.5000000000000013
no outage,12,3480.0,2,4.200000000000001
no outage,12,3600.0,2,2.200000000000001
no outage,12,3720.0,2,0.45000000000000107
no outage,12,3840.0,2,0.420000000000001
no outage,12,3960.0,2,2.8333333333333344
no outage,12,4080.0,2,0.620000000000001
no outage,12,4200.0,2,0.20000000000000107
no outage,12,4320.0,2,9.950000000000001
no outage,12,4440.0,2,5.700000000000001
no outage,12,4560.0,2,0.20000000000000107
no outage,12,4680.0,2,4.950000000000001
no outage,12,4800.0,2,0.20000000000000107
no outage,12,4920.0,2,0.20000000000000107
no outage,12,5040.0,2,0.20000000000000107
no outage,12,5160.0,3,0.20000000000000107
no outage,12,5280.0,1,2.700000000000001
no outage,12,5400.0,3,3.5000000000000013
no outage,12,5520.0,1,9.700000000000001
no outage,12,5640.0,3,2.950000000000001
no outage,12,5760.0,1,0.20000000000000107
no outage,12,5880.0,2,3.200000000000001
no outage,12,6000.0,2,1.220000000000001
no outage,12,6120.0,2,0.20000000000000107
no outage,12,6240.0,2,0.7000000000000011
no outage,12,6360.0,2,0.7800000000000011
no outage,12,6480.0,3,0.20000000000000107
no outage,12,6600.0,2,8.233333333333334
no outage,12,6720.0,1,11.200000000000001
no outage,12,6840.0,3,0.20000000000000107
no outage,12,6960.0,1,2.700000000000001
no outage,12,7080.0,2,1.450000000000001
no outage,12,7200.0,2,0.18000000000000113
no outage,12,7320.0,3,0.23333333333333428
no outage,12,7440.0,2,0.3800000000000011
no outage,12,7560.0,2,0.9500000000000011
no outage,12,7680.0,2,0.20000000000000107
no outage,12,7800.0,2,4.450000000000001
no outage,12,7920.0,3,0.220000000000001
"outage, fallback to local rules",12,0.0,0,
"outage, fallback to local rules",12,120.0,0,0.10000000000000142
"outage, fallback to local rules",12,240.0,3,1.200000000000001
"outage, fallback to local rules",12,360.0,1,12.700000000000001
"outage, fallback to local rules",12,480.0,2,0.20000000000000107
"outage, fallback to local rules",12,600.0,2,4.200000000000001
"outage, fallback to local rules",12,720.0,2,0.5800000000000012
"outage, fallback to local rules",12,840.0,3,5.200000000000001
"outage, fallback to local rules",12,960.0,2,0.9500000000000011
"outage, fallback to local rules",12,1080.0,2,1.950000000000001
"outage, fallback to local rules",12,1200.0,2,2.950000000000001
"outage, fallback to local rules",12,1320.0,2,0.45000000000000107
"outage, fallback to local rules",12,1440.0,2,0.9500000000000011
"outage, fallback to local rules",12,1560.0,2,5.566666666666667
"outage, fallback to local rules",12,1680.0,1,0.20000000000000107
"outage, fallback to local rules",12,1800.0,2,0.18000000000000113
"outage, fallback to local rules",12,1920.0,3,0.20000000000000107
"outage, fallback to local rules",12,2040.0,2,0.2500000000000009
"outage, fallback to local rules",12,2160.0,2,0.16666666666666785
"outage, fallback to local rules",12,2280.0,2,0.18000000000000113
"outage, fallback to local rules",12,2400.0,2,0.20000000000000107
"outage, fallback to local rules",12,2520.0,2,0.20000000000000107
"outage, fallback to local rules",12,2640.0,2,2.950000000000001
"outage, fallback to local rules",12,2760.0,2,17.200000000000003
"outage, fallback to local rules",12,2880.0,2,15.866666666666667
"outage, fallback to local rules",12,3000.0,3,13.833333333333334
"outage, fallback to local rules",12,3120.0,2,17.450000000000003
"outage, fallback to local rules",12,3240.0,2,15.450000000000001
"outage, fallback to local rules",12,3360.0,2,8.620000000000001
"outage, fallback to local rules",12,3480.0,2,3.700000000000001
"outage, fallback to local rules",12,3600.0,2,5.200000000000001
"outage, fallback to local rules",12,3720.0,2,0.20000000000000107
"outage, fallback to local rules",12,3840.0,2,0.420000000000001
"outage, fallback to local rules",12,3960.0,2,2.8333333333333344
"outage, fallback to local rules",12,4080.0,2,0.620000000000001
"outage, fallback to local rules",12,4200.0,2,0.20000000000000107
"outage, fallback to local rules",12,4320.0,2,9.700000000000001
"outage, fallback to local rules",12,4440.0,2,6.700000000000001
"outage, fallback to local rules",12,4560.0,2,0.20000000000000107
"outage, fallback to local rules",12,4680.0,2,4.950000000000001
"outage, fallback to local rules",12,4800.0,2,0.20000000000000107
"outage, fallback to local rules",12,4920.0,2,0.20000000000000107
"outage, fallback to local rules",12,5040.0,2,0.20000000000000107
"outage, fallback to local rules",12,5160.0,3,0.20000000000000107
"outage, fallback to local rules",12,5280.0,1,2.200000000000001
"outage, fallback to local rules",12,5400.0,3,3.5000000000000013
"outage, fallback to local rules",12,5520.0,1,9.700000000000001
"outage, fallback to local rules",12,5640.0,3,2.950000000000001
"outage, fallback to local rules",12,5760.0,1,0.20000000000000107
"outage, fallback to local rules",12,5880.0,2,3.200000000000001
"outage, fallback to local rules",12,6000.0,2,1.220000000000001
"outage, fallback to local rules",12,6120.0,2,0.20000000000000107
"outage, fallback to local rules",12,6240.0,2,1.450000000000001
"outage, fallback to local rules",12,6360.0,2,0.3800000000000011
"outage, fallback to local rules",12,6480.0,3,0.20000000000000107
"outage, fallback to local rules",12,6600.0,2,8.233333333333334
"outage, fallback to local rules",12,6720.0,1,12.700000000000001
"outage, fallback to local rules",12,6840.0,3,0.20000000000000107
"outage, fallback to local rules",12,6960.0,1,2.700000000000001
"outage, fallback to local rules",12,7080.0,2,1.450000000000001
"outage, fallback to local rules",12,7200.0,2,0.18000000000000113
"outage, fallback to local rules",12,7320.0,3,0.23333333333333428
"outage, fallback to local rules",12,7440.0,2,0.3800000000000011
"outage, fallback to local rules",12,7560.0,2,0.9500000000000011
"outage, fallback to local rules",12,7680.0,2,0.420000000000001
"outage, fallback to local rules",12,7800.0,2,4.833333333333335
"outage, fallback to local rules",12,7920.0,3,0.220000000000001
"outage, fail-safe stop",12,0.0,0,
"outage, fail-safe stop",12,120.0,0,0.10000000000000142
"outage, fail-safe stop",12,240.0,3,1.200000000000001
"outage, fail-safe stop",12,360.0,1,12.700000000000001
"outage, fail-safe stop",12,480.0,2,0.20000000000000107
"outage, fail-safe stop",12,600.0,2,4.200000000000001
"outage, fail-safe stop",12,720.0,2,0.5800000000000012
"outage, fail-safe stop",12,840.0,3,5.200000000000001
"outage, fail-safe stop",12,960.0,2,0.9500000000000011
"outage, fail-safe stop",12,1080.0,2,1.950000000000001
"outage, fail-safe stop",12,1200.0,2,2.950000000000001
"outage, fail-safe stop",12,1320.0,2,0.45000000000000107
"outage, fail-safe stop",12,1440.0,2,0.9500000000000011
"outage, fail-safe stop",12,1560.0,2,5.566666666666667
"outage, fail-safe stop",12,1680.0,1,0.20000000000000107
"outage, fail-safe stop",12,1800.0,2,0.18000000000000113
"outage, fail-safe stop",12,1920.0,3,0.20000000000000107
"outage, fail-safe stop",12,2040.0,2,0.2500000000000009
"outage, fail-safe stop",12,2160.0,2,0.16666666666666785
"outage, fail-safe stop",12,2280.0,2,0.18000000000000113
"outage, fail-safe stop",12,2400.0,2,0.20000000000000107
"outage, fail-safe stop",12,2520.0,2,0.20000000000000107
"outage, fail-safe stop",12,2640.0,2,0.23333333333333428
"outage, fail-safe stop",12,2760.0,1,
"outage, fail-safe stop",12,2880.0,0,
"outage, fail-safe stop",12,3000.0,0,
"outage, fail-safe stop",12,3120.0,0,
"outage, fail-safe stop",12,3240.0,0,543.1
"outage, fail-safe stop",12,3360.0,1,561.8714285714285
"outage, fail-safe stop",12,3480.0,4,0.3000000000000007
"outage, fail-safe stop",12,3600.0,1,1.200000000000001
"outage, fail-safe stop",12,3720.0,2,2.5000000000000013
"outage, fail-safe stop",12,3840.0,2,0.820000000000001
"outage, fail-safe stop",12,3960.0,2,0.16666666666666785
"outage, fail-safe stop",12,4080.0,2,0.420000000000001
"outage, fail-safe stop",12,4200.0,3,3.5000000000000013
"outage, fail-safe stop",12,4320.0,2,0.45000000000000107
"outage, fail-safe stop",12,4440.0,1,3.420000000000001
"outage, fail-safe stop",12,4560.0,2,0.15000000000000124
"outage, fail-safe stop",12,4680.0,3,0.2500000000000009
"outage, fail-safe stop",12,4800.0,1,1.950000000000001
"outage, fail-safe stop",12,4920.0,2,0.9500000000000011
"outage, fail-safe stop",12,5040.0,2,0.20000000000000107
"outage, fail-safe stop",12,5160.0,3,3.450000000000001
"outage, fail-safe stop",12,5280.0,1,8.700000000000001
"outage, fail-safe stop",12,5400.0,2,0.45000000000000107
"outage, fail-safe stop",12,5520.0,2,4.450000000000001
"outage, fail-safe stop",12,5640.0,2,0.20000000000000107
"outage, fail-safe stop",12,5760.0,3,2.450000000000001
"outage, fail-safe stop",12,5880.0,1,2.200000000000001
"outage, fail-safe stop",12,6000.0,3,4.980000000000001
"outage, fail-safe stop",12,6120.0,2,0.16666666666666785
"outage, fail-safe stop",12,6240.0,2,5.450000000000001
"outage, fail-safe stop",12,6360.0,1,8.450000000000001
"outage, fail-safe stop",12,6480.0,3,0.23333333333333428
"outage, fail-safe stop",12,6600.0,1,4.620000000000001
"outage, fail-safe stop",12,6720.0,3,0.45000000000000107
"outage, fail-safe stop",12,6840.0,1,0.18000000000000113
"outage, fail-safe stop",12,6960.0,3,0.45000000000000107
"outage, fail-safe stop",12,7080.0,2,3.620000000000001
"outage, fail-safe stop",12,7200.0,3,0.9500000000000011
"outage, fail-safe stop",12,7320.0,1,0.16666666666666785
"outage, fail-safe stop",12,7440.0,3,4.900000000000001
"outage, fail-safe stop",12,7560.0,0,3.450000000000001
"outage, fail-safe stop",12,7680.0,2,1.180000000000001
"outage, fail-safe stop",12,7800.0,3,1.700000000000001
"outage, fail-safe stop",12,7920.0,3,0.36666666666666775
no outage,13,0.0,0,
no outage,13,120.0,0,0.10000000000000142
no outage,13,240.0,2,0.7000000000000011
no outage,13,360.0,2,6.450000000000001
no outage,13,480.0,2,0.16666666666666785
no outage,13,600.0,2,0.420000000000001
no outage,13,720.0,2,7.200000000000001
no outage,13,840.0,2,0.45000000000000107
no outage,13,960.0,2,2.200000000000001
no outage,13,1080.0,2,2.200000000000001
no outage,13,1200.0,2,0.8333333333333345
no outage,13,1320.0,2,0.20000000000000107
no outage,13,1440.0,1,11.950000000000001
no outage,13,1560.0,2,0.45000000000000107
no outage,13,1680.0,3,0.20000000000000107
no outage,13,1800.0,1,0.20000000000000107
no outage,13,1920.0,2,5.450000000000001
no outage,13,2040.0,2,1.420000000000001
no outage,13,2160.0,2,0.16666666666666785
no outage,13,2280.0,2,0.820000000000001
no outage,13,2400.0,2,0.20000000000000107
no outage,13,2520.0,3,5.980000000000001
no outage,13,2640.0,2,1.020000000000001
no outage,13,2760.0,2,4.166666666666668
no outage,13,2880.0,2,0.220000000000001
no outage,13,3000.0,2,2.5000000000000013
no outage,13,3120.0,2,0.20000000000000107
no outage,13,3240.0,2,2.950000000000001
no outage,13,3360.0,2,1.950000000000001
no outage,13,3480.0,2,2.220000000000001
no outage,13,3600.0,2,0.16666666666666785
no outage,13,3720.0,2,0.18000000000000113
no outage,13,3840.0,3,0.20000000000000107
no outage,13,3960.0,2,6.700000000000001
no outage,13,4080.0,2,3.620000000000001
no outage,13,4200.0,2,0.20000000000000107
no outage,13,4320.0,2,5.450000000000001
no outage,13,4440.0,2,2.020000000000001
no outage,13,4560.0,2,2.8333333333333344
no outage,13,4680.0,2,1.220000000000001
no outage,13,4800.0,2,5.700000000000001
no outage,13,4920.0,2,0.20000000000000107
no outage,13,5040.0,2,2.180000000000001
no outage,13,5160.0,2,0.45000000000000107
no outage,13,5280.0,3,4.020000000000001
no outage,13,5400.0,1,6.950000000000001
no outage,13,5520.0,2,0.20000000000000107
no outage,13,5640.0,2,3.3800000000000012
no outage,13,5760.0,3,1.200000000000001
no outage,13,5880.0,2,2.2333333333333343
no outage,13,6000.0,2,0.18000000000000113
no outage,13,6120.0,2,6.950000000000001
no outage,13,6240.0,2,3.700000000000001
no outage,13,6360.0,2,0.20000000000000107
no outage,13,6480.0,2,0.9000000000000009
no outage,13,6600.0,2,2.5000000000000013
no outage,13,6720.0,3,1.950000000000001
no outage,13,6840.0,2,1.620000000000001
no outage,13,6960.0,3,0.45000000000000107
no outage,13,7080.0,1,2.020000000000001
no outage,13,7200.0,3,0.16666666666666785
no outage,13,7320.0,1,8.700000000000001
no outage,13,7440.0,3,0.18000000000000113
no outage,13,7560.0,2,4.220000000000001
no outage,13,7680.0,2,0.45000000000000107
no outage,13,7800.0,2,0.5000000000000012
no outage,13,7920.0,2,8.066666666666668
"outage, fallback to local rules",13,0.0,0,
"outage, fallback to local rules",13,120.0,0,0.10000000000000142
"outage, fallback to local rules",13,240.0,2,0.7000000000000011
"outage, fallback to local rules",13,360.0,2,6.450000000000001
"outage, fallback to local rules",13,480.0,2,0.16666666666666785
"outage, fallback to local rules",13,600.0,2,0.420000000000001
"outage, fallback to local rules",13,720.0,2,7.200000000000001
"outage, fallback to local rules",13,840.0,2,0.45000000000000107
"outage, fallback to local rules",13,960.0,2,2.200000000000001
"outage, fallback to local rules",13,1080.0,2,2.200000000000001
"outage, fallback to local rules",13,1200.0,2,0.8333333333333345
"outage, fallback to local rules",13,1320.0,2,0.20000000000000107
"outage, fallback to local rules",13,1440.0,1,11.950000000000001
"outage, fallback to local rules",13,1560.0,2,0.45000000000000107
"outage, fallback to local rules",13,1680.0,3,0.20000000000000107
"outage, fallback to local rules",13,1800.0,1,0.20000000000000107
"outage, fallback to local rules",13,1920.0,2,5.450000000000001
"outage, fallback to local rules",13,2040.0,2,1.420000000000001
"outage, fallback to local rules",13,2160.0,2,0.16666666666666785
"outage, fallback to local rules",13,2280.0,2,0.820000000000001
"outage, fallback to local rules",13,2400.0,2,0.20000000000000107
"outage, fallback to local rules",13,2520.0,3,5.980000000000001
"outage, fallback to local rules",13,2640.0,2,7.200000000000001
"outage, fallback to local rules",13,2760.0,2,16.200000000000003
"outage, fallback to local rules",13,2880.0,2,13.166666666666666
"outage, fallback to local rules",13,3000.0,2,15.950000000000001
"outage, fallback to local rules",13,3120.0,2,14.200000000000001
"outage, fallback to local rules",13,3240.0,2,13.620000000000001
"outage, fallback to local rules",13,3360.0,2,0.20000000000000107
"outage, fallback to local rules",13,3480.0,2,2.220000000000001
"outage, fallback to local rules",13,3600.0,2,0.16666666666666785
"outage, fallback to local rules",13,3720.0,2,0.18000000000000113
"outage, fallback to local rules",13,3840.0,3,0.20000000000000107
"outage, fallback to local rules",13,3960.0,2,6.950000000000001
"outage, fallback to local rules",13,4080.0,2,4.020000000000001
"outage, fallback to local rules",13,4200.0,2,0.16666666666666785
"outage, fallback to local rules",13,4320.0,2,5.220000000000001
"outage, fallback to local rules",13,4440.0,2,2.020000000000001
"outage, fallback to local rules",13,4560.0,2,2.5000000000000013
"outage, fallback to local rules",13,4680.0,2,1.420000000000001
"outage, fallback to local rules",13,4800.0,2,5.700000000000001
"outage, fallback to local rules",13,4920.0,2,0.20000000000000107
"outage, fallback to local rules",13,5040.0,2,2.580000000000001
"outage, fallback to local rules",13,5160.0,2,1.950000000000001
"outage, fallback to local rules",13,5280.0,3,4.020000000000001
"outage, fallback to local rules",13,5400.0,1,6.700000000000001
"outage, fallback to local rules",13,5520.0,2,0.20000000000000107
"outage, fallback to local rules",13,5640.0,2,3.3800000000000012
"outage, fallback to local rules",13,5760.0,3,1.200000000000001
"outage, fallback to local rules",13,5880.0,2,2.2333333333333343
"outage, fallback to local rules",13,6000.0,2,0.18000000000000113
"outage, fallback to local rules",13,6120.0,2,7.200000000000001
"outage, fallback to local rules",13,6240.0,2,4.200000000000001
"outage, fallback to local rules",13,6360.0,2,0.20000000000000107
"outage, fallback to local rules",13,6480.0,2,0.9000000000000009
"outage, fallback to local rules",13,6600.0,2,2.5000000000000013
"outage, fallback to local rules",13,6720.0,3,1.950000000000001
"outage, fallback to local rules",13,6840.0,2,1.620000000000001
"outage, fallback to local rules",13,6960.0,3,0.45000000000000107
"outage, fallback to local rules",13,7080.0,1,2.020000000000001
"outage, fallback to local rules",13,7200.0,3,0.16666666666666785
"outage, fallback to local rules",13,7320.0,1,7.950000000000001
"outage, fallback to local rules",13,7440.0,3,0.18000000000000113
"outage, fallback to local rules",13,7560.0,2,4.220000000000001
"outage, fallback to local rules",13,7680.0,2,0.45000000000000107
"outage, fallback to local rules",13,7800.0,2,3.200000000000001
"outage, fallback to local rules",13,7920.0,2,6.420000000000002
"outage, fail-safe stop",13,0.0,0,
"outage, fail-safe stop",13,120.0,0,0.10000000000000142
"outage, fail-safe stop",13,240.0,2,0.7000000000000011
"outage, fail-safe stop",13,360.0,2,6.450000000000001
"outage, fail-safe stop",13,480.0,2,0.16666666666666785
"outage, fail-safe stop",13,600.0,2,0.420000000000001
"outage, fail-safe stop",13,720.0,2,7.200000000000001
"outage, fail-safe stop",13,840.0,2,0.45000000000000107
"outage, fail-safe stop",13,960.0,2,2.200000000000001
"outage, fail-safe stop",13,1080.0,2,2.200000000000001
"outage, fail-safe stop",13,1200.0,2,0.8333333333333345
"outage, fail-safe stop",13,1320.0,2,0.20000000000000107
"outage, fail-safe stop",13,1440.0,1,11.950000000000001
"outage, fail-safe stop",13,1560.0,2,0.45000000000000107
"outage, fail-safe stop",13,1680.0,3,0.20000000000000107
"outage, fail-safe stop",13,1800.0,1,0.20000000000000107
"outage, fail-safe stop",13,1920.0,2,5.450000000000001
"outage, fail-safe stop",13,2040.0,2,1.420000000000001
"outage, fail-safe stop",13,2160.0,2,0.16666666666666785
"outage, fail-safe stop",13,2280.0,2,0.820000000000001
"outage, fail-safe stop",13,2400.0,2,0.20000000000000107
"outage, fail-safe stop",13,2520.0,3,5.980000000000001
"outage, fail-safe stop",13,2640.0,2,0.20000000000000107
"outage, fail-safe stop",13,2760.0,1,
"outage, fail-safe stop",13,2880.0,0,
"outage, fail-safe stop",13,3000.0,0,
"outage, fail-safe stop",13,3120.0,0,
"outage, fail-safe stop",13,3240.0,0,608.1
"outage, fail-safe stop",13,3360.0,1,562.6142857142858
"outage, fail-safe stop",13,3480.0,4,0.3000000000000007
"outage, fail-safe stop",13,3600.0,0,2.5000000000000013
"outage, fail-safe stop",13,3720.0,2,3.200000000000001
"outage, fail-safe stop",13,3840.0,2,0.45000000000000107
"outage, fail-safe stop",13,3960.0,2,1.950000000000001
"outage, fail-safe stop",13,4080.0,2,7.950000000000001
"outage, fail-safe stop",13,4200.0,2,4.580000000000001
"outage, fail-safe stop",13,4320.0,3,1.950000000000001
"outage, fail-safe stop",13,4440.0,2,3.420000000000001
"outage, fail-safe stop",13,4560.0,3,3.700000000000001
"outage, fail-safe stop",13,4680.0,1,0.45000000000000107
"outage, fail-safe stop",13,4800.0,3,0.20000000000000107
"outage, fail-safe stop",13,4920.0,2,1.950000000000001
"outage, fail-safe stop",13,5040.0,1,0.20000000000000107
"outage, fail-safe stop",13,5160.0,2,0.3800000000000011
"outage, fail-safe stop",13,5280.0,2,4.450000000000001
"outage, fail-safe stop",13,5400.0,3,2.200000000000001
"outage, fail-safe stop",13,5520.0,2,1.020000000000001
"outage, fail-safe stop",13,5640.0,2,4.833333333333335
"outage, fail-safe stop",13,5760.0,2,0.220000000000001
"outage, fail-safe stop",13,5880.0,3,0.18000000000000113
"outage, fail-safe stop",13,6000.0,2,0.7000000000000011
"outage, fail-safe stop",13,6120.0,2,0.20000000000000107
"outage, fail-safe stop",13,6240.0,2,3.450000000000001
"outage, fail-safe stop",13,6360.0,2,0.20000000000000107
"outage, fail-safe stop",13,6480.0,2,1.5333333333333343
"outage, fail-safe stop",13,6600.0,2,2.8333333333333344
"outage, fail-safe stop",13,6720.0,2,1.220000000000001
"outage, fail-safe stop",13,6840.0,2,0.420000000000001
"outage, fail-safe stop",13,6960.0,2,0.7000000000000011
"outage, fail-safe stop",13,7080.0,2,5.700000000000001
"outage, fail-safe stop",13,7200.0,2,1.1666666666666679
"outage, fail-safe stop",13,7320.0,2,1.950000000000001
"outage, fail-safe stop",13,7440.0,2,0.20000000000000107
"outage, fail-safe stop",13,7560.0,3,0.220000000000001
"outage, fail-safe stop",13,7680.0,2,1.1666666666666679
"outage, fail-safe stop",13,7800.0,2,0.420000000000001
"outage, fail-safe stop",13,7920.0,3,1.000000000000001
no outage,14,0.0,0,
no outage,14,120.0,0,0.10000000000000142
no outage,14,240.0,2,4.950000000000001
no outage,14,360.0,2,0.16666666666666785
no outage,14,480.0,2,0.20000000000000107
no outage,14,600.0,3,0.9500000000000011
no outage,14,720.0,1,3.2333333333333343
no outage,14,840.0,2,2.450000000000001
no outage,14,960.0,2,0.18000000000000113
no outage,14,1080.0,2,0.45000000000000107
no outage,14,1200.0,2,0.23333333333333428
no outage,14,1320.0,1,0.20000000000000107
no outage,14,1440.0,2,0.9500000000000011
no outage,14,1560.0,2,0.20000000000000107
no outage,14,1680.0,2,0.20000000000000107
no outage,14,1800.0,2,0.5000000000000012
no outage,14,1920.0,2,0.20000000000000107
no outage,14,2040.0,2,0.23333333333333428
no outage,14,2160.0,2,0.20000000000000107
no outage,14,2280.0,1,1.5800000000000012
no outage,14,2400.0,3,1.200000000000001
no outage,14,2520.0,2,0.45000000000000107
no outage,14,2640.0,2,1.620000000000001
no outage,14,2760.0,2,1.700000000000001
no outage,14,2880.0,2,2.166666666666668
no outage,14,3000.0,2,1.700000000000001
no outage,14,3120.0,3,0.18000000000000113
no outage,14,3240.0,2,0.20000000000000107
no outage,14,3360.0,2,0.5666666666666677
no outage,14,3480.0,2,3.450000000000001
no outage,14,3600.0,1,11.200000000000001
no outage,14,3720.0,2,0.20000000000000107
no outage,14,3840.0,2,0.20000000000000107
no outage,14,3960.0,2,1.700000000000001
no outage,14,4080.0,2,2.5666666666666678
no outage,14,4200.0,1,1.450000000000001
no outage,14,4320.0,2,1.180000000000001
no outage,14,4440.0,3,0.23333333333333428
no outage,14,4560.0,1,8.450000000000001
no outage,14,4680.0,2,14.200000000000001
no outage,14,4800.0,2,0.7000000000000011
no outage,14,4920.0,2,9.450000000000001
no outage,14,5040.0,2,1.450000000000001
no outage,14,5160.0,2,0.20000000000000107
no outage,14,5280.0,2,10.450000000000001
no outage,14,5400.0,2,4.200000000000001
no outage,14,5520.0,2,1.950000000000001
no outage,14,5640.0,2,0.7000000000000011
no outage,14,5760.0,2,0.45000000000000107
no outage,14,5880.0,2,6.950000000000001
no outage,14,6000.0,2,5.166666666666668
no outage,14,6120.0,2,8.233333333333334
no outage,14,6240.0,1,0.8333333333333345
no outage,14,6360.0,2,3.700000000000001
no outage,14,6480.0,3,2.420000000000001
no outage,14,6600.0,2,6.450000000000001
no outage,14,6720.0,2,2.950000000000001
no outage,14,6840.0,2,2.700000000000001
no outage,14,6960.0,2,0.16666666666666785
no outage,14,7080.0,2,0.23333333333333428
no outage,14,7200.0,1,2.450000000000001
no outage,14,7320.0,2,1.200000000000001
no outage,14,7440.0,2,0.20000000000000107
no outage,14,7560.0,2,9.450000000000001
no outage,14,7680.0,2,6.450000000000001
no outage,14,7800.0,2,5.166666666666668
no outage,14,7920.0,2,5.7
"outage, fallback to local rules",14,0.0,0,
"outage, fallback to local rules",14,120.0,0,0.10000000000000142
"outage, fallback to local rules",14,240.0,2,4.950000000000001
"outage, fallback to local rules",14,360.0,2,0.16666666666666785
"outage, fallback to local rules",14,480.0,2,0.20000000000000107
"outage, fallback to local rules",14,600.0,3,0.9500000000000011
"outage, fallback to local rules",14,720.0,1,3.2333333333333343
"outage, fallback to local rules",14,840.0,2,2.450000000000001
"outage, fallback to local rules",14,960.0,2,0.18000000000000113
"outage, fallback to local rules",14,1080.0,2,0.45000000000000107
"outage, fallback to local rules",14,1200.0,2,0.23333333333333428
"outage, fallback to local rules",14,1320.0,1,0.20000000000000107
"outage, fallback to local rules",14,1440.0,2,0.9500000000000011
"outage, fallback to local rules",14,1560.0,2,0.20000000000000107
"outage, fallback to local rules",14,1680.0,2,0.20000000000000107
"outage, fallback to local rules",14,1800.0,2,0.5000000000000012
"outage, fallback to local rules",14,1920.0,2,0.20000000000000107
"outage, fallback to local rules",14,2040.0,2,0.23333333333333428
"outage, fallback to local rules",14,2160.0,2,0.20000000000000107
"outage, fallback to local rules",14,2280.0,1,1.5800000000000012
"outage, fallback to local rules",14,2400.0,3,1.200000000000001
"outage, fallback to local rules",14,2520.0,2,0.45000000000000107
"outage, fallback to local rules",14,2640.0,2,4.700000000000001
"outage, fallback to local rules",14,2760.0,2,14.200000000000001
"outage, fallback to local rules",14,2880.0,2,15.233333333333334
"outage, fallback to local rules",14,3000.0,2,14.780000000000001
"outage, fallback to local rules",14,3120.0,2,14.200000000000001
"outage, fallback to local rules",14,3240.0,3,14.200000000000001
"outage, fallback to local rules",14,3360.0,1,3.950000000000001
"outage, fallback to local rules",14,3480.0,3,2.950000000000001
"outage, fallback to local rules",14,3600.0,1,9.200000000000001
"outage, fallback to local rules",14,3720.0,2,0.20000000000000107
"outage, fallback to local rules",14,3840.0,2,0.20000000000000107
"outage, fallback to local rules",14,3960.0,2,1.700000000000001
"outage, fallback to local rules",14,4080.0,2,2.900000000000001
"outage, fallback to local rules",14,4200.0,1,1.450000000000001
"outage, fallback to local rules",14,4320.0,2,1.180000000000001
"outage, fallback to local rules",14,4440.0,3,0.23333333333333428
"outage, fallback to local rules",14,4560.0,1,8.450000000000001
"outage, fallback to local rules",14,4680.0,2,14.200000000000001
"outage, fallback to local rules",14,4800.0,2,0.7000000000000011
"outage, fallback to local rules",14,4920.0,2,9.450000000000001
"outage, fallback to local rules",14,5040.0,2,1.450000000000001
"outage, fallback to local rules",14,5160.0,2,0.20000000000000107
"outage, fallback to local rules",14,5280.0,2,10.950000000000001
"outage, fallback to local rules",14,5400.0,2,4.200000000000001
"outage, fallback to local rules",14,5520.0,2,1.950000000000001
"outage, fallback to local rules",14,5640.0,2,0.7000000000000011
"outage, fallback to local rules",14,5760.0,2,0.45000000000000107
"outage, fallback to local rules",14,5880.0,2,6.950000000000001
"outage, fallback to local rules",14,6000.0,2,5.166666666666668
"outage, fallback to local rules",14,6120.0,2,7.900000000000001
"outage, fallback to local rules",14,6240.0,1,0.8333333333333345
"outage, fallback to local rules",14,6360.0,2,3.700000000000001
"outage, fallback to local rules",14,6480.0,3,2.820000000000001
"outage, fallback to local rules",14,6600.0,2,6.450000000000001
"outage, fallback to local rules",14,6720.0,2,2.950000000000001
"outage, fallback to local rules",14,6840.0,2,2.700000000000001
"outage, fallback to local rules",14,6960.0,2,0.16666666666666785
"outage, fallback to local rules",14,7080.0,2,0.23333333333333428
"outage, fallback to local rules",14,7200.0,1,2.450000000000001
"outage, fallback to local rules",14,7320.0,2,1.700000000000001
"outage, fallback to local rules",14,7440.0,2,0.20000000000000107
"outage, fallback to local rules",14,7560.0,2,9.450000000000001
"outage, fallback to local rules",14,7680.0,2,6.450000000000001
"outage, fallback to local rules",14,7800.0,2,4.833333333333335
"outage, fallback to local rules",14,7920.0,2,5.366666666666667
"outage, fail-safe stop",14,0.0,0,
"outage, fail-safe stop",14,120.0,0,0.10000000000000142
"outage, fail-safe stop",14,240.0,2,4.950000000000001
"outage, fail-safe stop",14,360.0,2,0.16666666666666785
"outage, fail-safe stop",14,480.0,2,0.20000000000000107
"outage, fail-safe stop",14,600.0,3,0.9500000000000011
"outage, fail-safe stop",14,720.0,1,3.2333333333333343
"outage, fail-safe stop",14,840.0,2,2.450000000000001
"outage, fail-safe stop",14,960.0,2,0.18000000000000113
"outage, fail-safe stop",14,1080.0,2,0.45000000000000107
"outage, fail-safe stop",14,1200.0,2,0.23333333333333428
"outage, fail-safe stop",14,1320.0,1,0.20000000000000107
"outage, fail-safe stop",14,1440.0,2,0.9500000000000011
"outage, fail-safe stop",14,1560.0,2,0.20000000000000107
"outage, fail-safe stop",14,1680.0,2,0.20000000000000107
"outage, fail-safe stop",14,1800.0,2,0.5000000000000012
"outage, fail-safe stop",14,1920.0,2,0.20000000000000107
"outage, fail-safe stop",14,2040.0,2,0.23333333333333428
"outage, fail-safe stop",14,2160.0,2,0.20000000000000107
"outage, fail-safe stop",14,2280.0,1,1.5800000000000012
"outage, fail-safe stop",14,2400.0,3,1.200000000000001
"outage, fail-safe stop",14,2520.0,2,0.45000000000000107
"outage, fail-safe stop",14,2640.0,2,2.5666666666666678
"outage, fail-safe stop",14,2760.0,1,
"outage, fail-safe stop",14,2880.0,0,
"outage, fail-safe stop",14,3000.0,0,
"outage, fail-safe stop",14,3120.0,0,
"outage, fail-safe stop",14,3240.0,0,569.1
"outage, fail-safe stop",14,3360.0,1,540.1571428571428
"outage, fail-safe stop",14,3480.0,4,0.3000000000000007
"outage, fail-safe stop",14,3600.0,1,1.700000000000001
"outage, fail-safe stop",14,3720.0,2,0.45000000000000107
"outage, fail-safe stop",14,3840.0,2,0.7000000000000011
"outage, fail-safe stop",14,3960.0,2,4.200000000000001
"outage, fail-safe stop",14,4080.0,2,1.450000000000001
"outage, fail-safe stop",14,4200.0,2,0.20000000000000107
"outage, fail-safe stop",14,4320.0,2,3.200000000000001
"outage, fail-safe stop",14,4440.0,3,1.180000000000001
"outage, fail-safe stop",14,4560.0,1,11.9
"outage, fail-safe stop",14,4680.0,2,2.200000000000001
"outage, fail-safe stop",14,4800.0,2,0.20000000000000107
"outage, fail-safe stop",14,4920.0,1,3.3800000000000012
"outage, fail-safe stop",14,5040.0,3,1.200000000000001
"outage, fail-safe stop",14,5160.0,2,1.620000000000001
"outage, fail-safe stop",14,5280.0,2,0.5000000000000012
"outage, fail-safe stop",14,5400.0,2,0.820000000000001
"outage, fail-safe stop",14,5520.0,2,0.20000000000000107
"outage, fail-safe stop",14,5640.0,2,0.16666666666666785
"outage, fail-safe stop",14,5760.0,2,0.23333333333333428
"outage, fail-safe stop",14,5880.0,2,4.500000000000001
"outage, fail-safe stop",14,6000.0,2,3.450000000000001
"outage, fail-safe stop",14,6120.0,1,2.950000000000001
"outage, fail-safe stop",14,6240.0,2,2.200000000000001
"outage, fail-safe stop",14,6360.0,2,0.220000000000001
"outage, fail-safe stop",14,6480.0,2,0.20000000000000107
"outage, fail-safe stop",14,6600.0,2,3.450000000000001
"outage, fail-safe stop",14,6720.0,1,0.20000000000000107
"outage, fail-safe stop",14,6840.0,3,1.3800000000000012
"outage, fail-safe stop",14,6960.0,3,0.7000000000000011
"outage, fail-safe stop",14,7080.0,2,1.950000000000001
"outage, fail-safe stop",14,7200.0,1,6.200000000000001
"outage, fail-safe stop",14,7320.0,2,1.820000000000001
"outage, fail-safe stop",14,7440.0,2,0.45000000000000107
"outage, fail-safe stop",14,7560.0,2,2.200000000000001
"outage, fail-safe stop",14,7680.0,2,0.20000000000000107
"outage, fail-safe stop",14,7800.0,1,11.166666666666666
"outage, fail-safe stop",14,7920.0,3,3.500000000000001
no outage,15,0.0,0,
no outage,15,120.0,0,0.10000000000000142
no outage,15,240.0,2,0.45000000000000107
no outage,15,360.0,2,0.45000000000000107
no outage,15,480.0,2,9.833333333333334
no outage,15,600.0,2,2.700000000000001
no outage,15,720.0,2,0.20000000000000107
no outage,15,840.0,2,2.220000000000001
no outage,15,960.0,2,0.16666666666666785
no outage,15,1080.0,2,4.500000000000001
no outage,15,1200.0,2,2.766666666666668
no outage,15,1320.0,2,2.700000000000001
no outage,15,1440.0,2,0.820000000000001
no outage,15,1560.0,2,1.620000000000001
no outage,15,1680.0,2,1.200000000000001
no outage,15,1800.0,2,3.700000000000001
no outage,15,1920.0,2,0.18000000000000113
no outage,15,2040.0,3,0.23333333333333428
no outage,15,2160.0,2,0.16666666666666785
no outage,15,2280.0,1,3.700000000000001
no outage,15,2400.0,2,4.450000000000001
no outage,15,2520.0,2,0.20000000000000107
no outage,15,2640.0,2,0.20000000000000107
no outage,15,2760.0,2,0.9500000000000011
no outage,15,2880.0,2,0.20000000000000107
no outage,15,3000.0,2,1.450000000000001
no outage,15,3120.0,2,0.20000000000000107
no outage,15,3240.0,2,0.23333333333333428
no outage,15,3360.0,1,0.20000000000000107
no outage,15,3480.0,2,1.7800000000000011
no outage,15,3600.0,2,0.20000000000000107
no outage,15,3720.0,2,0.20000000000000107
no outage,15,3840.0,2,3.3800000000000012
no outage,15,3960.0,3,0.23333333333333428
no outage,15,4080.0,2,6.450000000000001
no outage,15,4200.0,2,0.9500000000000011
no outage,15,4320.0,1,7.900000000000001
no outage,15,4440.0,1,1.5800000000000012
no outage,15,4560.0,3,0.45000000000000107
no outage,15,4680.0,2,0.20000000000000107
no outage,15,4800.0,2,3.900000000000001
no outage,15,4920.0,2,0.5800000000000012
no outage,15,5040.0,3,3.450000000000001
no outage,15,5160.0,1,5.700000000000001
no outage,15,5280.0,2,3.180000000000001
no outage,15,5400.0,3,0.23333333333333428
no outage,15,5520.0,1,9.450000000000001
no outage,15,5640.0,2,2.3800000000000012
no outage,15,5760.0,3,0.620000000000001
no outage,15,5880.0,2,0.20000000000000107
no outage,15,6000.0,2,3.450000000000001
no outage,15,6120.0,2,6.166666666666668
no outage,15,6240.0,2,7.950000000000001
no outage,15,6360.0,2,6.900000000000001
no outage,15,6480.0,1,10.950000000000001
no outage,15,6600.0,2,0.45000000000000107
no outage,15,6720.0,2,1.820000000000001
no outage,15,6840.0,3,0.16666666666666785
no outage,15,6960.0,1,1.700000000000001
no outage,15,7080.0,3,1.950000000000001
no outage,15,7200.0,1,0.23333333333333428
no outage,15,7320.0,3,1.450000000000001
no outage,15,7440.0,2,2.180000000000001
no outage,15,7560.0,2,0.23333333333333428
no outage,15,7680.0,1,4.450000000000001
no outage,15,7800.0,2,4.450000000000001
no outage,15,7920.0,4,4.166666666666668
"outage, fallback to local rules",15,0.0,0,
"outage, fallback to local rules",15,120.0,0,0.10000000000000142
"outage, fallback to local rules",15,240.0,2,0.45000000000000107
"outage, fallback to local rules",15,360.0,2,0.45000000000000107
"outage, fallback to local rules",15,480.0,2,9.833333333333334
"outage, fallback to local rules",15,600.0,2,2.700000000000001
"outage, fallback to local rules",15,720.0,2,0.20000000000000107
"outage, fallback to local rules",15,840.0,2,2.220000000000001
"outage, fallback to local rules",15,960.0,2,0.16666666666666785
"outage, fallback to local rules",15,1080.0,2,4.500000000000001
"outage, fallback to local rules",15,1200.0,2,2.766666666666668
"outage, fallback to local rules",15,1320.0,2,2.700000000000001
"outage, fallback to local rules",15,1440.0,2,0.820000000000001
"outage, fallback to local rules",15,1560.0,2,1.620000000000001
"outage, fallback to local rules",15,1680.0,2,1.200000000000001
"outage, fallback to local rules",15,1800.0,2,3.700000000000001
"outage, fallback to local rules",15,1920.0,2,0.18000000000000113
"outage, fallback to local rules",15,2040.0,3,0.23333333333333428
"outage, fallback to local rules",15,2160.0,2,0.16666666666666785
"outage, fallback to local rules",15,2280.0,1,3.700000000000001
"outage, fallback to local rules",15,2400.0,2,4.450000000000001
"outage, fallback to local rules",15,2520.0,2,0.20000000000000107
"outage, fallback to local rules",15,2640.0,2,8.450000000000001
"outage, fallback to local rules",15,2760.0,2,16.450000000000003
"outage, fallback to local rules",15,2880.0,2,13.166666666666666
"outage, fallback to local rules",15,3000.0,2,14.200000000000001
"outage, fallback to local rules",15,3120.0,2,15.9
"outage, fallback to local rules",15,3240.0,2,16.25
"outage, fallback to local rules",15,3360.0,1,11.5
"outage, fallback to local rules",15,3480.0,2,0.3800000000000011
"outage, fallback to local rules",15,3600.0,2,0.20000000000000107
"outage, fallback to local rules",15,3720.0,2,0.20000000000000107
"outage, fallback to local rules",15,3840.0,2,3.3800000000000012
"outage, fallback to local rules",15,3960.0,3,0.23333333333333428
"outage, fallback to local rules",15,4080.0,2,6.450000000000001
"outage, fallback to local rules",15,4200.0,2,0.9500000000000011
"outage, fallback to local rules",15,4320.0,1,6.566666666666667
"outage, fallback to local rules",15,4440.0,1,1.5800000000000012
"outage, fallback to local rules",15,4560.0,3,0.45000000000000107
"outage, fallback to local rules",15,4680.0,2,0.20000000000000107
"outage, fallback to local rules",15,4800.0,2,3.900000000000001
"outage, fallback to local rules",15,4920.0,2,0.7800000000000011
"outage, fallback to local rules",15,5040.0,3,3.450000000000001
"outage, fallback to local rules",15,5160.0,1,5.700000000000001
"outage, fallback to local rules",15,5280.0,2,2.9800000000000013
"outage, fallback to local rules",15,5400.0,3,0.23333333333333428
"outage, fallback to local rules",15,5520.0,1,9.450000000000001
"outage, fallback to local rules",15,5640.0,2,2.3800000000000012
"outage, fallback to local rules",15,5760.0,3,0.620000000000001
"outage, fallback to local rules",15,5880.0,2,0.20000000000000107
"outage, fallback to local rules",15,6000.0,2,3.450000000000001
"outage, fallback to local rules",15,6120.0,2,6.166666666666668
"outage, fallback to local rules",15,6240.0,2,7.950000000000001
"outage, fallback to local rules",15,6360.0,2,7.233333333333334
"outage, fallback to local rules",15,6480.0,1,11.200000000000001
"outage, fallback to local rules",15,6600.0,2,0.45000000000000107
"outage, fallback to local rules",15,6720.0,2,1.820000000000001
"outage, fallback to local rules",15,6840.0,3,0.16666666666666785
"outage, fallback to local rules",15,6960.0,1,1.700000000000001
"outage, fallback to local rules",15,7080.0,3,1.950000000000001
"outage, fallback to local rules",15,7200.0,1,0.23333333333333428
"outage, fallback to local rules",15,7320.0,3,1.450000000000001
"outage, fallback to local rules",15,7440.0,2,2.3800000000000012
"outage, fallback to local rules",15,7560.0,2,0.23333333333333428
"outage, fallback to local rules",15,7680.0,1,4.450000000000001
"outage, fallback to local rules",15,7800.0,2,4.450000000000001
"outage, fallback to local rules",15,7920.0,4,4.166666666666668
"outage, fail-safe stop",15,0.0,0,
"outage, fail-safe stop",15,120.0,0,0.10000000000000142
"outage, fail-safe stop",15,240.0,2,0.45000000000000107
"outage, fail-safe stop",15,360.0,2,0.45000000000000107
"outage, fail-safe stop",15,480.0,2,9.833333333333334
"outage, fail-safe stop",15,600.0,2,2.700000000000001
"outage, fail-safe stop",15,720.0,2,0.20000000000000107
"outage, fail-safe stop",15,840.0,2,2.220000000000001
"outage, fail-safe stop",15,960.0,2,0.16666666666666785
"outage, fail-safe stop",15,1080.0,2,4.500000000000001
"outage, fail-safe stop",15,1200.0,2,2.766666666666668
"outage, fail-safe stop",15,1320.0,2,2.700000000000001
"outage, fail-safe stop",15,1440.0,2,0.820000000000001
"outage, fail-safe stop",15,1560.0,2,1.620000000000001
"outage, fail-safe stop",15,1680.0,2,1.200000000000001
"outage, fail-safe stop",15,1800.0,2,3.700000000000001
"outage, fail-safe stop",15,1920.0,2,0.18000000000000113
"outage, fail-safe stop",15,2040.0,3,0.23333333333333428
"outage, fail-safe stop",15,2160.0,2,0.16666666666666785
"outage, fail-safe stop",15,2280.0,1,3.700000000000001
"outage, fail-safe stop",15,2400.0,2,4.450000000000001
"outage, fail-safe stop",15,2520.0,2,0.20000000000000107
"outage, fail-safe stop",15,2640.0,2,0.20000000000000107
"outage, fail-safe stop",15,2760.0,1,
"outage, fail-safe stop",15,2880.0,0,
"outage, fail-safe stop",15,3000.0,0,
"outage, fail-safe stop",15,3120.0,0,
"outage, fail-safe stop",15,3240.0,0,514.1
"outage, fail-safe stop",15,3360.0,1,567.4714285714286
"outage, fail-safe stop",15,3480.0,3,0.3000000000000007
"outage, fail-safe stop",15,3600.0,1,0.16666666666666785
"outage, fail-safe stop",15,3720.0,2,0.20000000000000107
"outage, fail-safe stop",15,3840.0,2,0.20000000000000107
"outage, fail-safe stop",15,3960.0,2,0.5000000000000012
"outage, fail-safe stop",15,4080.0,2,0.20000000000000107
"outage, fail-safe stop",15,4200.0,2,0.23333333333333428
"outage, fail-safe stop",15,4320.0,1,0.18000000000000113
"outage, fail-safe stop",15,4440.0,3,4.950000000000001
"outage, fail-safe stop",15,4560.0,2,0.820000000000001
"outage, fail-safe stop",15,4680.0,2,4.950000000000001
"outage, fail-safe stop",15,4800.0,2,4.450000000000001
"outage, fail-safe stop",15,4920.0,2,8.950000000000001
"outage, fail-safe stop",15,5040.0,2,0.10000000000000142
"outage, fail-safe stop",15,5160.0,2,0.220000000000001
"outage, fail-safe stop",15,5280.0,2,0.45000000000000107
"outage, fail-safe stop",15,5400.0,2,7.950000000000001
"outage, fail-safe stop",15,5520.0,2,0.16666666666666785
"outage, fail-safe stop",15,5640.0,2,3.5666666666666678
"outage, fail-safe stop",15,5760.0,2,0.16666666666666785
"outage, fail-safe stop",15,5880.0,2,0.820000000000001
"outage, fail-safe stop",15,6000.0,2,4.700000000000001
"outage, fail-safe stop",15,6120.0,2,0.16666666666666785
"outage, fail-safe stop",15,6240.0,2,0.20000000000000107
"outage, fail-safe stop",15,6360.0,2,1.620000000000001
"outage, fail-safe stop",15,6480.0,2,0.20000000000000107
"outage, fail-safe stop",15,6600.0,2,0.9500000000000011
"outage, fail-safe stop",15,6720.0,2,11.450000000000001
"outage, fail-safe stop",15,6840.0,2,10.166666666666668
"outage, fail-safe stop",15,6960.0,2,3.420000000000001
"outage, fail-safe stop",15,7080.0,2,5.500000000000001
"outage, fail-safe stop",15,7200.0,2,0.420000000000001
"outage, fail-safe stop",15,7320.0,2,2.450000000000001
"outage, fail-safe stop",15,7440.0,2,0.7000000000000011
"outage, fail-safe stop",15,7560.0,2,0.7000000000000011
"outage, fail-safe stop",15,7680.0,2,0.20000000000000107
"outage, fail-safe stop",15,7800.0,2,2.4000000000000012
"outage, fail-safe stop",15,7920.0,3,4.066666666666667
no outage,16,0.0,0,
no outage,16,120.0,0,0.10000000000000142
no outage,16,240.0,2,2.200000000000001
no outage,16,360.0,2,0.20000000000000107
no outage,16,480.0,2,4.700000000000001
no outage,16,600.0,2,1.700000000000001
no outage,16,720.0,2,2.200000000000001
no outage,16,840.0,2,0.9500000000000011
no outage,16,960.0,2,0.9500000000000011
no outage,16,1080.0,2,2.950000000000001
no outage,16,1200.0,3,0.7000000000000011
no outage,16,1320.0,2,6.200000000000001
no outage,16,1440.0,2,9.38
no outage,16,1560.0,0,14.9
no outage,16,1680.0,3,4.200000000000001
no outage,16,1800.0,1,2.950000000000001
no outage,16,1920.0,3,2.950000000000001
no outage,16,2040.0,1,0.5800000000000012
no outage,16,2160.0,3,3.700000000000001
no outage,16,2280.0,2,0.9500000000000011
no outage,16,2400.0,2,0.20000000000000107
no outage,16,2520.0,2,0.5666666666666677
no outage,16,2640.0,2,0.20000000000000107
no outage,16,2760.0,2,0.20000000000000107
no outage,16,2880.0,1,0.45000000000000107
no outage,16,3000.0,2,0.20000000000000107
no outage,16,3120.0,2,0.8333333333333345
no outage,16,3240.0,2,0.220000000000001
no outage,16,3360.0,2,1.8333333333333346
no outage,16,3480.0,2,2.420000000000001
no outage,16,3600.0,2,0.7000000000000011
no outage,16,3720.0,3,0.7800000000000011
no outage,16,3840.0,2,0.220000000000001
no outage,16,3960.0,2,3.200000000000001
no outage,16,4080.0,2,6.450000000000001
no outage,16,4200.0,2,0.16666666666666785
no outage,16,4320.0,2,0.420000000000001
no outage,16,4440.0,2,0.16666666666666785
no outage,16,4560.0,2,1.5666666666666675
no outage,16,4680.0,2,0.3800000000000011
no outage,16,4800.0,2,2.5666666666666678
no outage,16,4920.0,2,0.20000000000000107
no outage,16,5040.0,1,0.45000000000000107
no outage,16,5160.0,2,11.200000000000001
no outage,16,5280.0,2,6.700000000000001
no outage,16,5400.0,2,1.450000000000001
no outage,16,5520.0,2,2.700000000000001
no outage,16,5640.0,2,1.200000000000001
no outage,16,5760.0,2,0.16666666666666785
no outage,16,5880.0,2,0.23333333333333428
no outage,16,6000.0,1,2.3800000000000012
no outage,16,6120.0,3,0.45000000000000107
no outage,16,6240.0,2,0.7000000000000011
no outage,16,6360.0,2,0.23333333333333428
no outage,16,6480.0,1,1.5800000000000012
no outage,16,6600.0,3,4.566666666666667
no outage,16,6720.0,1,6.980000000000001
no outage,16,6840.0,3,0.420000000000001
no outage,16,6960.0,2,0.16666666666666785
no outage,16,7080.0,1,0.20000000000000107
no outage,16,7200.0,3,0.20000000000000107
no outage,16,7320.0,3,7.380000000000001
no outage,16,7440.0,2,5.700000000000001
no outage,16,7560.0,2,1.5666666666666675
no outage,16,7680.0,2,0.20000000000000107
no outage,16,7800.0,1,0.20000000000000107
no outage,16,7920.0,3,1.3666666666666678
"outage, fallback to local rules",16,0.0,0,
"outage, fallback to local rules",16,120.0,0,0.10000000000000142
"outage, fallback to local rules",16,240.0,2,2.200000000000001
"outage, fallback to local rules",16,360.0,2,0.20000000000000107
"outage, fallback to local rules",16,480.0,2,4.700000000000001
"outage, fallback to local rules",16,600.0,2,1.700000000000001
"outage, fallback to local rules",16,720.0,2,2.200000000000001
"outage, fallback to local rules",16,840.0,2,0.9500000000000011
"outage, fallback to local rules",16,960.0,2,0.9500000000000011
"outage, fallback to local rules",16,1080.0,2,2.950000000000001
"outage, fallback to local rules",16,1200.0,3,0.7000000000000011
"outage, fallback to local rules",16,1320.0,2,6.200000000000001
"outage, fallback to local rules",16,1440.0,2,9.38
"outage, fallback to local rules",16,1560.0,0,14.9
"outage, fallback to local rules",16,1680.0,3,4.200000000000001
"outage, fallback to local rules",16,1800.0,1,2.950000000000001
"outage, fallback to local rules",16,1920.0,3,2.950000000000001
"outage, fallback to local rules",16,2040.0,1,0.5800000000000012
"outage, fallback to local rules",16,2160.0,3,3.700000000000001
"outage, fallback to local rules",16,2280.0,2,0.9500000000000011
"outage, fallback to local rules",16,2400.0,2,0.20000000000000107
"outage, fallback to local rules",16,2520.0,2,0.5666666666666677
"outage, fallback to local rules",16,2640.0,2,4.450000000000001
"outage, fallback to local rules",16,2760.0,1,14.200000000000001
"outage, fallback to local rules",16,2880.0,2,13.166666666666666
"outage, fallback to local rules",16,3000.0,2,15.233333333333334
"outage, fallback to local rules",16,3120.0,2,15.780000000000001
"outage, fallback to local rules",16,3240.0,2,16.700000000000003
"outage, fallback to local rules",16,3360.0,2,0.9500000000000011
"outage, fallback to local rules",16,3480.0,2,2.420000000000001
"outage, fallback to local rules",16,3600.0,2,0.7000000000000011
"outage, fallback to local rules",16,3720.0,3,0.7800000000000011
"outage, fallback to local rules",16,3840.0,2,0.220000000000001
"outage, fallback to local rules",16,3960.0,2,3.200000000000001
"outage, fallback to local rules",16,4080.0,2,6.200000000000001
"outage, fallback to local rules",16,4200.0,2,0.16666666666666785
"outage, fallback to local rules",16,4320.0,2,0.420000000000001
"outage, fallback to local rules",16,4440.0,2,0.16666666666666785
"outage, fallback to local rules",16,4560.0,2,1.5666666666666675
"outage, fallback to local rules",16,4680.0,2,0.3800000000000011
"outage, fallback to local rules",16,4800.0,2,2.2333333333333343
"outage, fallback to local rules",16,4920.0,2,0.20000000000000107
"outage, fallback to local rules",16,5040.0,1,0.20000000000000107
"outage, fallback to local rules",16,5160.0,2,11.200000000000001
"outage, fallback to local rules",16,5280.0,2,6.950000000000001
"outage, fallback to local rules",16,5400.0,2,1.450000000000001
"outage, fallback to local rules",16,5520.0,2,2.200000000000001
"outage, fallback to local rules",16,5640.0,2,1.200000000000001
"outage, fallback to local rules",16,5760.0,2,0.16666666666666785
"outage, fallback to local rules",16,5880.0,2,0.23333333333333428
"outage, fallback to local rules",16,6000.0,1,2.3800000000000012
"outage, fallback to local rules",16,6120.0,3,0.45000000000000107
"outage, fallback to local rules",16,6240.0,2,0.7000000000000011
"outage, fallback to local rules",16,6360.0,2,0.23333333333333428
"outage, fallback to local rules",16,6480.0,1,1.5800000000000012
"outage, fallback to local rules",16,6600.0,3,4.566666666666667
"outage, fallback to local rules",16,6720.0,1,6.980000000000001
"outage, fallback to local rules",16,6840.0,3,0.420000000000001
"outage, fallback to local rules",16,6960.0,2,0.16666666666666785
"outage, fallback to local rules",16,7080.0,1,0.20000000000000107
"outage, fallback to local rules",16,7200.0,3,0.20000000000000107
"outage, fallback to local rules",16,7320.0,3,7.780000000000001
"outage, fallback to local rules",16,7440.0,2,5.200000000000001
"outage, fallback to local rules",16,7560.0,2,1.5666666666666675
"outage, fallback to local rules",16,7680.0,2,0.20000000000000107
"outage, fallback to local rules",16,7800.0,1,0.20000000000000107
"outage, fallback to local rules",16,7920.0,3,1.3666666666666678
"outage, fail-safe stop",16,0.0,0,
"outage, fail-safe stop",16,120.0,0,0.10000000000000142
"outage, fail-safe stop",16,240.0,2,2.200000000000001
"outage, fail-safe stop",16,360.0,2,0.20000000000000107
"outage, fail-safe stop",16,480.0,2,4.700000000000001
"outage, fail-safe stop",16,600.0,2,1.700000000000001
"outage, fail-safe stop",16,720.0,2,2.200000000000001
"outage, fail-safe stop",16,840.0,2,0.9500000000000011
"outage, fail-safe stop",16,960.0,2,0.9500000000000011
"outage, fail-safe stop",16,1080.0,2,2.950000000000001
"outage, fail-safe stop",16,1200.0,3,0.7000000000000011
"outage, fail-safe stop",16,1320.0,2,6.200000000000001
"outage, fail-safe stop",16,1440.0,2,9.38
"outage, fail-safe stop",16,1560.0,0,14.9
"outage, fail-safe stop",16,1680.0,3,4.200000000000001
"outage, fail-safe stop",16,1800.0,1,2.950000000000001
"outage, fail-safe stop",16,1920.0,3,2.950000000000001
"outage, fail-safe stop",16,2040.0,1,0.5800000000000012
"outage, fail-safe stop",16,2160.0,3,3.700000000000001
"outage, fail-safe stop",16,2280.0,2,0.9500000000000011
"outage, fail-safe stop",16,2400.0,2,0.20000000000000107
"outage, fail-safe stop",16,2520.0,2,0.5666666666666677
"outage, fail-safe stop",16,2640.0,2,0.16666666666666785
"outage, fail-safe stop",16,2760.0,1,
"outage, fail-safe stop",16,2880.0,0,
"outage, fail-safe stop",16,3000.0,0,
"outage, fail-safe stop",16,3120.0,0,
"outage, fail-safe stop",16,3240.0,0,594.1
"outage, fail-safe stop",16,3360.0,1,542.0428571428572
"outage, fail-safe stop",16,3480.0,4,0.3000000000000007
"outage, fail-safe stop",16,3600.0,0,0.16666666666666785
"outage, fail-safe stop",16,3720.0,2,1.200000000000001
"outage, fail-safe stop",16,3840.0,2,1.700000000000001
"outage, fail-safe stop",16,3960.0,2,0.20000000000000107
"outage, fail-safe stop",16,4080.0,2,2.700000000000001
"outage, fail-safe stop",16,4200.0,2,1.3800000000000012
"outage, fail-safe stop",16,4320.0,3,4.200000000000001
"outage, fail-safe stop",16,4440.0,2,2.200000000000001
"outage, fail-safe stop",16,4560.0,3,0.220000000000001
"outage, fail-safe stop",16,4680.0,1,2.5000000000000013
"outage, fail-safe stop",16,4800.0,2,0.20000000000000107
"outage, fail-safe stop",16,4920.0,2,2.5666666666666678
"outage, fail-safe stop",16,5040.0,2,1.200000000000001
"outage, fail-safe stop",16,5160.0,1,5.1800000000000015
"outage, fail-safe stop",16,5280.0,2,0.23333333333333428
"outage, fail-safe stop",16,5400.0,2,10.450000000000001
"outage, fail-safe stop",16,5520.0,2,1.200000000000001
"outage, fail-safe stop",16,5640.0,2,9.450000000000001
"outage, fail-safe stop",16,5760.0,2,0.20000000000000107
"outage, fail-safe stop",16,5880.0,2,2.200000000000001
"outage, fail-safe stop",16,6000.0,2,0.20000000000000107
"outage, fail-safe stop",16,6120.0,3,2.200000000000001
"outage, fail-safe stop",16,6240.0,2,0.16666666666666785
"outage, fail-safe stop",16,6360.0,1,0.23333333333333428
"outage, fail-safe stop",16,6480.0,1,2.9800000000000013
"outage, fail-safe stop",16,6600.0,3,6.950000000000001
"outage, fail-safe stop",16,6720.0,2,1.200000000000001
"outage, fail-safe stop",16,6840.0,2,1.420000000000001
"outage, fail-safe stop",16,6960.0,2,3.200000000000001
"outage, fail-safe stop",16,7080.0,1,0.16666666666666785
"outage, fail-safe stop",16,7200.0,3,0.420000000000001
"outage, fail-safe stop",16,7320.0,2,4.450000000000001
"outage, fail-safe stop",16,7440.0,2,0.20000000000000107
"outage, fail-safe stop",16,7560.0,2,0.20000000000000107
"outage, fail-safe stop",16,7680.0,2,0.6500000000000012
"outage, fail-safe stop",16,7800.0,3,1.420000000000001
"outage, fail-safe stop",16,7920.0,2,0.220000000000001
no outage,17,0.0,0,
no outage,17,120.0,0,6.600000000000001
no outage,17,240.0,2,0.9500000000000011
no outage,17,360.0,2,3.450000000000001
no outage,17,480.0,2,1.450000000000001
no outage,17,600.0,2,1.950000000000001
no outage,17,720.0,2,0.20000000000000107
no outage,17,840.0,2,5.500000000000001
no outage,17,960.0,2,1.020000000000001
no outage,17,1080.0,2,0.16666666666666785
no outage,17,1200.0,2,0.220000000000001
no outage,17,1320.0,2,2.8333333333333344
no outage,17,1440.0,2,3.950000000000001
no outage,17,1560.0,2,0.20000000000000107
no outage,17,1680.0,2,3.900000000000001
no outage,17,1800.0,2,0.18000000000000113
no outage,17,1920.0,2,4.200000000000001
no outage,17,2040.0,2,0.220000000000001
no outage,17,2160.0,2,0.16666666666666785
no outage,17,2280.0,2,4.450000000000001
no outage,17,2400.0,3,0.20000000000000107
no outage,17,2520.0,1,0.820000000000001
no outage,17,2640.0,2,0.20000000000000107
no outage,17,2760.0,2,3.8333333333333344
no outage,17,2880.0,2,0.9500000000000011
no outage,17,3000.0,2,0.23333333333333428
no outage,17,3120.0,1,2.450000000000001
no outage,17,3240.0,2,6.700000000000001
no outage,17,3360.0,2,0.9500000000000011
no outage,17,3480.0,2,3.450000000000001
no outage,17,3600.0,2,2.450000000000001
no outage,17,3720.0,2,0.45000000000000107
no outage,17,3840.0,3,0.45000000000000107
no outage,17,3960.0,1,2.9800000000000013
no outage,17,4080.0,2,0.20000000000000107
no outage,17,4200.0,4,0.220000000000001
no outage,17,4320.0,1,3.700000000000001
no outage,17,4440.0,2,0.20000000000000107
no outage,17,4560.0,2,0.20000000000000107
no outage,17,4680.0,2,5.500000000000001
no outage,17,4800.0,2,0.220000000000001
no outage,17,4920.0,2,1.1666666666666679
no outage,17,5040.0,2,0.20000000000000107
no outage,17,5160.0,2,4.200000000000001
no outage,17,5280.0,2,0.20000000000000107
no outage,17,5400.0,2,0.220000000000001
no outage,17,5520.0,2,0.9500000000000011
no outage,17,5640.0,2,0.20000000000000107
no outage,17,5760.0,2,0.16666666666666785
no outage,17,5880.0,2,1.5666666666666675
no outage,17,6000.0,1,2.450000000000001
no outage,17,6120.0,2,14.7
no outage,17,6240.0,2,1.450000000000001
no outage,17,6360.0,2,1.5800000000000012
no outage,17,6480.0,3,6.700000000000001
no outage,17,6600.0,2,0.20000000000000107
no outage,17,6720.0,2,2.2333333333333343
no outage,17,6840.0,1,0.20000000000000107
no outage,17,6960.0,3,0.5000000000000012
no outage,17,7080.0,1,1.180000000000001
no outage,17,7200.0,3,1.2500000000000009
no outage,17,7320.0,1,2.4000000000000012
no outage,17,7440.0,3,0.3000000000000007
no outage,17,7560.0,1,0.6500000000000012
no outage,17,7680.0,2,3.900000000000001
no outage,17,7800.0,2,4.200000000000001
no outage,17,7920.0,3,0.3285714285714297
"outage, fallback to local rules",17,0.0,0,
"outage, fallback to local rules",17,120.0,0,6.600000000000001
"outage, fallback to local rules",17,240.0,2,0.9500000000000011
"outage, fallback to local rules",17,360.0,2,3.450000000000001
"outage, fallback to local rules",17,480.0,2,1.450000000000001
"outage, fallback to local rules",17,600.0,2,1.950000000000001
"outage, fallback to local rules",17,720.0,2,0.20000000000000107
"outage, fallback to local rules",17,840.0,2,5.500000000000001
"outage, fallback to local rules",17,960.0,2,1.020000000000001
"outage, fallback to local rules",17,1080.0,2,0.16666666666666785
"outage, fallback to local rules",17,1200.0,2,0.220000000000001
"outage, fallback to local rules",17,1320.0,2,2.8333333333333344
"outage, fallback to local rules",17,1440.0,2,3.950000000000001
"outage, fallback to local rules",17,1560.0,2,0.20000000000000107
"outage, fallback to local rules",17,1680.0,2,3.900000000000001
"outage, fallback to local rules",17,1800.0,2,0.18000000000000113
"outage, fallback to local rules",17,1920.0,2,4.200000000000001
"outage, fallback to local rules",17,2040.0,2,0.220000000000001
"outage, fallback to local rules",17,2160.0,2,0.16666666666666785
"outage, fallback to local rules",17,2280.0,2,4.450000000000001
"outage, fallback to local rules",17,2400.0,3,0.20000000000000107
"outage, fallback to local rules",17,2520.0,1,0.820000000000001
"outage, fallback to local rules",17,2640.0,2,7.500000000000001
"outage, fallback to local rules",17,2760.0,2,13.166666666666666
"outage, fallback to local rules",17,2880.0,2,15.233333333333334
"outage, fallback to local rules",17,3000.0,2,16.62
"outage, fallback to local rules",17,3120.0,1,14.200000000000001
"outage, fallback to local rules",17,3240.0,2,18.700000000000003
"outage, fallback to local rules",17,3360.0,2,2.950000000000001
"outage, fallback to local rules",17,3480.0,2,3.700000000000001
"outage, fallback to local rules",17,3600.0,2,2.450000000000001
"outage, fallback to local rules",17,3720.0,2,0.45000000000000107
"outage, fallback to local rules",17,3840.0,3,0.45000000000000107
"outage, fallback to local rules",17,3960.0,1,2.9800000000000013
"outage, fallback to local rules",17,4080.0,2,0.20000000000000107
"outage, fallback to local rules",17,4200.0,4,0.220000000000001
"outage, fallback to local rules",17,4320.0,1,3.700000000000001
"outage, fallback to local rules",17,4440.0,2,0.20000000000000107
"outage, fallback to local rules",17,4560.0,2,0.20000000000000107
"outage, fallback to local rules",17,4680.0,2,5.500000000000001
"outage, fallback to local rules",17,4800.0,2,0.220000000000001
"outage, fallback to local rules",17,4920.0,2,1.1666666666666679
"outage, fallback to local rules",17,5040.0,2,0.20000000000000107
"outage, fallback to local rules",17,5160.0,2,4.200000000000001
"outage, fallback to local rules",17,5280.0,2,0.20000000000000107
"outage, fallback to local rules",17,5400.0,2,0.220000000000001
"outage, fallback to local rules",17,5520.0,2,0.7000000000000011
"outage, fallback to local rules",17,5640.0,2,0.20000000000000107
"outage, fallback to local rules",17,5760.0,2,0.16666666666666785
"outage, fallback to local rules",17,5880.0,2,1.5666666666666675
"outage, fallback to local rules",17,6000.0,1,2.450000000000001
"outage, fallback to local rules",17,6120.0,2,14.7
"outage, fallback to local rules",17,6240.0,2,1.450000000000001
"outage, fallback to local rules",17,6360.0,2,1.5800000000000012
"outage, fallback to local rules",17,6480.0,3,6.450000000000001
"outage, fallback to local rules",17,6600.0,2,0.20000000000000107
"outage, fallback to local rules",17,6720.0,2,2.2333333333333343
"outage, fallback to local rules",17,6840.0,1,0.20000000000000107
"outage, fallback to local rules",17,6960.0,3,0.16666666666666785
"outage, fallback to local rules",17,7080.0,1,1.180000000000001
"outage, fallback to local rules",17,7200.0,3,1.0000000000000009
"outage, fallback to local rules",17,7320.0,1,2.4000000000000012
"outage, fallback to local rules",17,7440.0,3,0.3000000000000007
"outage, fallback to local rules",17,7560.0,1,0.6500000000000012
"outage, fallback to local rules",17,7680.0,2,3.900000000000001
"outage, fallback to local rules",17,7800.0,2,4.200000000000001
"outage, fallback to local rules",17,7920.0,3,0.3285714285714297
"outage, fail-safe stop",17,0.0,0,
"outage, fail-safe stop",17,120.0,0,6.600000000000001
"outage, fail-safe stop",17,240.0,2,0.9500000000000011
"outage, fail-safe stop",17,360.0,2,3.450000000000001
"outage, fail-safe stop",17,480.0,2,1.450000000000001
"outage, fail-safe stop",17,600.0,2,1.950000000000001
"outage, fail-safe stop",17,720.0,2,0.20000000000000107
"outage, fail-safe stop",17,840.0,2,5.500000000000001
"outage, fail-safe stop",17,960.0,2,1.020000000000001
"outage, fail-safe stop",17,1080.0,2,0.16666666666666785
"outage, fail-safe stop",17,1200.0,2,0.220000000000001
"outage, fail-safe stop",17,1320.0,2,2.8333333333333344
"outage, fail-safe stop",17,1440.0,2,3.950000000000001
"outage, fail-safe stop",17,1560.0,2,0.20000000000000107
"outage, fail-safe stop",17,1680.0,2,3.900000000000001
"outage, fail-safe stop",17,1800.0,2,0.18000000000000113
"outage, fail-safe stop",17,1920.0,2,4.200000000000001
"outage, fail-safe stop",17,2040.0,2,0.220000000000001
"outage, fail-safe stop",17,2160.0,2,0.16666666666666785
"outage, fail-safe stop",17,2280.0,2,4.450000000000001
"outage, fail-safe stop",17,2400.0,3,0.20000000000000107
"outage, fail-safe stop",17,2520.0,1,0.820000000000001
"outage, fail-safe stop",17,2640.0,2,0.3000000000000007
"outage, fail-safe stop",17,2760.0,0,
"outage, fail-safe stop",17,2880.0,0,
"outage, fail-safe stop",17,3000.0,0,
"outage, fail-safe stop",17,3120.0,0,
"outage, fail-safe stop",17,3240.0,0,619.1
"outage, fail-safe stop",17,3360.0,1,530.8428571428572
"outage, fail-safe stop",17,3480.0,4,0.3000000000000007
"outage, fail-safe stop",17,3600.0,2,0.5000000000000009
"outage, fail-safe stop",17,3720.0,1,0.7000000000000011
"outage, fail-safe stop",17,3840.0,2,0.16666666666666785
"outage, fail-safe stop",17,3960.0,2,2.820000000000001
"outage, fail-safe stop",17,4080.0,2,0.20000000000000107
"outage, fail-safe stop",17,4200.0,2,0.16666666666666785
"outage, fail-safe stop",17,4320.0,3,2.9800000000000013
"outage, fail-safe stop",17,4440.0,2,1.420000000000001
"outage, fail-safe stop",17,4560.0,2,0.23333333333333428
"outage, fail-safe stop",17,4680.0,1,0.15000000000000124
"outage, fail-safe stop",17,4800.0,3,7.250000000000001
"outage, fail-safe stop",17,4920.0,2,6.700000000000001
"outage, fail-safe stop",17,5040.0,1,2.200000000000001
"outage, fail-safe stop",17,5160.0,2,0.20000000000000107
"outage, fail-safe stop",17,5280.0,2,11.450000000000001
"outage, fail-safe stop",17,5400.0,2,2.450000000000001
"outage, fail-safe stop",17,5520.0,2,8.450000000000001
"outage, fail-safe stop",17,5640.0,2,0.20000000000000107
"outage, fail-safe stop",17,5760.0,2,10.833333333333334
"outage, fail-safe stop",17,5880.0,3,0.220000000000001
"outage, fail-safe stop",17,6000.0,1,4.450000000000001
"outage, fail-safe stop",17,6120.0,2,6.450000000000001
"outage, fail-safe stop",17,6240.0,2,4.200000000000001
"outage, fail-safe stop",17,6360.0,2,0.20000000000000107
"outage, fail-safe stop",17,6480.0,3,0.5800000000000012
"outage, fail-safe stop",17,6600.0,2,0.5666666666666677
"outage, fail-safe stop",17,6720.0,1,3.166666666666668
"outage, fail-safe stop",17,6840.0,2,2.200000000000001
"outage, fail-safe stop",17,6960.0,2,5.020000000000001
"outage, fail-safe stop",17,7080.0,2,5.450000000000001
"outage, fail-safe stop",17,7200.0,2,1.700000000000001
"outage, fail-safe stop",17,7320.0,2,6.200000000000001
"outage, fail-safe stop",17,7440.0,2,0.8333333333333345
"outage, fail-safe stop",17,7560.0,2,1.020000000000001
"outage, fail-safe stop",17,7680.0,2,4.700000000000001
"outage, fail-safe stop",17,7800.0,2,10.833333333333334
"outage, fail-safe stop",17,7920.0,3,5.420000000000001
no outage,18,0.0,0,
no outage,18,120.0,0,0.10000000000000142
no outage,18,240.0,2,2.950000000000001
no outage,18,360.0,2,0.45000000000000107
no outage,18,480.0,2,0.16666666666666785
no outage,18,600.0,2,0.20000000000000107
no outage,18,720.0,2,0.5000000000000009
no outage,18,840.0,2,1.1666666666666679
no outage,18,960.0,1,0.8333333333333345
no outage,18,1080.0,2,2.9800000000000013
no outage,18,1200.0,3,0.8000000000000007
no outage,18,1320.0,1,0.7800000000000011
no outage,18,1440.0,2,0.23333333333333428
no outage,18,1560.0,2,1.450000000000001
no outage,18,1680.0,2,0.18000000000000113
no outage,18,1800.0,2,1.620000000000001
no outage,18,1920.0,2,2.950000000000001
no outage,18,2040.0,3,2.780000000000001
no outage,18,2160.0,2,0.16666666666666785
no outage,18,2280.0,2,0.2500000000000009
no outage,18,2400.0,1,1.7800000000000011
no outage,18,2520.0,3,0.20000000000000107
no outage,18,2640.0,2,1.420000000000001
no outage,18,2760.0,2,1.200000000000001
no outage,18,2880.0,2,0.16666666666666785
no outage,18,3000.0,2,1.950000000000001
no outage,18,3120.0,2,4.200000000000001
no outage,18,3240.0,2,0.20000000000000107
no outage,18,3360.0,2,0.220000000000001
no outage,18,3480.0,2,0.20000000000000107
no outage,18,3600.0,2,3.700000000000001
no outage,18,3720.0,2,0.20000000000000107
no outage,18,3840.0,2,3.700000000000001
no outage,18,3960.0,2,1.700000000000001
no outage,18,4080.0,2,7.200000000000001
no outage,18,4200.0,2,3.450000000000001
no outage,18,4320.0,2,0.20000000000000107
no outage,18,4440.0,3,0.9800000000000011
no outage,18,4560.0,2,0.45000000000000107
no outage,18,4680.0,2,0.7000000000000011
no outage,18,4800.0,2,0.220000000000001
no outage,18,4920.0,2,2.5000000000000013
no outage,18,5040.0,2,2.900000000000001
no outage,18,5160.0,2,9.700000000000001
no outage,18,5280.0,2,0.45000000000000107
no outage,18,5400.0,1,4.200000000000001
no outage,18,5520.0,3,0.45000000000000107
no outage,18,5640.0,1,1.450000000000001
no outage,18,5760.0,2,4.950000000000001
no outage,18,5880.0,2,0.20000000000000107
no outage,18,6000.0,2,2.950000000000001
no outage,18,6120.0,2,4.700000000000001
no outage,18,6240.0,2,0.16666666666666785
no outage,18,6360.0,2,1.620000000000001
no outage,18,6480.0,2,9.166666666666668
no outage,18,6600.0,2,7.833333333333335
no outage,18,6720.0,1,0.9000000000000009
no outage,18,6840.0,2,0.820000000000001
no outage,18,6960.0,2,0.20000000000000107
no outage,18,7080.0,2,2.200000000000001
no outage,18,7200.0,2,3.780000000000001
no outage,18,7320.0,3,0.23333333333333428
no outage,18,7440.0,2,4.200000000000001
no outage,18,7560.0,1,0.20000000000000107
no outage,18,7680.0,3,0.20000000000000107
no outage,18,7800.0,1,0.45000000000000107
no outage,18,7920.0,4,0.8333333333333345
"outage, fallback to local rules",18,0.0,0,
"outage, fallback to local rules",18,120.0,0,0.10000000000000142
"outage, fallback to local rules",18,240.0,2,2.950000000000001
"outage, fallback to local rules",18,360.0,2,0.45000000000000107
"outage, fallback to local rules",18,480.0,2,0.16666666666666785
"outage, fallback to local rules",18,600.0,2,0.20000000000000107
"outage, fallback to local rules",18,720.0,2,0.5000000000000009
"outage, fallback to local rules",18,840.0,2,1.1666666666666679
"outage, fallback to local rules",18,960.0,1,0.8333333333333345
"outage, fallback to local rules",18,1080.0,2,2.9800000000000013
"outage, fallback to local rules",18,1200.0,3,0.8000000000000007
"outage, fallback to local rules",18,1320.0,1,0.7800000000000011
"outage, fallback to local rules",18,1440.0,2,0.23333333333333428
"outage, fallback to local rules",18,1560.0,2,1.450000000000001
"outage, fallback to local rules",18,1680.0,2,0.18000000000000113
"outage, fallback to local rules",18,1800.0,2,1.620000000000001
"outage, fallback to local rules",18,1920.0,2,2.950000000000001
"outage, fallback to local rules",18,2040.0,3,2.780000000000001
"outage, fallback to local rules",18,2160.0,2,0.16666666666666785
"outage, fallback to local rules",18,2280.0,2,0.2500000000000009
"outage, fallback to local rules",18,2400.0,1,1.7800000000000011
"outage, fallback to local rules",18,2520.0,3,0.20000000000000107
"outage, fallback to local rules",18,2640.0,2,4.450000000000001
"outage, fallback to local rules",18,2760.0,2,14.200000000000001
"outage, fallback to local rules",18,2880.0,2,15.233333333333334
"outage, fallback to local rules",18,3000.0,2,13.780000000000001
"outage, fallback to local rules",18,3120.0,2,14.200000000000001
"outage, fallback to local rules",18,3240.0,2,10.200000000000001
"outage, fallback to local rules",18,3360.0,2,0.220000000000001
"outage, fallback to local rules",18,3480.0,2,0.20000000000000107
"outage, fallback to local rules",18,3600.0,2,4.700000000000001
"outage, fallback to local rules",18,3720.0,2,0.20000000000000107
"outage, fallback to local rules",18,3840.0,2,3.700000000000001
"outage, fallback to local rules",18,3960.0,2,1.700000000000001
"outage, fallback to local rules",18,4080.0,2,8.200000000000001
"outage, fallback to local rules",18,4200.0,2,3.450000000000001
"outage, fallback to local rules",18,4320.0,2,0.20000000000000107
"outage, fallback to local rules",18,4440.0,3,0.9800000000000011
"outage, fallback to local rules",18,4560.0,2,0.45000000000000107
"outage, fallback to local rules",18,4680.0,2,0.7000000000000011
"outage, fallback to local rules",18,4800.0,2,0.220000000000001
"outage, fallback to local rules",18,4920.0,2,1.8333333333333346
"outage, fallback to local rules",18,5040.0,2,2.250000000000001
"outage, fallback to local rules",18,5160.0,2,8.833333333333334
"outage, fallback to local rules",18,5280.0,2,4.700000000000001
"outage, fallback to local rules",18,5400.0,1,4.200000000000001
"outage, fallback to local rules",18,5520.0,3,0.45000000000000107
"outage, fallback to local rules",18,5640.0,1,0.9500000000000011
"outage, fallback to local rules",18,5760.0,2,5.200000000000001
"outage, fallback to local rules",18,5880.0,2,0.45000000000000107
"outage, fallback to local rules",18,6000.0,2,2.950000000000001
"outage, fallback to local rules",18,6120.0,2,4.700000000000001
"outage, fallback to local rules",18,6240.0,2,0.16666666666666785
"outage, fallback to local rules",18,6360.0,2,2.420000000000001
"outage, fallback to local rules",18,6480.0,2,6.100000000000001
"outage, fallback to local rules",18,6600.0,2,10.450000000000001
"outage, fallback to local rules",18,6720.0,1,0.9000000000000009
"outage, fallback to local rules",18,6840.0,2,0.620000000000001
"outage, fallback to local rules",18,6960.0,2,0.20000000000000107
"outage, fallback to local rules",18,7080.0,2,2.200000000000001
"outage, fallback to local rules",18,7200.0,2,3.780000000000001
"outage, fallback to local rules",18,7320.0,3,0.23333333333333428
"outage, fallback to local rules",18,7440.0,2,4.200000000000001
"outage, fallback to local rules",18,7560.0,1,0.20000000000000107
"outage, fallback to local rules",18,7680.0,3,0.20000000000000107
"outage, fallback to local rules",18,7800.0,1,0.45000000000000107
"outage, fallback to local rules",18,7920.0,4,0.8333333333333345
"outage, fail-safe stop",18,0.0,0,
"outage, fail-safe stop",18,120.0,0,0.10000000000000142
"outage, fail-safe stop",18,240.0,2,2.950000000000001
"outage, fail-safe stop",18,360.0,2,0.45000000000000107
"outage, fail-safe stop",18,480.0,2,0.16666666666666785
"outage, fail-safe stop",18,600.0,2,0.20000000000000107
"outage, fail-safe stop",18,720.0,2,0.5000000000000009
"outage, fail-safe stop",18,840.0,2,1.1666666666666679
"outage, fail-safe stop",18,960.0,1,0.8333333333333345
"outage, fail-safe stop",18,1080.0,2,2.9800000000000013
"outage, fail-safe stop",18,1200.0,3,0.8000000000000007
"outage, fail-safe stop",18,1320.0,1,0.7800000000000011
"outage, fail-safe stop",18,1440.0,2,0.23333333333333428
"outage, fail-safe stop",18,1560.0,2,1.450000000000001
"outage, fail-safe stop",18,1680.0,2,0.18000000000000113
"outage, fail-safe stop",18,1800.0,2,1.620000000000001
"outage, fail-safe stop",18,1920.0,2,2.950000000000001
"outage, fail-safe stop",18,2040.0,3,2.780000000000001
"outage, fail-safe stop",18,2160.0,2,0.16666666666666785
"outage, fail-safe stop",18,2280.0,2,0.2500000000000009
"outage, fail-safe stop",18,2400.0,1,1.7800000000000011
"outage, fail-safe stop",18,2520.0,3,0.20000000000000107
"outage, fail-safe stop",18,2640.0,2,2.2333333333333343
"outage, fail-safe stop",18,2760.0,1,
"outage, fail-safe stop",18,2880.0,0,
"outage, fail-safe stop",18,3000.0,0,
"outage, fail-safe stop",18,3120.0,0,
"outage, fail-safe stop",18,3240.0,0,550.1
"outage, fail-safe stop",18,3360.0,1,526.4428571428572
"outage, fail-safe stop",18,3480.0,4,0.3000000000000007
"outage, fail-safe stop",18,3600.0,1,3.020000000000001
"outage, fail-safe stop",18,3720.0,2,3.950000000000001
"outage, fail-safe stop",18,3840.0,2,0.18000000000000113
"outage, fail-safe stop",18,3960.0,4,0.20000000000000107
"outage, fail-safe stop",18,4080.0,1,5.450000000000001
"outage, fail-safe stop",18,4200.0,2,0.20000000000000107
"outage, fail-safe stop",18,4320.0,2,2.700000000000001
"outage, fail-safe stop",18,4440.0,2,0.20000000000000107
"outage, fail-safe stop",18,4560.0,2,4.900000000000001
"outage, fail-safe stop",18,4680.0,1,6.1800000000000015
"outage, fail-safe stop",18,4800.0,3,0.20000000000000107
"outage, fail-safe stop",18,4920.0,2,0.20000000000000107
"outage, fail-safe stop",18,5040.0,2,0.420000000000001
"outage, fail-safe stop",18,5160.0,3,1.700000000000001
"outage, fail-safe stop",18,5280.0,2,0.20000000000000107
"outage, fail-safe stop",18,5400.0,2,0.15000000000000124
"outage, fail-safe stop",18,5520.0,2,3.000000000000001
"outage, fail-safe stop",18,5640.0,2,2.700000000000001
"outage, fail-safe stop",18,5760.0,1,0.20000000000000107
"outage, fail-safe stop",18,5880.0,2,0.18000000000000113
"outage, fail-safe stop",18,6000.0,3,0.20000000000000107
"outage, fail-safe stop",18,6120.0,1,0.220000000000001
"outage, fail-safe stop",18,6240.0,2,0.16666666666666785
"outage, fail-safe stop",18,6360.0,2,0.20000000000000107
"outage, fail-safe stop",18,6480.0,2,0.23333333333333428
"outage, fail-safe stop",18,6600.0,2,2.950000000000001
"outage, fail-safe stop",18,6720.0,1,3.450000000000001
"outage, fail-safe stop",18,6840.0,2,0.20000000000000107
"outage, fail-safe stop",18,6960.0,2,0.20000000000000107
"outage, fail-safe stop",18,7080.0,2,0.45000000000000107
"outage, fail-safe stop",18,7200.0,2,0.16666666666666785
"outage, fail-safe stop",18,7320.0,2,0.9000000000000009
"outage, fail-safe stop",18,7440.0,2,0.45000000000000107
"outage, fail-safe stop",18,7560.0,2,1.980000000000001
"outage, fail-safe stop",18,7680.0,2,0.20000000000000107
"outage, fail-safe stop",18,7800.0,2,0.20000000000000107
"outage, fail-safe stop",18,7920.0,3,1.7857142857142867
no outage,19,0.0,0,
no outage,19,120.0,0,0.10000000000000142
no outage,19,240.0,2,1.450000000000001
no outage,19,360.0,2,1.450000000000001
no outage,19,480.0,2,7.200000000000001
no outage,19,600.0,2,0.9500000000000011
no outage,19,720.0,2,4.200000000000001
no outage,19,840.0,2,3.700000000000001
no outage,19,960.0,2,3.700000000000001
no outage,19,1080.0,2,2.180000000000001
no outage,19,1200.0,3,0.20000000000000107
no outage,19,1320.0,2,5.020000000000001
no outage,19,1440.0,2,0.20000000000000107
no outage,19,1560.0,2,0.20000000000000107
no outage,19,1680.0,1,3.700000000000001
no outage,19,1800.0,2,0.15000000000000124
no outage,19,1920.0,3,3.820000000000001
no outage,19,2040.0,2,0.5666666666666677
no outage,19,2160.0,1,1.950000000000001
no outage,19,2280.0,3,0.20000000000000107
no outage,19,2400.0,1,0.20000000000000107
no outage,19,2520.0,2,3.700000000000001
no outage,19,2640.0,2,1.950000000000001
no outage,19,2760.0,3,0.15000000000000124
no outage,19,2880.0,2,0.220000000000001
no outage,19,3000.0,2,0.9500000000000011
no outage,19,3120.0,2,2.900000000000001
no outage,19,3240.0,1,14.833333333333334
no outage,19,3360.0,2,0.9500000000000011
no outage,19,3480.0,2,3.620000000000001
no outage,19,3600.0,2,0.16666666666666785
no outage,19,3720.0,2,5.200000000000001
no outage,19,3840.0,2,6.020000000000001
no outage,19,3960.0,2,4.450000000000001
no outage,19,4080.0,2,0.20000000000000107
no outage,19,4200.0,2,3.700000000000001
no outage,19,4320.0,1,5.833333333333335
no outage,19,4440.0,3,4.450000000000001
no outage,19,4560.0,1,0.820000000000001
no outage,19,4680.0,2,3.700000000000001
no outage,19,4800.0,2,5.950000000000001
no outage,19,4920.0,2,8.200000000000001
no outage,19,5040.0,2,3.700000000000001
no outage,19,5160.0,2,3.700000000000001
no outage,19,5280.0,2,0.7000000000000011
no outage,19,5400.0,2,0.9500000000000011
no outage,19,5520.0,2,0.20000000000000107
no outage,19,5640.0,2,1.700000000000001
no outage,19,5760.0,2,1.200000000000001
no outage,19,5880.0,2,0.18000000000000113
no outage,19,6000.0,3,0.20000000000000107
no outage,19,6120.0,2,0.20000000000000107
no outage,19,6240.0,2,5.450000000000001
no outage,19,6360.0,2,0.20000000000000107
no outage,19,6480.0,3,3.900000000000001
no outage,19,6600.0,1,5.200000000000001
no outage,19,6720.0,2,3.950000000000001
no outage,19,6840.0,1,3.450000000000001
no outage,19,6960.0,3,0.20000000000000107
no outage,19,7080.0,2,0.18000000000000113
no outage,19,7200.0,2,0.45000000000000107
no outage,19,7320.0,2,2.750000000000001
no outage,19,7440.0,2,0.8333333333333345
no outage,19,7560.0,1,3.450000000000001
no outage,19,7680.0,2,2.450000000000001
no outage,19,7800.0,2,5.833333333333335
no outage,19,7920.0,3,0.18571428571428683
"outage, fallback to local rules",19,0.0,0,
"outage, fallback to local rules",19,120.0,0,0.10000000000000142
"outage, fallback to local rules",19,240.0,2,1.450000000000001
"outage, fallback to local rules",19,360.0,2,1.450000000000001
"outage, fallback to local rules",19,480.0,2,7.200000000000001
"outage, fallback to local rules",19,600.0,2,0.9500000000000011
"outage, fallback to local rules",19,720.0,2,4.200000000000001
"outage, fallback to local rules",19,840.0,2,3.700000000000001
"outage, fallback to local rules",19,960.0,2,3.700000000000001
"outage, fallback to local rules",19,1080.0,2,2.180000000000001
"outage, fallback to local rules",19,1200.0,3,0.20000000000000107
"outage, fallback to local rules",19,1320.0,2,5.020000000000001
"outage, fallback to local rules",19,1440.0,2,0.20000000000000107
"outage, fallback to local rules",19,1560.0,2,0.20000000000000107
"outage, fallback to local rules",19,1680.0,1,3.700000000000001
"outage, fallback to local rules",19,1800.0,2,0.15000000000000124
"outage, fallback to local rules",19,1920.0,3,3.820000000000001
"outage, fallback to local rules",19,2040.0,2,0.5666666666666677
"outage, fallback to local rules",19,2160.0,1,1.950000000000001
"outage, fallback to local rules",19,2280.0,3,0.20000000000000107
"outage, fallback to local rules",19,2400.0,1,0.20000000000000107
"outage, fallback to local rules",19,2520.0,2,3.700000000000001
"outage, fallback to local rules",19,2640.0,2,7.700000000000001
"outage, fallback to local rules",19,2760.0,2,12.650000000000002
"outage, fallback to local rules",19,2880.0,3,14.200000000000001
"outage, fallback to local rules",19,3000.0,2,16.450000000000003
"outage, fallback to local rules",19,3120.0,2,15.233333333333334
"outage, fallback to local rules",19,3240.0,1,18.450000000000003
"outage, fallback to local rules",19,3360.0,2,0.45000000000000107
"outage, fallback to local rules",19,3480.0,2,1.620000000000001
"outage, fallback to local rules",19,3600.0,2,4.450000000000001
"outage, fallback to local rules",19,3720.0,2,0.8333333333333345
"outage, fallback to local rules",19,3840.0,2,6.020000000000001
"outage, fallback to local rules",19,3960.0,2,3.950000000000001
"outage, fallback to local rules",19,4080.0,2,0.20000000000000107
"outage, fallback to local rules",19,4200.0,2,3.700000000000001
"outage, fallback to local rules",19,4320.0,1,5.833333333333335
"outage, fallback to local rules",19,4440.0,3,4.450000000000001
"outage, fallback to local rules",19,4560.0,1,0.620000000000001
"outage, fallback to local rules",19,4680.0,2,3.700000000000001
"outage, fallback to local rules",19,4800.0,2,5.950000000000001
"outage, fallback to local rules",19,4920.0,2,7.950000000000001
"outage, fallback to local rules",19,5040.0,2,4.200000000000001
"outage, fallback to local rules",19,5160.0,2,3.700000000000001
"outage, fallback to local rules",19,5280.0,2,0.7000000000000011
"outage, fallback to local rules",19,5400.0,2,0.9500000000000011
"outage, fallback to local rules",19,5520.0,2,0.20000000000000107
"outage, fallback to local rules",19,5640.0,2,1.950000000000001
"outage, fallback to local rules",19,5760.0,2,1.200000000000001
"outage, fallback to local rules",19,5880.0,2,0.18000000000000113
"outage, fallback to local rules",19,6000.0,3,0.20000000000000107
"outage, fallback to local rules",19,6120.0,2,0.20000000000000107
"outage, fallback to local rules",19,6240.0,2,5.950000000000001
"outage, fallback to local rules",19,6360.0,2,0.20000000000000107
"outage, fallback to local rules",19,6480.0,3,3.900000000000001
"outage, fallback to local rules",19,6600.0,1,5.200000000000001
"outage, fallback to local rules",19,6720.0,2,4.450000000000001
"outage, fallback to local rules",19,6840.0,1,2.950000000000001
"outage, fallback to local rules",19,6960.0,3,0.20000000000000107
"outage, fallback to local rules",19,7080.0,2,0.18000000000000113
"outage, fallback to local rules",19,7200.0,2,0.45000000000000107
"outage, fallback to local rules",19,7320.0,2,3.000000000000001
"outage, fallback to local rules",19,7440.0,2,0.8333333333333345
"outage, fallback to local rules",19,7560.0,1,3.450000000000001
"outage, fallback to local rules",19,7680.0,2,2.450000000000001
"outage, fallback to local rules",19,7800.0,2,5.833333333333335
"outage, fallback to local rules",19,7920.0,3,0.18571428571428683
"outage, fail-safe stop",19,0.0,0,
"outage, fail-safe stop",19,120.0,0,0.10000000000000142
"outage, fail-safe stop",19,240.0,2,1.450000000000001
"outage, fail-safe stop",19,360.0,2,1.450000000000001
"outage, fail-safe stop",19,480.0,2,7.200000000000001
"outage, fail-safe stop",19,600.0,2,0.9500000000000011
"outage, fail-safe stop",19,720.0,2,4.200000000000001
"outage, fail-safe stop",19,840.0,2,3.700000000000001
"outage, fail-safe stop",19,960.0,2,3.700000000000001
"outage, fail-safe stop",19,1080.0,2,2.180000000000001
"outage, fail-safe stop",19,1200.0,3,0.20000000000000107
"outage, fail-safe stop",19,1320.0,2,5.020000000000001
"outage, fail-safe stop",19,1440.0,2,0.20000000000000107
"outage, fail-safe stop",19,1560.0,2,0.20000000000000107
"outage, fail-safe stop",19,1680.0,1,3.700000000000001
"outage, fail-safe stop",19,1800.0,2,0.15000000000000124
"outage, fail-safe stop",19,1920.0,3,3.820000000000001
"outage, fail-safe stop",19,2040.0,2,0.5666666666666677
"outage, fail-safe stop",19,2160.0,1,1.950000000000001
"outage, fail-safe stop",19,2280.0,3,0.20000000000000107
"outage, fail-safe stop",19,2400.0,1,0.20000000000000107
"outage, fail-safe stop",19,2520.0,2,3.700000000000001
"outage, fail-safe stop",19,2640.0,2,0.20000000000000107
"outage, fail-safe stop",19,2760.0,1,
"outage, fail-safe stop",19,2880.0,0,
"outage, fail-safe stop",19,3000.0,0,
"outage, fail-safe stop",19,3120.0,0,
"outage, fail-safe stop",19,3240.0,0,581.1
"outage, fail-safe stop",19,3360.0,1,565.4428571428572
"outage, fail-safe stop",19,3480.0,4,0.3000000000000007
"outage, fail-safe stop",19,3600.0,1,4.020000000000001
"outage, fail-safe stop",19,3720.0,2,1.450000000000001
"outage, fail-safe stop",19,3840.0,2,0.20000000000000107
"outage, fail-safe stop",19,3960.0,2,1.700000000000001
"outage, fail-safe stop",19,4080.0,2,0.45000000000000107
"outage, fail-safe stop",19,4200.0,1,4.450000000000001
"outage, fail-safe stop",19,4320.0,2,0.20000000000000107
"outage, fail-safe stop",19,4440.0,3,5.200000000000001
"outage, fail-safe stop",19,4560.0,1,6.450000000000001
"outage, fail-safe stop",19,4680.0,2,8.700000000000001
"outage, fail-safe stop",19,4800.0,2,4.450000000000001
"outage, fail-safe stop",19,4920.0,2,5.833333333333335
"outage, fail-safe stop",19,5040.0,2,3.950000000000001
"outage, fail-safe stop",19,5160.0,2,0.20000000000000107
"outage, fail-safe stop",19,5280.0,2,0.20000000000000107
"outage, fail-safe stop",19,5400.0,2,0.23333333333333428
"outage, fail-safe stop",19,5520.0,2,3.700000000000001
"outage, fail-safe stop",19,5640.0,1,0.18000000000000113
"outage, fail-safe stop",19,5760.0,3,1.450000000000001
"outage, fail-safe stop",19,5880.0,2,5.700000000000001
"outage, fail-safe stop",19,6000.0,2,4.200000000000001
"outage, fail-safe stop",19,6120.0,3,2.950000000000001
"outage, fail-safe stop",19,6240.0,1,1.420000000000001
"outage, fail-safe stop",19,6360.0,2,0.20000000000000107
"outage, fail-safe stop",19,6480.0,2,4.200000000000001
"outage, fail-safe stop",19,6600.0,2,3.3800000000000012
"outage, fail-safe stop",19,6720.0,3,0.23333333333333428
"outage, fail-safe stop",19,6840.0,1,0.9500000000000011
"outage, fail-safe stop",19,6960.0,2,2.450000000000001
"outage, fail-safe stop",19,7080.0,3,0.20000000000000107
"outage, fail-safe stop",19,7200.0,1,0.5800000000000012
"outage, fail-safe stop",19,7320.0,3,0.23333333333333428
"outage, fail-safe stop",19,7440.0,2,0.8333333333333345
"outage, fail-safe stop",19,7560.0,2,0.9000000000000009
"outage, fail-safe stop",19,7680.0,1,2.580000000000001
"outage, fail-safe stop",19,7800.0,3,0.220000000000001
"outage, fail-safe stop",19,7920.0,2,2.3666666666666676
no outage,20,0.0,0,
no outage,20,120.0,0,0.10000000000000142
no outage,20,240.0,2,2.8333333333333344
no outage,20,360.0,2,2.950000000000001
no outage,20,480.0,2,0.7000000000000011
no outage,20,600.0,2,2.5666666666666678
no outage,20,720.0,2,4.566666666666667
no outage,20,840.0,1,0.5000000000000012
no outage,20,960.0,1,0.9800000000000011
no outage,20,1080.0,3,3.2333333333333343
no outage,20,1200.0,1,0.45000000000000107
no outage,20,1320.0,2,3.5000000000000013
no outage,20,1440.0,4,0.23333333333333428
no outage,20,1560.0,2,3.5666666666666678
no outage,20,1680.0,1,12.180000000000001
no outage,20,1800.0,2,0.20000000000000107
no outage,20,1920.0,2,0.7000000000000011
no outage,20,2040.0,2,1.950000000000001
no outage,20,2160.0,2,5.380000000000001
no outage,20,2280.0,3,4.420000000000001
no outage,20,2400.0,2,2.700000000000001
no outage,20,2520.0,2,1.2333333333333343
no outage,20,2640.0,1,0.16666666666666785
no outage,20,2760.0,2,0.20000000000000107
no outage,20,2880.0,2,0.220000000000001
no outage,20,3000.0,2,0.20000000000000107
no outage,20,3120.0,2,8.166666666666668
no outage,20,3240.0,2,2.020000000000001
no outage,20,3360.0,2,0.20000000000000107
no outage,20,3480.0,2,5.450000000000001
no outage,20,3600.0,2,0.20000000000000107
no outage,20,3720.0,2,0.16666666666666785
no outage,20,3840.0,2,0.20000000000000107
no outage,20,3960.0,2,0.9500000000000011
no outage,20,4080.0,2,1.200000000000001
no outage,20,4200.0,2,0.20000000000000107
no outage,20,4320.0,2,4.200000000000001
no outage,20,4440.0,2,0.20000000000000107
no outage,20,4560.0,2,3.2333333333333343
no outage,20,4680.0,1,1.450000000000001
no outage,20,4800.0,2,6.450000000000001
no outage,20,4920.0,2,0.18000000000000113
no outage,20,5040.0,3,0.23333333333333428
no outage,20,5160.0,1,1.3800000000000012
no outage,20,5280.0,3,1.700000000000001
no outage,20,5400.0,2,0.220000000000001
no outage,20,5520.0,2,0.45000000000000107
no outage,20,5640.0,2,0.16666666666666785
no outage,20,5760.0,2,0.9000000000000009
no outage,20,5880.0,2,0.5800000000000012
no outage,20,6000.0,2,0.9500000000000011
no outage,20,6120.0,2,2.3666666666666676
no outage,20,6240.0,3,0.20000000000000107
no outage,20,6360.0,1,4.450000000000001
no outage,20,6480.0,2,5.200000000000001
no outage,20,6600.0,2,7.900000000000001
no outage,20,6720.0,2,10.450000000000001
no outage,20,6840.0,1,9.450000000000001
no outage,20,6960.0,3,0.20000000000000107
no outage,20,7080.0,2,1.700000000000001
no outage,20,7200.0,2,5.200000000000001
no outage,20,7320.0,1,3.450000000000001
no outage,20,7440.0,3,0.9500000000000011
no outage,20,7560.0,1,7.700000000000001
no outage,20,7680.0,2,0.20000000000000107
no outage,20,7800.0,2,4.450000000000001
no outage,20,7920.0,4,2.042857142857144
"outage, fallback to local rules",20,0.0,0,
"outage, fallback to local rules",20,120.0,0,0.10000000000000142
"outage, fallback to local rules",20,240.0,2,2.8333333333333344
"outage, fallback to local rules",20,360.0,2,2.950000000000001
"outage, fallback to local rules",20,480.0,2,0.7000000000000011
"outage, fallback to local rules",20,600.0,2,2.5666666666666678
"outage, fallback to local rules",20,720.0,2,4.566666666666667
"outage, fallback to local rules",20,840.0,1,0.5000000000000012
"outage, fallback to local rules",20,960.0,1,0.9800000000000011
"outage, fallback to local rules",20,1080.0,3,3.2333333333333343
"outage, fallback to local rules",20,1200.0,1,0.45000000000000107
"outage, fallback to local rules",20,1320.0,2,3.5000000000000013
"outage, fallback to local rules",20,1440.0,4,0.23333333333333428
"outage, fallback to local rules",20,1560.0,2,3.5666666666666678
"outage, fallback to local rules",20,1680.0,1,12.180000000000001
"outage, fallback to local rules",20,1800.0,2,0.20000000000000107
"outage, fallback to local rules",20,1920.0,2,0.7000000000000011
"outage, fallback to local rules",20,2040.0,2,1.950000000000001
"outage, fallback to local rules",20,2160.0,2,5.380000000000001
"outage, fallback to local rules",20,2280.0,3,4.420000000000001
"outage, fallback to local rules",20,2400.0,2,2.700000000000001
"outage, fallback to local rules",20,2520.0,2,1.2333333333333343
"outage, fallback to local rules",20,2640.0,1,3.8333333333333344
"outage, fallback to local rules",20,2760.0,2,14.200000000000001
"outage, fallback to local rules",20,2880.0,2,16.700000000000003
"outage, fallback to local rules",20,3000.0,2,15.700000000000001
"outage, fallback to local rules",20,3120.0,2,17.450000000000003
"outage, fallback to local rules",20,3240.0,2,13.450000000000001
"outage, fallback to local rules",20,3360.0,2,4.020000000000001
"outage, fallback to local rules",20,3480.0,2,5.450000000000001
"outage, fallback to local rules",20,3600.0,2,0.20000000000000107
"outage, fallback to local rules",20,3720.0,2,0.16666666666666785
"outage, fallback to local rules",20,3840.0,2,0.20000000000000107
"outage, fallback to local rules",20,3960.0,2,0.9500000000000011
"outage, fallback to local rules",20,4080.0,2,1.200000000000001
"outage, fallback to local rules",20,4200.0,2,0.20000000000000107
"outage, fallback to local rules",20,4320.0,2,4.450000000000001
"outage, fallback to local rules",20,4440.0,2,0.20000000000000107
"outage, fallback to local rules",20,4560.0,2,3.2333333333333343
"outage, fallback to local rules",20,4680.0,1,1.450000000000001
"outage, fallback to local rules",20,4800.0,2,6.450000000000001
"outage, fallback to local rules",20,4920.0,2,0.18000000000000113
"outage, fallback to local rules",20,5040.0,3,0.23333333333333428
"outage, fallback to local rules",20,5160.0,1,2.3800000000000012
"outage, fallback to local rules",20,5280.0,3,0.9500000000000011
"outage, fallback to local rules",20,5400.0,2,0.220000000000001
"outage, fallback to local rules",20,5520.0,2,0.45000000000000107
"outage, fallback to local rules",20,5640.0,2,0.16666666666666785
"outage, fallback to local rules",20,5760.0,2,0.9000000000000009
"outage, fallback to local rules",20,5880.0,2,0.7800000000000011
"outage, fallback to local rules",20,6000.0,2,0.9500000000000011
"outage, fallback to local rules",20,6120.0,2,2.0333333333333345
"outage, fallback to local rules",20,6240.0,3,0.20000000000000107
"outage, fallback to local rules",20,6360.0,1,4.450000000000001
"outage, fallback to local rules",20,6480.0,2,5.200000000000001
"outage, fallback to local rules",20,6600.0,2,7.900000000000001
"outage, fallback to local rules",20,6720.0,3,8.950000000000001
"outage, fallback to local rules",20,6840.0,0,9.700000000000001
"outage, fallback to local rules",20,6960.0,3,0.20000000000000107
"outage, fallback to local rules",20,7080.0,2,1.700000000000001
"outage, fallback to local rules",20,7200.0,2,5.200000000000001
"outage, fallback to local rules",20,7320.0,1,3.450000000000001
"outage, fallback to local rules",20,7440.0,3,0.9500000000000011
"outage, fallback to local rules",20,7560.0,1,7.200000000000001
"outage, fallback to local rules",20,7680.0,2,0.20000000000000107
"outage, fallback to local rules",20,7800.0,2,4.450000000000001
"outage, fallback to local rules",20,7920.0,4,2.185714285714287
"outage, fail-safe stop",20,0.0,0,
"outage, fail-safe stop",20,120.0,0,0.10000000000000142
"outage, fail-safe stop",20,240.0,2,2.8333333333333344
"outage, fail-safe stop",20,360.0,2,2.950000000000001
"outage, fail-safe stop",20,480.0,2,0.7000000000000011
"outage, fail-safe stop",20,600.0,2,2.5666666666666678
"outage, fail-safe stop",20,720.0,2,4.566666666666667
"outage, fail-safe stop",20,840.0,1,0.5000000000000012
"outage, fail-safe stop",20,960.0,1,0.9800000000000011
"outage, fail-safe stop",20,1080.0,3,3.2333333333333343
"outage, fail-safe stop",20,1200.0,1,0.45000000000000107
"outage, fail-safe stop",20,1320.0,2,3.5000000000000013
"outage, fail-safe stop",20,1440.0,4,0.23333333333333428
"outage, fail-safe stop",20,1560.0,2,3.5666666666666678
"outage, fail-safe stop",20,1680.0,1,12.180000000000001
"outage, fail-safe stop",20,1800.0,2,0.20000000000000107
"outage, fail-safe stop",20,1920.0,2,0.7000000000000011
"outage, fail-safe stop",20,2040.0,2,1.950000000000001
"outage, fail-safe stop",20,2160.0,2,5.380000000000001
"outage, fail-safe stop",20,2280.0,3,4.420000000000001
"outage, fail-safe stop",20,2400.0,2,2.700000000000001
"outage, fail-safe stop",20,2520.0,2,1.2333333333333343
"outage, fail-safe stop",20,2640.0,1,0.20000000000000107
"outage, fail-safe stop",20,2760.0,1,
"outage, fail-safe stop",20,2880.0,0,
"outage, fail-safe stop",20,3000.0,0,
"outage, fail-safe stop",20,3120.0,0,
"outage, fail-safe stop",20,3240.0,0,617.1
"outage, fail-safe stop",20,3360.0,1,534.1571428571428
"outage, fail-safe stop",20,3480.0,4,0.3000000000000007
"outage, fail-safe stop",20,3600.0,1,1.420000000000001
"outage, fail-safe stop",20,3720.0,2,0.45000000000000107
"outage, fail-safe stop",20,3840.0,2,1.950000000000001
"outage, fail-safe stop",20,3960.0,2,0.20000000000000107
"outage, fail-safe stop",20,4080.0,2,4.200000000000001
"outage, fail-safe stop",20,4200.0,2,10.700000000000001
"outage, fail-safe stop",20,4320.0,2,4.450000000000001
"outage, fail-safe stop",20,4440.0,2,1.950000000000001
"outage, fail-safe stop",20,4560.0,2,0.16666666666666785
"outage, fail-safe stop",20,4680.0,2,0.220000000000001
"outage, fail-safe stop",20,4800.0,2,16.450000000000003
"outage, fail-safe stop",20,4920.0,2,2.8333333333333344
"outage, fail-safe stop",20,5040.0,2,2.020000000000001
"outage, fail-safe stop",20,5160.0,2,1.450000000000001
"outage, fail-safe stop",20,5280.0,2,0.20000000000000107
"outage, fail-safe stop",20,5400.0,2,0.9800000000000011
"outage, fail-safe stop",20,5520.0,2,0.20000000000000107
"outage, fail-safe stop",20,5640.0,2,0.7000000000000011
"outage, fail-safe stop",20,5760.0,2,1.7800000000000011
"outage, fail-safe stop",20,5880.0,3,0.23333333333333428
"outage, fail-safe stop",20,6000.0,1,0.20000000000000107
"outage, fail-safe stop",20,6120.0,2,4.700000000000001
"outage, fail-safe stop",20,6240.0,3,0.7000000000000011
"outage, fail-safe stop",20,6360.0,1,4.700000000000001
"outage, fail-safe stop",20,6480.0,3,5.980000000000001
"outage, fail-safe stop",20,6600.0,2,3.2333333333333343
"outage, fail-safe stop",20,6720.0,2,4.200000000000001
"outage, fail-safe stop",20,6840.0,1,2.820000000000001
"outage, fail-safe stop",20,6960.0,2,1.700000000000001
"outage, fail-safe stop",20,7080.0,2,2.950000000000001
"outage, fail-safe stop",20,7200.0,2,1.950000000000001
"outage, fail-safe stop",20,7320.0,2,0.23333333333333428
"outage, fail-safe stop",20,7440.0,2,0.15000000000000124
"outage, fail-safe stop",20,7560.0,2,1.5666666666666675
"outage, fail-safe stop",20,7680.0,2,2.3800000000000012
"outage, fail-safe stop",20,7800.0,2,0.9500000000000011
"outage, fail-safe stop",20,7920.0,3,0.20000000000000107
